label	patch	sk	fl	no	cp	ig	I2	w0	w1	w2	idle	meanEngaged	shooterShare	I4gap	failed
A1 ri 12/9/7	phases=14-20-26|12-9-7|5:1/3:1/2:1	8	8	5	5		0.511	0.126	0.216	0.169	0	6.16	0.180		I2;I3;I8;I10
A1 ri 11/8/6	phases=14-20-26|11-8-6|5:1/3:1/2:1	8	4	1	1		0.638	0.168	0.255	0.215	0	8.02	0.184		I3;I8
A1 ri 10/8/6	phases=14-20-26|10-8-6|5:1/3:1/2:1	8	5	2	2		0.674	0.213	0.247	0.213	0	7.93	0.164		I3;I8
A1 ri 8/6/4	phases=14-20-26|8-6-4|5:1/3:1/2:1	3	0	0	0		1.082	0.318	0.500	0.264	0	15.21	0.181		skilled 8/8;I2;I2 windows
A1 ri 7/5/4	phases=14-20-26|7-5-4|5:1/3:1/2:1	0	0	0	0		1.249	0.415	0.768	0.066	0	20.57	0.175		skilled 8/8;I2;I2 windows
A1 ri 6/5/4	phases=14-20-26|6-5-4|5:1/3:1/2:1	0	0	0	0		1.236	0.521	0.687	0.028	0	25.35	0.177		skilled 8/8;I2;I2 windows
A2 cap 8/12/16	phases=8-12-16|9-7-5|5:1/3:1/2:1	7	2	0	0		0.857	0.258	0.353	0.246	0	10.36	0.177		skilled 8/8;I2;I8
A2 cap 10/16/22	phases=10-16-22|9-7-5|5:1/3:1/2:1	7	2	0	0		0.877	0.258	0.353	0.266	0	10.65	0.177		skilled 8/8;I2;I8
A2 cap 12/18/24	phases=12-18-24|9-7-5|5:1/3:1/2:1	7	2	0	0		0.882	0.258	0.353	0.271	0	10.73	0.176		skilled 8/8;I2;I8
A2 cap 16/22/28	phases=16-22-28|9-7-5|5:1/3:1/2:1	7	1	0	0		0.891	0.258	0.353	0.280	0	10.79	0.176		skilled 8/8;I2;I8
A2 cap 18/24/30	phases=18-24-30|9-7-5|5:1/3:1/2:1	7	1	0	0		0.894	0.258	0.353	0.283	0	10.83	0.174		skilled 8/8;I2;I8
A2 cap 20/28/36	phases=20-28-36|9-7-5|5:1/3:1/2:1	7	1	0	0		0.904	0.258	0.353	0.294	0	10.97	0.174		skilled 8/8;I2;I8
A3 engage 7	engageRadius=7 spawnRadius=10	3	2	0	0		1.057	0.316	0.351	0.389	0	9.89	0.153		skilled 8/8;I2;I8
A3 engage 8	engageRadius=8 spawnRadius=11	4	0	0	0		1.049	0.293	0.399	0.358	0	10.69	0.166		skilled 8/8;I2
A3 engage 9	engageRadius=9 spawnRadius=12	4	1	0	0		1.018	0.270	0.379	0.369	0	10.63	0.169		skilled 8/8;I2;I8
A3 engage 11	engageRadius=11 spawnRadius=14	8	0	0	0		0.843	0.247	0.318	0.277	0	11.68	0.200		I2
A3 engage 12	engageRadius=12 spawnRadius=15	8	3	1	2		0.866	0.227	0.335	0.304	0	12.42	0.191		I2;I3;I8
A3 engage 13	engageRadius=13 spawnRadius=16	7	3	2	2		0.806	0.220	0.300	0.286	0	13.47	0.208		skilled 8/8;I2;I3;I8
A4 spawn 12	spawnRadius=12	4	1	0	0		1.038	0.270	0.379	0.389	0	10.72	0.169		skilled 8/8;I2;I8
A4 spawn 14	spawnRadius=14	8	0	0	0		0.851	0.247	0.318	0.286	0	11.79	0.201		I2
A4 spawn 15	spawnRadius=15	7	2	1	2		0.894	0.227	0.335	0.332	0	12.75	0.192		skilled 8/8;I2;I3;I8
A4 spawn 16	spawnRadius=16	7	3	2	2		0.823	0.220	0.300	0.303	0	13.74	0.205		skilled 8/8;I2;I3;I8
A4 spawn 18	spawnRadius=18	6	3	2	2		0.877	0.202	0.332	0.343	0	15.44	0.188		skilled 8/8;I2;I3;I8
A5 mix 8:1/5:1/3:1	phases=14-20-26|9-7-5|8:1/5:1/3:1	6	1	0	0		1.013	0.244	0.401	0.367	0	10.80	0.111		skilled 8/8;I2;I8
A5 mix 3:1/2:1/3:2	phases=14-20-26|9-7-5|3:1/2:1/3:2	5	1	0	0		0.910	0.255	0.335	0.320	0	11.52	0.251		skilled 8/8;I2;I8
A5 mix 2:1/3:2/1:1	phases=14-20-26|9-7-5|2:1/3:2/1:1	8	2	0	1		0.841	0.243	0.308	0.290	0	11.84	0.304		I2;I8
A5 mix 1:1/1:1/1:1	phases=14-20-26|9-7-5|1:1/1:1/1:1	8	1	1	1		0.727	0.207	0.291	0.229	0	11.79	0.390		I3;I8
A6 abscap 45	absoluteEnemyCap=45	7	1	0	0		0.886	0.258	0.353	0.276	0	10.74	0.175		skilled 8/8;I2;I8
A6 abscap 50	absoluteEnemyCap=50	7	1	0	0		0.888	0.258	0.353	0.277	0	10.76	0.176		skilled 8/8;I2;I8
A6 abscap 70	absoluteEnemyCap=70	7	1	0	0		0.888	0.258	0.353	0.277	0	10.76	0.176		skilled 8/8;I2;I8
A6 abscap 80	absoluteEnemyCap=80	7	1	0	0		0.888	0.258	0.353	0.277	0	10.76	0.176		skilled 8/8;I2;I8
A6 abscap 100	absoluteEnemyCap=100	7	1	0	0		0.888	0.258	0.353	0.277	0	10.76	0.176		skilled 8/8;I2;I8
A7 backlog 8/1	backlogSize=8 backlogDrainPerTick=1	7	1	0	0		0.888	0.258	0.353	0.277	0	10.76	0.176		skilled 8/8;I2;I8
A7 backlog 8/2	backlogSize=8 backlogDrainPerTick=2	7	1	0	0		0.888	0.258	0.353	0.277	0	10.76	0.176		skilled 8/8;I2;I8
A7 backlog 16/2	backlogSize=16 backlogDrainPerTick=2	7	1	0	0		0.888	0.258	0.353	0.277	0	10.76	0.176		skilled 8/8;I2;I8
A7 backlog 16/3	backlogSize=16 backlogDrainPerTick=3	7	1	0	0		0.888	0.258	0.353	0.277	0	10.76	0.176		skilled 8/8;I2;I8
A7 backlog 20/4	backlogSize=20 backlogDrainPerTick=4	7	1	0	0		0.888	0.258	0.353	0.277	0	10.76	0.176		skilled 8/8;I2;I8
A8 leash 7	leashRadius=7	8	6	7	7		0.519	0.115	0.189	0.215	0	9.75	0.237		I2;I3;I8;I10
A8 leash 8	leashRadius=8	8	2	2	2		0.684	0.165	0.244	0.275	0	10.29	0.207		I3;I8
A8 leash 9	leashRadius=9	7	2	1	1		0.850	0.216	0.298	0.336	0	10.76	0.193		skilled 8/8;I2;I3;I8
A8 leash 11	leashRadius=11	5	1	0	0		0.961	0.274	0.354	0.332	0	10.72	0.161		skilled 8/8;I2;I8
A8 leash 12	leashRadius=12	5	1	0	0		0.989	0.319	0.399	0.271	0	11.45	0.162		skilled 8/8;I2;I8
B0 engage11/spawn14 (base)	engageRadius=11 spawnRadius=14	8	0	0	0		0.843	0.247	0.318	0.277	0	11.68	0.200		I2
B1 meleeHp 0.8	engageRadius=11 spawnRadius=14 meleeHp=0.8	8	7	4	6		0.523	0.143	0.198	0.182	0	8.43	0.228		I2;I3;I8;I10
B1 meleeHp 0.85	engageRadius=11 spawnRadius=14 meleeHp=0.85	8	3	2	2		0.619	0.187	0.234	0.198	0	9.22	0.212		I3;I8
B1 meleeHp 0.9	engageRadius=11 spawnRadius=14 meleeHp=0.9	8	4	2	2		0.674	0.188	0.246	0.240	0	9.21	0.205		I3;I8
B1 meleeHp 0.95	engageRadius=11 spawnRadius=14 meleeHp=0.95	8	4	1	1		0.680	0.204	0.273	0.203	0	9.56	0.203		I3;I8
B1 meleeHp 1.05	engageRadius=11 spawnRadius=14 meleeHp=1.05	7	2	1	1		0.905	0.248	0.339	0.318	0	11.48	0.177		skilled 8/8;I2;I3;I8
B1 meleeHp 1.1	engageRadius=11 spawnRadius=14 meleeHp=1.1	4	0	0	0		1.064	0.298	0.383	0.383	0	13.57	0.162		skilled 8/8;I2
B2 meleeSpeed 0.13	engageRadius=11 spawnRadius=14 meleeMoveSpeed=0.13	7	1	1	2		0.796	0.213	0.303	0.280	0	12.08	0.210		skilled 8/8;I3;I8
B2 meleeSpeed 0.135	engageRadius=11 spawnRadius=14 meleeMoveSpeed=0.135	6	2	0	1		0.901	0.243	0.328	0.330	0	12.18	0.198		skilled 8/8;I2;I8
B2 meleeSpeed 0.145	engageRadius=11 spawnRadius=14 meleeMoveSpeed=0.145	5	1	0	0		0.965	0.263	0.362	0.340	0	11.86	0.167		skilled 8/8;I2;I8
B2 meleeSpeed 0.15	engageRadius=11 spawnRadius=14 meleeMoveSpeed=0.15	3	0	0	0		1.039	0.280	0.398	0.361	0	12.17	0.167		skilled 8/8;I2
B2 meleeSpeed 0.16	engageRadius=11 spawnRadius=14 meleeMoveSpeed=0.16	5	0	1	1		1.010	0.290	0.387	0.333	0	11.33	0.156		skilled 8/8;I2;I3
B2 meleeSpeed 0.17	engageRadius=11 spawnRadius=14 meleeMoveSpeed=0.17	3	0	0	0		1.086	0.321	0.398	0.367	0	11.24	0.157		skilled 8/8;I2
B3 meleeDmg 0.035	engageRadius=11 spawnRadius=14 meleeDamage=0.035	8	4	2	2		0.640	0.200	0.259	0.181	0	11.12	0.237		I3;I8
B3 meleeDmg 0.04	engageRadius=11 spawnRadius=14 meleeDamage=0.04	7	3	1	2		0.811	0.224	0.302	0.285	0	11.57	0.196		skilled 8/8;I2;I3;I8
B3 meleeDmg 0.042	engageRadius=11 spawnRadius=14 meleeDamage=0.042	7	2	1	2		0.847	0.233	0.302	0.312	0	11.76	0.198		skilled 8/8;I2;I3;I8
B3 meleeDmg 0.048	engageRadius=11 spawnRadius=14 meleeDamage=0.048	6	1	0	0		0.933	0.261	0.324	0.347	0	11.99	0.186		skilled 8/8;I2;I8
B3 meleeDmg 0.05	engageRadius=11 spawnRadius=14 meleeDamage=0.05	6	1	0	0		0.951	0.271	0.349	0.331	0	12.06	0.173		skilled 8/8;I2;I8
B4 meleeInt 12	engageRadius=11 spawnRadius=14 meleeAttackInterval=12	5	0	0	0		1.040	0.289	0.374	0.377	0	11.93	0.164		skilled 8/8;I2
B4 meleeInt 13	engageRadius=11 spawnRadius=14 meleeAttackInterval=13	3	0	0	0		1.009	0.275	0.350	0.384	0	12.22	0.159		skilled 8/8;I2
B4 meleeInt 17	engageRadius=11 spawnRadius=14 meleeAttackInterval=17	7	3	2	2		0.829	0.229	0.300	0.301	0	11.70	0.204		skilled 8/8;I2;I3;I8
B4 meleeInt 18	engageRadius=11 spawnRadius=14 meleeAttackInterval=18	8	3	2	2		0.743	0.221	0.287	0.234	0	11.47	0.214		I3;I8
B4 meleeInt 20	engageRadius=11 spawnRadius=14 meleeAttackInterval=20	7	3	2	2		0.725	0.208	0.272	0.245	0	11.89	0.238		skilled 8/8;I3;I8
B5 shooterHp 0.6	engageRadius=11 spawnRadius=14 shooterHp=0.6	8	3	2	2		0.801	0.220	0.299	0.281	0	10.47	0.190		I2;I3;I8
B5 shooterHp 0.7	engageRadius=11 spawnRadius=14 shooterHp=0.7	6	2	0	1		0.922	0.248	0.350	0.325	0	11.69	0.177		skilled 8/8;I2;I8
B5 shooterHp 0.9	engageRadius=11 spawnRadius=14 shooterHp=0.9	5	2	1	1		0.968	0.260	0.343	0.365	0	12.92	0.209		skilled 8/8;I2;I3;I8
B5 shooterHp 1	engageRadius=11 spawnRadius=14 shooterHp=1	6	0	0	0		0.986	0.246	0.397	0.343	0	13.27	0.205		skilled 8/8;I2
B6 shooterDmg 0.025	engageRadius=11 spawnRadius=14 shooterDamage=0.025	7	3	1	2		0.831	0.237	0.313	0.280	0	11.54	0.142		skilled 8/8;I2;I3;I8
B6 shooterDmg 0.03	engageRadius=11 spawnRadius=14 shooterDamage=0.03	6	3	0	0		0.876	0.242	0.321	0.312	0	11.90	0.172		skilled 8/8;I2;I8
B6 shooterDmg 0.04	engageRadius=11 spawnRadius=14 shooterDamage=0.04	6	1	0	0		0.882	0.252	0.319	0.310	0	11.78	0.216		skilled 8/8;I2;I8
B6 shooterDmg 0.045	engageRadius=11 spawnRadius=14 shooterDamage=0.045	6	0	0	0		0.927	0.257	0.334	0.336	0	11.87	0.237		skilled 8/8;I2
B7 shooterInt 24	engageRadius=11 spawnRadius=14 shooterAttackInterval=24	6	0	0	0		0.911	0.251	0.319	0.341	0	12.05	0.214		skilled 8/8;I2
B7 shooterInt 26	engageRadius=11 spawnRadius=14 shooterAttackInterval=26	7	1	0	0		0.873	0.249	0.322	0.302	0	11.78	0.204		skilled 8/8;I2;I8
B7 shooterInt 34	engageRadius=11 spawnRadius=14 shooterAttackInterval=34	7	2	0	0		0.841	0.245	0.316	0.279	0	11.80	0.189		skilled 8/8;I2;I8
B7 shooterInt 38	engageRadius=11 spawnRadius=14 shooterAttackInterval=38	7	3	0	0		0.847	0.243	0.317	0.287	0	11.65	0.172		skilled 8/8;I2;I8
B8 shooterRange 3.5	engageRadius=11 spawnRadius=14 shooterRange=3.5	6	1	2	2		0.875	0.244	0.327	0.304	0	11.76	0.169		skilled 8/8;I2;I3;I8
B8 shooterRange 4	engageRadius=11 spawnRadius=14 shooterRange=4	6	2	1	1		0.890	0.246	0.341	0.302	0	11.29	0.176		skilled 8/8;I2;I3;I8
B8 shooterRange 4.2	engageRadius=11 spawnRadius=14 shooterRange=4.2	8	2	1	1		0.844	0.237	0.330	0.277	0	11.40	0.185		I2;I3;I8
B8 shooterRange 4.7	engageRadius=11 spawnRadius=14 shooterRange=4.7	8	3	0	0		0.876	0.252	0.353	0.271	0	12.11	0.196		I2;I8
B8 shooterRange 4.9	engageRadius=11 spawnRadius=14 shooterRange=4.9	6	3	0	0		0.837	0.238	0.326	0.274	0	11.26	0.193		skilled 8/8;I2;I8
B9 eliteHp 18	engageRadius=11 spawnRadius=14 eliteHp=18	8	2	0	0		0.765	0.247	0.318	0.200	0	11.18	0.198		I8
B9 eliteHp 20	engageRadius=11 spawnRadius=14 eliteHp=20	8	1	0	0		0.801	0.247	0.318	0.236	0	11.41	0.200		I2;I8
B9 eliteHp 24	engageRadius=11 spawnRadius=14 eliteHp=24	7	0	0	0		0.903	0.247	0.318	0.338	0	12.04	0.198		skilled 8/8;I2
B9 eliteHp 26	engageRadius=11 spawnRadius=14 eliteHp=26	5	0	0	0		0.949	0.247	0.318	0.384	0	12.28	0.198		skilled 8/8;I2
B9 eliteHp 30	engageRadius=11 spawnRadius=14 eliteHp=30	3	0	0	0		1.019	0.247	0.318	0.453	0	12.64	0.194		skilled 8/8;I2;I2 windows
B10 eliteDmg 0.3	engageRadius=11 spawnRadius=14 eliteDamage=0.3	8	0	0	0		0.840	0.247	0.318	0.275	0	11.67	0.201		I2
B10 eliteDmg 0.35	engageRadius=11 spawnRadius=14 eliteDamage=0.35	8	0	0	0		0.842	0.247	0.318	0.277	0	11.68	0.200		I2
B10 eliteDmg 0.45	engageRadius=11 spawnRadius=14 eliteDamage=0.45	8	0	0	0		0.843	0.247	0.318	0.278	0	11.68	0.200		I2
B10 eliteDmg 0.5	engageRadius=11 spawnRadius=14 eliteDamage=0.5	8	0	0	0		0.844	0.247	0.318	0.279	0	11.69	0.200		I2
B11 eliteApproach 3.5	engageRadius=11 spawnRadius=14 eliteApproachRange=3.5	8	1	0	0		0.855	0.247	0.318	0.290	0	11.74	0.203		I2;I8
B11 eliteApproach 4	engageRadius=11 spawnRadius=14 eliteApproachRange=4	8	1	0	0		0.853	0.247	0.318	0.288	0	11.72	0.202		I2;I8
B11 eliteApproach 4.9	engageRadius=11 spawnRadius=14 eliteApproachRange=4.9	8	1	0	0		0.858	0.247	0.318	0.293	0	11.77	0.200		I2;I8
B12 shooterSpeed 0.05	engageRadius=11 spawnRadius=14 shooterMoveSpeed=0.05	7	3	0	0		0.866	0.236	0.315	0.315	0	11.77	0.194		skilled 8/8;I2;I8
B12 shooterSpeed 0.055	engageRadius=11 spawnRadius=14 shooterMoveSpeed=0.055	7	3	1	1		0.875	0.234	0.328	0.313	0	11.00	0.176		skilled 8/8;I2;I3;I8
B12 shooterSpeed 0.07	engageRadius=11 spawnRadius=14 shooterMoveSpeed=0.07	4	1	1	2		0.968	0.250	0.340	0.377	0	11.44	0.199		skilled 8/8;I2;I3;I8
B12 shooterSpeed 0.08	engageRadius=11 spawnRadius=14 shooterMoveSpeed=0.08	6	0	0	0		0.913	0.239	0.358	0.315	0	11.32	0.213		skilled 8/8;I2
B13 ri 10/8/6	engageRadius=11 spawnRadius=14 phases=14-20-26|10-8-6|5:1/3:1/2:1	8	3	2	2		0.626	0.198	0.244	0.185	0	8.31	0.176		I3;I8
B13 ri 10/7/5	engageRadius=11 spawnRadius=14 phases=14-20-26|10-7-5|5:1/3:1/2:1	6	2	0	0		0.807	0.198	0.337	0.272	0	10.77	0.188		skilled 8/8;I2;I8
B13 ri 8/7/5	engageRadius=11 spawnRadius=14 phases=14-20-26|8-7-5|5:1/3:1/2:1	6	0	0	0		0.938	0.308	0.353	0.277	0	12.56	0.179		skilled 8/8;I2
B13 ri 9/8/6	engageRadius=11 spawnRadius=14 phases=14-20-26|9-8-6|5:1/3:1/2:1	8	2	2	2		0.674	0.247	0.214	0.213	0	9.14	0.182		I3;I8
C e10/s13 eh20 md0.04 mi15	engageRadius=10 spawnRadius=13 eliteHp=20 meleeDamage=0.04 meleeAttackInterval=15	8	4	1	1		0.746	0.233	0.298	0.215	0	10.34	0.187		I3;I8
C e10/s13 eh20 md0.04 mi16	engageRadius=10 spawnRadius=13 eliteHp=20 meleeDamage=0.04 meleeAttackInterval=16	7	4	1	1		0.750	0.222	0.283	0.244	0	10.37	0.199		skilled 8/8;I3;I8
C e10/s13 eh20 md0.04 mi17	engageRadius=10 spawnRadius=13 eliteHp=20 meleeDamage=0.04 meleeAttackInterval=17	7	3	1	2		0.701	0.215	0.266	0.220	0	10.35	0.204		skilled 8/8;I3;I8
C e10/s13 eh20 md0.0425 mi15	engageRadius=10 spawnRadius=13 eliteHp=20 meleeDamage=0.0425 meleeAttackInterval=15	7	2	1	0		0.854	0.246	0.324	0.285	0	10.81	0.175		skilled 8/8;I2;I3;I8
C e10/s13 eh20 md0.0425 mi16	engageRadius=10 spawnRadius=13 eliteHp=20 meleeDamage=0.0425 meleeAttackInterval=16	8	3	1	1		0.766	0.234	0.298	0.234	0	10.36	0.188		I3;I8
C e10/s13 eh20 md0.0425 mi17	engageRadius=10 spawnRadius=13 eliteHp=20 meleeDamage=0.0425 meleeAttackInterval=17	8	3	1	2		0.757	0.226	0.290	0.241	0	10.37	0.195		I3;I8
C e10/s13 eh20 md0.045 mi15	engageRadius=10 spawnRadius=13 eliteHp=20 meleeDamage=0.045 meleeAttackInterval=15	7	2	0	0		0.856	0.258	0.353	0.245	0	10.54	0.175		skilled 8/8;I2;I8
C e10/s13 eh20 md0.045 mi16	engageRadius=10 spawnRadius=13 eliteHp=20 meleeDamage=0.045 meleeAttackInterval=16	7	2	0	0		0.829	0.246	0.324	0.260	0	10.64	0.181		skilled 8/8;I2;I8
C e10/s13 eh20 md0.045 mi17	engageRadius=10 spawnRadius=13 eliteHp=20 meleeDamage=0.045 meleeAttackInterval=17	7	2	1	1		0.811	0.238	0.308	0.265	0	10.43	0.187		skilled 8/8;I2;I3;I8
C e10/s13 eh22 md0.04 mi15	engageRadius=10 spawnRadius=13 eliteHp=22 meleeDamage=0.04 meleeAttackInterval=15	8	3	1	1		0.787	0.233	0.298	0.255	0	10.62	0.187		I3;I8
C e10/s13 eh22 md0.04 mi16	engageRadius=10 spawnRadius=13 eliteHp=22 meleeDamage=0.04 meleeAttackInterval=16	7	2	1	1		0.775	0.222	0.283	0.270	0	10.57	0.199		skilled 8/8;I3;I8
C e10/s13 eh22 md0.04 mi17	engageRadius=10 spawnRadius=13 eliteHp=22 meleeDamage=0.04 meleeAttackInterval=17	7	3	1	1		0.721	0.215	0.266	0.241	0	10.54	0.205		skilled 8/8;I3;I8
C e10/s13 eh22 md0.0425 mi15	engageRadius=10 spawnRadius=13 eliteHp=22 meleeDamage=0.0425 meleeAttackInterval=15	6	2	0	0		0.900	0.246	0.324	0.331	0	11.12	0.175		skilled 8/8;I2;I8
C e10/s13 eh22 md0.0425 mi16	engageRadius=10 spawnRadius=13 eliteHp=22 meleeDamage=0.0425 meleeAttackInterval=16	7	3	1	1		0.814	0.234	0.298	0.282	0	10.67	0.189		skilled 8/8;I2;I3;I8
C e10/s13 eh22 md0.0425 mi17	engageRadius=10 spawnRadius=13 eliteHp=22 meleeDamage=0.0425 meleeAttackInterval=17	7	3	1	2		0.792	0.226	0.290	0.275	0	10.59	0.194		skilled 8/8;I3;I8
C e10/s13 eh22 md0.045 mi15	engageRadius=10 spawnRadius=13 eliteHp=22 meleeDamage=0.045 meleeAttackInterval=15	7	1	0	0		0.888	0.258	0.353	0.277	0	10.76	0.176		skilled 8/8;I2;I8
C e10/s13 eh22 md0.045 mi16	engageRadius=10 spawnRadius=13 eliteHp=22 meleeDamage=0.045 meleeAttackInterval=16	6	2	0	0		0.861	0.246	0.324	0.291	0	10.88	0.181		skilled 8/8;I2;I8
C e10/s13 eh22 md0.045 mi17	engageRadius=10 spawnRadius=13 eliteHp=22 meleeDamage=0.045 meleeAttackInterval=17	7	2	1	1		0.838	0.238	0.308	0.292	0	10.63	0.187		skilled 8/8;I2;I3;I8
C e10/s13 eh24 md0.04 mi15	engageRadius=10 spawnRadius=13 eliteHp=24 meleeDamage=0.04 meleeAttackInterval=15	7	2	0	0		0.815	0.233	0.298	0.283	0	10.85	0.189		skilled 8/8;I2;I8
C e10/s13 eh24 md0.04 mi16	engageRadius=10 spawnRadius=13 eliteHp=24 meleeDamage=0.04 meleeAttackInterval=16	7	2	1	1		0.809	0.222	0.283	0.303	0	10.79	0.199		skilled 8/8;I2;I3;I8
C e10/s13 eh24 md0.04 mi17	engageRadius=10 spawnRadius=13 eliteHp=24 meleeDamage=0.04 meleeAttackInterval=17	7	2	1	1		0.743	0.215	0.266	0.262	0	10.76	0.206		skilled 8/8;I3;I8
C e10/s13 eh24 md0.0425 mi15	engageRadius=10 spawnRadius=13 eliteHp=24 meleeDamage=0.0425 meleeAttackInterval=15	5	2	0	0		0.929	0.246	0.324	0.359	0	11.31	0.174		skilled 8/8;I2;I8
C e10/s13 eh24 md0.0425 mi16	engageRadius=10 spawnRadius=13 eliteHp=24 meleeDamage=0.0425 meleeAttackInterval=16	7	3	0	0		0.852	0.234	0.298	0.319	0	10.91	0.187		skilled 8/8;I2;I8
C e10/s13 eh24 md0.0425 mi17	engageRadius=10 spawnRadius=13 eliteHp=24 meleeDamage=0.0425 meleeAttackInterval=17	7	2	1	1		0.823	0.226	0.290	0.307	0	10.81	0.194		skilled 8/8;I2;I3;I8
C e10/s13 eh24 md0.045 mi15	engageRadius=10 spawnRadius=13 eliteHp=24 meleeDamage=0.045 meleeAttackInterval=15	7	1	0	0		0.928	0.258	0.353	0.317	0	10.98	0.176		skilled 8/8;I2;I8
C e10/s13 eh24 md0.045 mi16	engageRadius=10 spawnRadius=13 eliteHp=24 meleeDamage=0.045 meleeAttackInterval=16	6	2	0	0		0.880	0.246	0.324	0.310	0	11.02	0.182		skilled 8/8;I2;I8
C e10/s13 eh24 md0.045 mi17	engageRadius=10 spawnRadius=13 eliteHp=24 meleeDamage=0.045 meleeAttackInterval=17	6	2	0	1		0.881	0.238	0.308	0.335	0	10.88	0.186		skilled 8/8;I2;I8
C e11/s14 eh20 md0.04 mi15	engageRadius=11 spawnRadius=14 eliteHp=20 meleeDamage=0.04 meleeAttackInterval=15	7	3	2	2		0.773	0.224	0.302	0.247	0	11.34	0.195		skilled 8/8;I3;I8
C e11/s14 eh20 md0.04 mi16	engageRadius=11 spawnRadius=14 eliteHp=20 meleeDamage=0.04 meleeAttackInterval=16	7	4	2	2		0.725	0.215	0.292	0.219	0	11.41	0.222		skilled 8/8;I3;I8
C e11/s14 eh20 md0.04 mi17	engageRadius=11 spawnRadius=14 eliteHp=20 meleeDamage=0.04 meleeAttackInterval=17	8	4	2	2		0.700	0.207	0.279	0.213	0	11.42	0.224		I3;I8
C e11/s14 eh20 md0.0425 mi15	engageRadius=11 spawnRadius=14 eliteHp=20 meleeDamage=0.0425 meleeAttackInterval=15	8	3	1	1		0.798	0.235	0.316	0.246	0	11.48	0.210		I3;I8
C e11/s14 eh20 md0.0425 mi16	engageRadius=11 spawnRadius=14 eliteHp=20 meleeDamage=0.0425 meleeAttackInterval=16	8	4	2	2		0.736	0.226	0.300	0.210	0	11.19	0.206		I3;I8
C e11/s14 eh20 md0.0425 mi17	engageRadius=11 spawnRadius=14 eliteHp=20 meleeDamage=0.0425 meleeAttackInterval=17	7	3	2	2		0.739	0.218	0.295	0.226	0	11.38	0.205		skilled 8/8;I3;I8
C e11/s14 eh20 md0.045 mi15	engageRadius=11 spawnRadius=14 eliteHp=20 meleeDamage=0.045 meleeAttackInterval=15	8	1	0	0		0.801	0.247	0.318	0.236	0	11.41	0.200		I2;I8
C e11/s14 eh20 md0.045 mi16	engageRadius=11 spawnRadius=14 eliteHp=20 meleeDamage=0.045 meleeAttackInterval=16	8	2	0	1		0.761	0.237	0.301	0.223	0	11.19	0.200		I8
C e11/s14 eh20 md0.045 mi17	engageRadius=11 spawnRadius=14 eliteHp=20 meleeDamage=0.045 meleeAttackInterval=17	8	3	2	2		0.763	0.229	0.300	0.235	0	11.35	0.205		I3;I8
C e11/s14 eh22 md0.04 mi15	engageRadius=11 spawnRadius=14 eliteHp=22 meleeDamage=0.04 meleeAttackInterval=15	7	3	1	2		0.811	0.224	0.302	0.285	0	11.57	0.196		skilled 8/8;I2;I3;I8
C e11/s14 eh22 md0.04 mi16	engageRadius=11 spawnRadius=14 eliteHp=22 meleeDamage=0.04 meleeAttackInterval=16	7	3	2	2		0.755	0.215	0.292	0.249	0	11.62	0.222		skilled 8/8;I3;I8
C e11/s14 eh22 md0.04 mi17	engageRadius=11 spawnRadius=14 eliteHp=22 meleeDamage=0.04 meleeAttackInterval=17	8	3	2	2		0.739	0.207	0.279	0.252	0	11.71	0.226		I3;I8
C e11/s14 eh22 md0.0425 mi15	engageRadius=11 spawnRadius=14 eliteHp=22 meleeDamage=0.0425 meleeAttackInterval=15	8	2	1	1		0.854	0.235	0.316	0.302	0	11.81	0.211		I2;I3;I8
C e11/s14 eh22 md0.0425 mi16	engageRadius=11 spawnRadius=14 eliteHp=22 meleeDamage=0.0425 meleeAttackInterval=16	8	3	1	2		0.781	0.226	0.300	0.255	0	11.48	0.206		I3;I8
C e11/s14 eh22 md0.0425 mi17	engageRadius=11 spawnRadius=14 eliteHp=22 meleeDamage=0.0425 meleeAttackInterval=17	7	3	2	2		0.779	0.218	0.295	0.266	0	11.65	0.207		skilled 8/8;I3;I8
C e11/s14 eh22 md0.045 mi15	engageRadius=11 spawnRadius=14 eliteHp=22 meleeDamage=0.045 meleeAttackInterval=15	8	0	0	0		0.843	0.247	0.318	0.277	0	11.68	0.200		I2
C e11/s14 eh22 md0.045 mi16	engageRadius=11 spawnRadius=14 eliteHp=22 meleeDamage=0.045 meleeAttackInterval=16	8	2	0	1		0.806	0.237	0.301	0.268	0	11.47	0.202		I2;I8
C e11/s14 eh22 md0.045 mi17	engageRadius=11 spawnRadius=14 eliteHp=22 meleeDamage=0.045 meleeAttackInterval=17	7	3	2	2		0.829	0.229	0.300	0.301	0	11.70	0.204		skilled 8/8;I2;I3;I8
C e11/s14 eh24 md0.04 mi15	engageRadius=11 spawnRadius=14 eliteHp=24 meleeDamage=0.04 meleeAttackInterval=15	7	2	1	2		0.855	0.224	0.302	0.330	0	11.85	0.195		skilled 8/8;I2;I3;I8
C e11/s14 eh24 md0.04 mi16	engageRadius=11 spawnRadius=14 eliteHp=24 meleeDamage=0.04 meleeAttackInterval=16	7	3	2	2		0.790	0.215	0.292	0.284	0	11.86	0.223		skilled 8/8;I3;I8
C e11/s14 eh24 md0.04 mi17	engageRadius=11 spawnRadius=14 eliteHp=24 meleeDamage=0.04 meleeAttackInterval=17	7	2	2	2		0.790	0.207	0.279	0.304	0	12.03	0.225		skilled 8/8;I3;I8
C e11/s14 eh24 md0.0425 mi15	engageRadius=11 spawnRadius=14 eliteHp=24 meleeDamage=0.0425 meleeAttackInterval=15	6	2	0	0		0.914	0.235	0.316	0.362	0	12.12	0.210		skilled 8/8;I2;I8
C e11/s14 eh24 md0.0425 mi16	engageRadius=11 spawnRadius=14 eliteHp=24 meleeDamage=0.0425 meleeAttackInterval=16	7	2	1	2		0.832	0.226	0.300	0.306	0	11.74	0.206		skilled 8/8;I2;I3;I8
C e11/s14 eh24 md0.0425 mi17	engageRadius=11 spawnRadius=14 eliteHp=24 meleeDamage=0.0425 meleeAttackInterval=17	7	2	2	2		0.807	0.218	0.295	0.294	0	11.88	0.209		skilled 8/8;I2;I3;I8
C e11/s14 eh24 md0.045 mi15	engageRadius=11 spawnRadius=14 eliteHp=24 meleeDamage=0.045 meleeAttackInterval=15	7	0	0	0		0.903	0.247	0.318	0.338	0	12.04	0.198		skilled 8/8;I2
C e11/s14 eh24 md0.045 mi16	engageRadius=11 spawnRadius=14 eliteHp=24 meleeDamage=0.045 meleeAttackInterval=16	8	2	0	0		0.861	0.237	0.301	0.323	0	11.81	0.203		I2;I8
C e11/s14 eh24 md0.045 mi17	engageRadius=11 spawnRadius=14 eliteHp=24 meleeDamage=0.045 meleeAttackInterval=17	6	2	1	1		0.863	0.229	0.300	0.334	0	11.91	0.203		skilled 8/8;I2;I3;I8
C e11/s15 eh20 md0.04 mi15	engageRadius=11 spawnRadius=15 eliteHp=20 meleeDamage=0.04 meleeAttackInterval=15	7	3	2	2		0.754	0.205	0.312	0.237	0	12.12	0.211		skilled 8/8;I3;I8
C e11/s15 eh20 md0.04 mi16	engageRadius=11 spawnRadius=15 eliteHp=20 meleeDamage=0.04 meleeAttackInterval=16	8	3	2	2		0.709	0.195	0.299	0.216	0	11.99	0.203		I3;I8
C e11/s15 eh20 md0.04 mi17	engageRadius=11 spawnRadius=15 eliteHp=20 meleeDamage=0.04 meleeAttackInterval=17	8	3	2	2		0.658	0.187	0.287	0.184	0	11.80	0.220		I3;I8
C e11/s15 eh20 md0.0425 mi15	engageRadius=11 spawnRadius=15 eliteHp=20 meleeDamage=0.0425 meleeAttackInterval=15	8	3	2	2		0.783	0.216	0.324	0.243	0	12.11	0.185		I3;I8
C e11/s15 eh20 md0.0425 mi16	engageRadius=11 spawnRadius=15 eliteHp=20 meleeDamage=0.0425 meleeAttackInterval=16	7	3	2	2		0.737	0.205	0.306	0.226	0	12.06	0.198		skilled 8/8;I3;I8
C e11/s15 eh20 md0.0425 mi17	engageRadius=11 spawnRadius=15 eliteHp=20 meleeDamage=0.0425 meleeAttackInterval=17	8	3	2	2		0.700	0.197	0.304	0.199	0	11.92	0.207		I3;I8
C e11/s15 eh20 md0.045 mi15	engageRadius=11 spawnRadius=15 eliteHp=20 meleeDamage=0.045 meleeAttackInterval=15	8	3	1	2		0.836	0.227	0.335	0.274	0	12.36	0.192		I2;I3;I8
C e11/s15 eh20 md0.045 mi16	engageRadius=11 spawnRadius=15 eliteHp=20 meleeDamage=0.045 meleeAttackInterval=16	7	3	2	2		0.798	0.215	0.329	0.253	0	12.12	0.189		skilled 8/8;I3;I8
C e11/s15 eh20 md0.045 mi17	engageRadius=11 spawnRadius=15 eliteHp=20 meleeDamage=0.045 meleeAttackInterval=17	8	3	2	2		0.734	0.207	0.315	0.212	0	12.03	0.191		I3;I8
C e11/s15 eh22 md0.04 mi15	engageRadius=11 spawnRadius=15 eliteHp=22 meleeDamage=0.04 meleeAttackInterval=15	7	3	2	2		0.788	0.205	0.312	0.271	0	12.33	0.211		skilled 8/8;I3;I8
C e11/s15 eh22 md0.04 mi16	engageRadius=11 spawnRadius=15 eliteHp=22 meleeDamage=0.04 meleeAttackInterval=16	8	3	2	2		0.745	0.195	0.299	0.252	0	12.23	0.202		I3;I8
C e11/s15 eh22 md0.04 mi17	engageRadius=11 spawnRadius=15 eliteHp=22 meleeDamage=0.04 meleeAttackInterval=17	8	3	2	2		0.687	0.187	0.287	0.213	0	11.98	0.219		I3;I8
C e11/s15 eh22 md0.0425 mi15	engageRadius=11 spawnRadius=15 eliteHp=22 meleeDamage=0.0425 meleeAttackInterval=15	7	3	2	2		0.829	0.216	0.324	0.290	0	12.38	0.189		skilled 8/8;I2;I3;I8
C e11/s15 eh22 md0.0425 mi16	engageRadius=11 spawnRadius=15 eliteHp=22 meleeDamage=0.0425 meleeAttackInterval=16	7	3	2	2		0.763	0.205	0.306	0.252	0	12.26	0.199		skilled 8/8;I3;I8
C e11/s15 eh22 md0.0425 mi17	engageRadius=11 spawnRadius=15 eliteHp=22 meleeDamage=0.0425 meleeAttackInterval=17	8	3	2	2		0.737	0.197	0.304	0.236	0	12.20	0.208		I3;I8
C e11/s15 eh22 md0.045 mi15	engageRadius=11 spawnRadius=15 eliteHp=22 meleeDamage=0.045 meleeAttackInterval=15	7	2	1	2		0.884	0.227	0.335	0.322	0	12.62	0.192		skilled 8/8;I2;I3;I8
C e11/s15 eh22 md0.045 mi16	engageRadius=11 spawnRadius=15 eliteHp=22 meleeDamage=0.045 meleeAttackInterval=16	7	3	2	2		0.831	0.215	0.329	0.287	0	12.34	0.191		skilled 8/8;I2;I3;I8
C e11/s15 eh22 md0.045 mi17	engageRadius=11 spawnRadius=15 eliteHp=22 meleeDamage=0.045 meleeAttackInterval=17	7	3	2	2		0.776	0.207	0.315	0.254	0	12.30	0.191		skilled 8/8;I3;I8
C e11/s15 eh24 md0.04 mi15	engageRadius=11 spawnRadius=15 eliteHp=24 meleeDamage=0.04 meleeAttackInterval=15	7	3	2	2		0.823	0.205	0.312	0.307	0	12.58	0.213		skilled 8/8;I2;I3;I8
C e11/s15 eh24 md0.04 mi16	engageRadius=11 spawnRadius=15 eliteHp=24 meleeDamage=0.04 meleeAttackInterval=16	7	3	2	2		0.776	0.195	0.299	0.283	0	12.45	0.202		skilled 8/8;I3;I8
C e11/s15 eh24 md0.04 mi17	engageRadius=11 spawnRadius=15 eliteHp=24 meleeDamage=0.04 meleeAttackInterval=17	8	3	2	2		0.727	0.187	0.287	0.253	0	12.22	0.218		I3;I8
C e11/s15 eh24 md0.0425 mi15	engageRadius=11 spawnRadius=15 eliteHp=24 meleeDamage=0.0425 meleeAttackInterval=15	6	3	1	2		0.853	0.216	0.324	0.314	0	12.54	0.189		skilled 8/8;I2;I3;I8
C e11/s15 eh24 md0.0425 mi16	engageRadius=11 spawnRadius=15 eliteHp=24 meleeDamage=0.0425 meleeAttackInterval=16	7	3	2	2		0.801	0.205	0.306	0.291	0	12.47	0.197		skilled 8/8;I2;I3;I8
C e11/s15 eh24 md0.0425 mi17	engageRadius=11 spawnRadius=15 eliteHp=24 meleeDamage=0.0425 meleeAttackInterval=17	7	3	2	2		0.764	0.197	0.304	0.263	0	12.38	0.210		skilled 8/8;I3;I8
C e11/s15 eh24 md0.045 mi15	engageRadius=11 spawnRadius=15 eliteHp=24 meleeDamage=0.045 meleeAttackInterval=15	7	2	1	1		0.931	0.227	0.335	0.369	0	12.85	0.193		skilled 8/8;I2;I3;I8
C e11/s15 eh24 md0.045 mi16	engageRadius=11 spawnRadius=15 eliteHp=24 meleeDamage=0.045 meleeAttackInterval=16	7	2	1	2		0.865	0.215	0.329	0.321	0	12.55	0.191		skilled 8/8;I2;I3;I8
C e11/s15 eh24 md0.045 mi17	engageRadius=11 spawnRadius=15 eliteHp=24 meleeDamage=0.045 meleeAttackInterval=17	7	3	2	2		0.812	0.207	0.315	0.290	0	12.51	0.191		skilled 8/8;I2;I3;I8
C e12/s15 eh20 md0.04 mi15	engageRadius=12 spawnRadius=15 eliteHp=20 meleeDamage=0.04 meleeAttackInterval=15	7	3	2	2		0.750	0.205	0.312	0.234	0	12.04	0.210		skilled 8/8;I3;I8
C e12/s15 eh20 md0.04 mi16	engageRadius=12 spawnRadius=15 eliteHp=20 meleeDamage=0.04 meleeAttackInterval=16	8	4	2	2		0.704	0.195	0.299	0.210	0	11.92	0.204		I3;I8
C e12/s15 eh20 md0.04 mi17	engageRadius=12 spawnRadius=15 eliteHp=20 meleeDamage=0.04 meleeAttackInterval=17	8	3	2	2		0.654	0.187	0.287	0.180	0	11.73	0.221		I3;I8
C e12/s15 eh20 md0.0425 mi15	engageRadius=12 spawnRadius=15 eliteHp=20 meleeDamage=0.0425 meleeAttackInterval=15	8	3	2	2		0.769	0.216	0.324	0.229	0	11.98	0.186		I3;I8
C e12/s15 eh20 md0.0425 mi16	engageRadius=12 spawnRadius=15 eliteHp=20 meleeDamage=0.0425 meleeAttackInterval=16	7	3	2	2		0.733	0.205	0.306	0.222	0	11.99	0.199		skilled 8/8;I3;I8
C e12/s15 eh20 md0.0425 mi17	engageRadius=12 spawnRadius=15 eliteHp=20 meleeDamage=0.0425 meleeAttackInterval=17	8	3	2	2		0.694	0.197	0.304	0.193	0	11.83	0.208		I3;I8
C e12/s15 eh20 md0.045 mi15	engageRadius=12 spawnRadius=15 eliteHp=20 meleeDamage=0.045 meleeAttackInterval=15	8	3	1	2		0.821	0.227	0.335	0.259	0	12.20	0.191		I2;I3;I8
C e12/s15 eh20 md0.045 mi16	engageRadius=12 spawnRadius=15 eliteHp=20 meleeDamage=0.045 meleeAttackInterval=16	7	3	2	2		0.805	0.215	0.329	0.261	0	12.17	0.191		skilled 8/8;I2;I3;I8
C e12/s15 eh20 md0.045 mi17	engageRadius=12 spawnRadius=15 eliteHp=20 meleeDamage=0.045 meleeAttackInterval=17	8	3	2	2		0.728	0.207	0.315	0.207	0	11.95	0.193		I3;I8
C e12/s15 eh22 md0.04 mi15	engageRadius=12 spawnRadius=15 eliteHp=22 meleeDamage=0.04 meleeAttackInterval=15	7	3	2	2		0.774	0.205	0.312	0.258	0	12.21	0.211		skilled 8/8;I3;I8
C e12/s15 eh22 md0.04 mi16	engageRadius=12 spawnRadius=15 eliteHp=22 meleeDamage=0.04 meleeAttackInterval=16	8	3	2	2		0.738	0.195	0.299	0.245	0	12.12	0.202		I3;I8
C e12/s15 eh22 md0.04 mi17	engageRadius=12 spawnRadius=15 eliteHp=22 meleeDamage=0.04 meleeAttackInterval=17	8	3	2	2		0.677	0.187	0.287	0.203	0	11.88	0.221		I3;I8
C e12/s15 eh22 md0.0425 mi15	engageRadius=12 spawnRadius=15 eliteHp=22 meleeDamage=0.0425 meleeAttackInterval=15	8	3	2	2		0.821	0.216	0.324	0.282	0	12.26	0.190		I2;I3;I8
C e12/s15 eh22 md0.0425 mi16	engageRadius=12 spawnRadius=15 eliteHp=22 meleeDamage=0.0425 meleeAttackInterval=16	7	3	2	2		0.754	0.205	0.306	0.243	0	12.15	0.200		skilled 8/8;I3;I8
C e12/s15 eh22 md0.0425 mi17	engageRadius=12 spawnRadius=15 eliteHp=22 meleeDamage=0.0425 meleeAttackInterval=17	8	3	2	2		0.724	0.197	0.304	0.223	0	12.04	0.209		I3;I8
C e12/s15 eh22 md0.045 mi15	engageRadius=12 spawnRadius=15 eliteHp=22 meleeDamage=0.045 meleeAttackInterval=15	8	3	1	2		0.866	0.227	0.335	0.304	0	12.42	0.191		I2;I3;I8
C e12/s15 eh22 md0.045 mi16	engageRadius=12 spawnRadius=15 eliteHp=22 meleeDamage=0.045 meleeAttackInterval=16	7	3	2	2		0.836	0.215	0.329	0.292	0	12.37	0.192		skilled 8/8;I2;I3;I8
C e12/s15 eh22 md0.045 mi17	engageRadius=12 spawnRadius=15 eliteHp=22 meleeDamage=0.045 meleeAttackInterval=17	8	3	2	2		0.768	0.207	0.315	0.246	0	12.20	0.193		I3;I8
C e12/s15 eh24 md0.04 mi15	engageRadius=12 spawnRadius=15 eliteHp=24 meleeDamage=0.04 meleeAttackInterval=15	7	3	2	2		0.813	0.205	0.312	0.297	0	12.41	0.212		skilled 8/8;I2;I3;I8
C e12/s15 eh24 md0.04 mi16	engageRadius=12 spawnRadius=15 eliteHp=24 meleeDamage=0.04 meleeAttackInterval=16	7	3	2	2		0.765	0.195	0.299	0.272	0	12.30	0.202		skilled 8/8;I3;I8
C e12/s15 eh24 md0.04 mi17	engageRadius=12 spawnRadius=15 eliteHp=24 meleeDamage=0.04 meleeAttackInterval=17	8	3	2	2		0.707	0.187	0.287	0.233	0	12.06	0.221		I3;I8
C e12/s15 eh24 md0.0425 mi15	engageRadius=12 spawnRadius=15 eliteHp=24 meleeDamage=0.0425 meleeAttackInterval=15	6	3	1	2		0.849	0.216	0.324	0.310	0	12.44	0.189		skilled 8/8;I2;I3;I8
C e12/s15 eh24 md0.0425 mi16	engageRadius=12 spawnRadius=15 eliteHp=24 meleeDamage=0.0425 meleeAttackInterval=16	7	3	2	2		0.781	0.205	0.306	0.270	0	12.33	0.199		skilled 8/8;I3;I8
C e12/s15 eh24 md0.0425 mi17	engageRadius=12 spawnRadius=15 eliteHp=24 meleeDamage=0.0425 meleeAttackInterval=17	7	3	2	2		0.749	0.197	0.304	0.247	0	12.19	0.210		skilled 8/8;I3;I8
C e12/s15 eh24 md0.045 mi15	engageRadius=12 spawnRadius=15 eliteHp=24 meleeDamage=0.045 meleeAttackInterval=15	7	2	1	1		0.909	0.227	0.335	0.347	0	12.64	0.193		skilled 8/8;I2;I3;I8
C e12/s15 eh24 md0.045 mi16	engageRadius=12 spawnRadius=15 eliteHp=24 meleeDamage=0.045 meleeAttackInterval=16	7	3	1	2		0.865	0.215	0.329	0.320	0	12.57	0.193		skilled 8/8;I2;I3;I8
C e12/s15 eh24 md0.045 mi17	engageRadius=12 spawnRadius=15 eliteHp=24 meleeDamage=0.045 meleeAttackInterval=17	7	3	2	2		0.805	0.207	0.315	0.283	0	12.39	0.192		skilled 8/8;I2;I3;I8
D0 base (I2 .736 fl4)	engageRadius=11 spawnRadius=14 eliteHp=20 meleeDamage=0.0425 meleeAttackInterval=16	8	4	2	2		0.736	0.226	0.300	0.210	0	11.19	0.206		I3;I8
D1 eliteSpeed 0.11	engageRadius=11 spawnRadius=14 eliteHp=20 meleeDamage=0.0425 meleeAttackInterval=16 eliteMoveSpeed=0.11	8	4	2	2		0.732	0.226	0.300	0.206	0	11.13	0.203		I3;I8
D1 eliteSpeed 0.115	engageRadius=11 spawnRadius=14 eliteHp=20 meleeDamage=0.0425 meleeAttackInterval=16 eliteMoveSpeed=0.115	8	4	2	2		0.732	0.226	0.300	0.206	0	11.11	0.201		I3;I8
D1 eliteSpeed 0.12	engageRadius=11 spawnRadius=14 eliteHp=20 meleeDamage=0.0425 meleeAttackInterval=16 eliteMoveSpeed=0.12	8	4	2	2		0.724	0.226	0.300	0.198	0	11.11	0.202		I3;I8
D1 eliteSpeed 0.13	engageRadius=11 spawnRadius=14 eliteHp=20 meleeDamage=0.0425 meleeAttackInterval=16 eliteMoveSpeed=0.13	8	4	2	2		0.724	0.226	0.300	0.198	0	11.09	0.204		I3;I8
D1 eliteSpeed 0.15	engageRadius=11 spawnRadius=14 eliteHp=20 meleeDamage=0.0425 meleeAttackInterval=16 eliteMoveSpeed=0.15	8	4	2	2		0.721	0.226	0.300	0.195	0	11.04	0.201		I3;I8
D2 eliteHp 22	engageRadius=11 spawnRadius=14 eliteHp=22 meleeDamage=0.0425 meleeAttackInterval=16	8	3	1	2		0.781	0.226	0.300	0.255	0	11.48	0.206		I3;I8
D2 eliteHp 24	engageRadius=11 spawnRadius=14 eliteHp=24 meleeDamage=0.0425 meleeAttackInterval=16	7	2	1	2		0.832	0.226	0.300	0.306	0	11.74	0.206		skilled 8/8;I2;I3;I8
D2 eliteHp 26	engageRadius=11 spawnRadius=14 eliteHp=26 meleeDamage=0.0425 meleeAttackInterval=16	7	2	0	2		0.877	0.226	0.300	0.351	0	12.00	0.207		skilled 8/8;I2;I8
D2 eliteHp 28	engageRadius=11 spawnRadius=14 eliteHp=28 meleeDamage=0.0425 meleeAttackInterval=16	5	1	0	1		0.916	0.226	0.300	0.390	0	12.21	0.208		skilled 8/8;I2;I8
D3 tele 30/32	engageRadius=11 spawnRadius=14 eliteHp=20 meleeDamage=0.0425 meleeAttackInterval=16 eliteTelegraphTicks=30 eliteCooldownTicks=32	7	3	2	2		0.797	0.226	0.300	0.272	0	11.51	0.192		skilled 8/8;I3;I8
D3 tele 40/42	engageRadius=11 spawnRadius=14 eliteHp=20 meleeDamage=0.0425 meleeAttackInterval=16 eliteTelegraphTicks=40 eliteCooldownTicks=42	7	4	2	2		0.766	0.226	0.300	0.240	0	11.31	0.198		skilled 8/8;I3;I8
D3 tele 70/72	engageRadius=11 spawnRadius=14 eliteHp=20 meleeDamage=0.0425 meleeAttackInterval=16 eliteTelegraphTicks=70 eliteCooldownTicks=72	8	3	2	2		0.739	0.226	0.300	0.213	0	11.21	0.205		I3;I8
D3 tele 90/92	engageRadius=11 spawnRadius=14 eliteHp=20 meleeDamage=0.0425 meleeAttackInterval=16 eliteTelegraphTicks=90 eliteCooldownTicks=92	8	3	2	2		0.768	0.226	0.300	0.243	0	11.32	0.202		I3;I8
D4 blast 3	engageRadius=11 spawnRadius=14 eliteHp=20 meleeDamage=0.0425 meleeAttackInterval=16 eliteBlastRadius=3	7	4	2	2		0.751	0.226	0.300	0.225	0	11.28	0.199		skilled 8/8;I3;I8
D4 blast 3.5	engageRadius=11 spawnRadius=14 eliteHp=20 meleeDamage=0.0425 meleeAttackInterval=16 eliteBlastRadius=3.5	7	4	2	2		0.763	0.226	0.300	0.237	0	11.37	0.198		skilled 8/8;I3;I8
D4 blast 4	engageRadius=11 spawnRadius=14 eliteHp=20 meleeDamage=0.0425 meleeAttackInterval=16 eliteBlastRadius=4	7	3	2	2		0.760	0.226	0.300	0.234	0	11.31	0.195		skilled 8/8;I3;I8
D5 eliteDmg 0.5	engageRadius=11 spawnRadius=14 eliteHp=20 meleeDamage=0.0425 meleeAttackInterval=16 eliteDamage=0.5	8	4	2	2		0.736	0.226	0.300	0.210	0	11.19	0.205		I3;I8
D5 eliteDmg 0.6	engageRadius=11 spawnRadius=14 eliteHp=20 meleeDamage=0.0425 meleeAttackInterval=16 eliteDamage=0.6	8	3	2	2		0.753	0.226	0.300	0.227	0	11.29	0.203		I3;I8
D5 eliteDmg 0.8	engageRadius=11 spawnRadius=14 eliteHp=20 meleeDamage=0.0425 meleeAttackInterval=16 eliteDamage=0.8	8	3	2	2		0.753	0.226	0.300	0.228	0	11.29	0.203		I3;I8
D6 approach 2	engageRadius=11 spawnRadius=14 eliteHp=20 meleeDamage=0.0425 meleeAttackInterval=16 eliteApproachRange=2	8	4	2	2		0.747	0.226	0.300	0.221	0	11.25	0.199		I3;I8
D6 approach 3	engageRadius=11 spawnRadius=14 eliteHp=20 meleeDamage=0.0425 meleeAttackInterval=16 eliteApproachRange=3	8	4	2	2		0.736	0.226	0.300	0.210	0	11.22	0.202		I3;I8
D6 approach 4.9	engageRadius=11 spawnRadius=14 eliteHp=20 meleeDamage=0.0425 meleeAttackInterval=16 eliteApproachRange=4.9	8	3	2	2		0.740	0.226	0.300	0.214	0	11.22	0.209		I3;I8
D7 eliteTick 1500	engageRadius=11 spawnRadius=14 eliteHp=20 meleeDamage=0.0425 meleeAttackInterval=16 eliteSpawnTick=1500	8	5	2	2		0.598	0.226	0.340	0.032	0	10.65	0.193		I2 windows;I3;I8
D7 eliteTick 1650	engageRadius=11 spawnRadius=14 eliteHp=20 meleeDamage=0.0425 meleeAttackInterval=16 eliteSpawnTick=1650	8	4	2	2		0.683	0.226	0.325	0.132	0	10.88	0.192		I3;I8
D7 eliteTick 1950	engageRadius=11 spawnRadius=14 eliteHp=20 meleeDamage=0.0425 meleeAttackInterval=16 eliteSpawnTick=1950	5	0	0	0		0.897	0.226	0.300	0.371	0	12.33	0.222		skilled 8/8;I2
D7 eliteTick 2100	engageRadius=11 spawnRadius=14 eliteHp=20 meleeDamage=0.0425 meleeAttackInterval=16 eliteSpawnTick=2100	4	0	0	0		1.019	0.226	0.300	0.493	0	13.95	0.231		skilled 8/8;I2;I2 windows
D8 meleeSpeed 0.142	engageRadius=11 spawnRadius=14 eliteHp=20 meleeDamage=0.0425 meleeAttackInterval=16 meleeMoveSpeed=0.142	7	3	1	1		0.785	0.229	0.327	0.230	0	11.36	0.204		skilled 8/8;I3;I8
D8 meleeSpeed 0.145	engageRadius=11 spawnRadius=14 eliteHp=20 meleeDamage=0.0425 meleeAttackInterval=16 meleeMoveSpeed=0.145	7	2	2	2		0.819	0.239	0.325	0.254	0	11.46	0.192		skilled 8/8;I2;I3;I8
D8 meleeSpeed 0.15	engageRadius=11 spawnRadius=14 eliteHp=20 meleeDamage=0.0425 meleeAttackInterval=16 meleeMoveSpeed=0.15	6	3	1	1		0.897	0.254	0.369	0.273	0	11.25	0.186		skilled 8/8;I2;I3;I8
D8 meleeSpeed 0.155	engageRadius=11 spawnRadius=14 eliteHp=20 meleeDamage=0.0425 meleeAttackInterval=16 meleeMoveSpeed=0.155	6	2	1	1		0.912	0.276	0.374	0.262	0	11.45	0.180		skilled 8/8;I2;I3;I8
E e10/s13 mix 5:1/3:1/2:1	engageRadius=10 spawnRadius=13 phases=14-20-26|9-7-5|5:1/3:1/2:1	7	1	0	0		0.888	0.258	0.353	0.277	0	10.76	0.176		skilled 8/8;I2;I8
E e10/s13 mix 4:1/2:1/1:1	engageRadius=10 spawnRadius=13 phases=14-20-26|9-7-5|4:1/2:1/1:1	7	1	0	0		0.916	0.241	0.352	0.323	0	11.92	0.253		skilled 8/8;I2;I8
E e10/s13 mix 3:1/2:1/1:1	engageRadius=10 spawnRadius=13 phases=14-20-26|9-7-5|3:1/2:1/1:1	5	1	0	0		0.908	0.255	0.335	0.317	0	11.65	0.272		skilled 8/8;I2;I8
E e10/s13 mix 2:1/1:1/1:1	engageRadius=10 spawnRadius=13 phases=14-20-26|9-7-5|2:1/1:1/1:1	6	0	0	0		0.887	0.243	0.295	0.350	0	12.46	0.349		skilled 8/8;I2
E e10/s13 mix 1:1/1:1/1:1	engageRadius=10 spawnRadius=13 phases=14-20-26|9-7-5|1:1/1:1/1:1	8	1	1	1		0.727	0.207	0.291	0.229	0	11.79	0.390		I3;I8
E e10/s13 mix 3:2/1:1/1:2	engageRadius=10 spawnRadius=13 phases=14-20-26|9-7-5|3:2/1:1/1:2	8	2	1	1		0.674	0.216	0.260	0.198	0	11.55	0.406		I3;I8
E e10/s13 mix 1:1/1:2/1:2	engageRadius=10 spawnRadius=13 phases=14-20-26|9-7-5|1:1/1:2/1:2	8	2	1	1		0.688	0.207	0.262	0.219	0	13.00	0.519		I3;I8
E e11/s14 mix 5:1/3:1/2:1	engageRadius=11 spawnRadius=14 phases=14-20-26|9-7-5|5:1/3:1/2:1	8	0	0	0		0.843	0.247	0.318	0.277	0	11.68	0.200		I2
E e11/s14 mix 4:1/2:1/1:1	engageRadius=11 spawnRadius=14 phases=14-20-26|9-7-5|4:1/2:1/1:1	6	2	1	1		0.862	0.237	0.341	0.284	0	12.07	0.270		skilled 8/8;I2;I3;I8
E e11/s14 mix 3:1/2:1/1:1	engageRadius=11 spawnRadius=14 phases=14-20-26|9-7-5|3:1/2:1/1:1	6	2	0	0		0.824	0.233	0.315	0.276	0	12.43	0.264		skilled 8/8;I2;I8
E e11/s14 mix 2:1/1:1/1:1	engageRadius=11 spawnRadius=14 phases=14-20-26|9-7-5|2:1/1:1/1:1	7	2	1	1		0.823	0.240	0.296	0.287	0	13.10	0.352		skilled 8/8;I2;I3;I8
E e11/s14 mix 1:1/1:1/1:1	engageRadius=11 spawnRadius=14 phases=14-20-26|9-7-5|1:1/1:1/1:1	8	3	1	1		0.769	0.194	0.307	0.268	0	13.33	0.403		I3;I8
E e11/s14 mix 3:2/1:1/1:2	engageRadius=11 spawnRadius=14 phases=14-20-26|9-7-5|3:2/1:1/1:2	8	2	1	1		0.689	0.202	0.285	0.202	0	13.19	0.426		I3;I8
E e11/s14 mix 1:1/1:2/1:2	engageRadius=11 spawnRadius=14 phases=14-20-26|9-7-5|1:1/1:2/1:2	8	2	2	2		0.663	0.194	0.247	0.222	0	13.65	0.502		I3;I8
E e11/s15 mix 5:1/3:1/2:1	engageRadius=11 spawnRadius=15 phases=14-20-26|9-7-5|5:1/3:1/2:1	7	2	1	2		0.884	0.227	0.335	0.322	0	12.62	0.192		skilled 8/8;I2;I3;I8
E e11/s15 mix 4:1/2:1/1:1	engageRadius=11 spawnRadius=15 phases=14-20-26|9-7-5|4:1/2:1/1:1	7	3	0	0		0.870	0.247	0.325	0.298	0	13.19	0.267		skilled 8/8;I2;I8
E e11/s15 mix 3:1/2:1/1:1	engageRadius=11 spawnRadius=15 phases=14-20-26|9-7-5|3:1/2:1/1:1	7	2	0	0		0.813	0.217	0.311	0.285	0	13.58	0.286		skilled 8/8;I2;I8
E e11/s15 mix 2:1/1:1/1:1	engageRadius=11 spawnRadius=15 phases=14-20-26|9-7-5|2:1/1:1/1:1	7	0	1	1		0.788	0.225	0.297	0.266	0	14.26	0.359		skilled 8/8;I3
E e11/s15 mix 1:1/1:1/1:1	engageRadius=11 spawnRadius=15 phases=14-20-26|9-7-5|1:1/1:1/1:1	7	3	0	1		0.785	0.191	0.296	0.299	0	15.86	0.406		skilled 8/8;I8
E e11/s15 mix 3:2/1:1/1:2	engageRadius=11 spawnRadius=15 phases=14-20-26|9-7-5|3:2/1:1/1:2	7	1	1	1		0.771	0.221	0.291	0.258	0	14.80	0.422		skilled 8/8;I3;I8
E e11/s15 mix 1:1/1:2/1:2	engageRadius=11 spawnRadius=15 phases=14-20-26|9-7-5|1:1/1:2/1:2	8	3	1	2		0.676	0.191	0.276	0.209	0	15.79	0.507		I3;I8
E e12/s15 mix 5:1/3:1/2:1	engageRadius=12 spawnRadius=15 phases=14-20-26|9-7-5|5:1/3:1/2:1	8	3	1	2		0.866	0.227	0.335	0.304	0	12.42	0.191		I2;I3;I8
E e12/s15 mix 4:1/2:1/1:1	engageRadius=12 spawnRadius=15 phases=14-20-26|9-7-5|4:1/2:1/1:1	7	3	0	0		0.863	0.247	0.325	0.291	0	13.03	0.268		skilled 8/8;I2;I8
E e12/s15 mix 3:1/2:1/1:1	engageRadius=12 spawnRadius=15 phases=14-20-26|9-7-5|3:1/2:1/1:1	7	2	0	0		0.808	0.217	0.311	0.280	0	13.51	0.287		skilled 8/8;I2;I8
E e12/s15 mix 2:1/1:1/1:1	engageRadius=12 spawnRadius=15 phases=14-20-26|9-7-5|2:1/1:1/1:1	7	0	1	1		0.780	0.225	0.297	0.258	0	14.15	0.361		skilled 8/8;I3
E e12/s15 mix 1:1/1:1/1:1	engageRadius=12 spawnRadius=15 phases=14-20-26|9-7-5|1:1/1:1/1:1	8	3	1	1		0.779	0.191	0.296	0.293	0	15.72	0.406		I3;I8
E e12/s15 mix 3:2/1:1/1:2	engageRadius=12 spawnRadius=15 phases=14-20-26|9-7-5|3:2/1:1/1:2	8	1	1	2		0.750	0.221	0.291	0.238	0	14.63	0.421		I3;I8
E e12/s15 mix 1:1/1:2/1:2	engageRadius=12 spawnRadius=15 phases=14-20-26|9-7-5|1:1/1:2/1:2	8	3	2	2		0.672	0.191	0.276	0.206	0	15.69	0.507		I3;I8
R e10/s14 l11 eh19 4:1/3:1/2:1 c12-18-24 i10-8-6 mh1.05 md0.0425 mi16 sr4.2 sd0.035 sh0.7	engageRadius=10 spawnRadius=14 leashRadius=11 eliteHp=19 meleeHp=1.05 meleeDamage=0.0425 meleeAttackInterval=16 shooterRange=4.2 shooterDamage=0.035 shooterHp=0.7 phases=12-18-24|10-8-6|4:1/3:1/2:1	8	6	2	2		0.594	0.208	0.241	0.145	0	8.10	0.184		I3;I8
R e10/s13 l10.5 eh19 1:1/1:1/1:1 c14-20-26 i9-7-5 mh0.95 md0.04 mi15 sr4.7 sd0.035 sh0.9	engageRadius=10 spawnRadius=13 leashRadius=10.5 eliteHp=19 meleeHp=0.95 meleeDamage=0.04 meleeAttackInterval=15 shooterRange=4.7 shooterDamage=0.035 shooterHp=0.9 phases=14-20-26|9-7-5|1:1/1:1/1:1	8	3	1	1		0.663	0.200	0.283	0.180	0	11.95	0.474		I3;I8
R e12/s17 l8.5 eh23 3:2/1:1/1:2 c16-22-28 i9-8-6 mh1 md0.0425 mi15 sr4.2 sd0.035 sh0.8	engageRadius=12 spawnRadius=17 leashRadius=8.5 eliteHp=23 meleeHp=1 meleeDamage=0.0425 meleeAttackInterval=15 shooterRange=4.2 shooterDamage=0.035 shooterHp=0.8 phases=16-22-28|9-8-6|3:2/1:1/1:2	8	6	6	6		0.515	0.155	0.168	0.191	0	15.08	0.424		I2;I3;I8;I10
R e12/s17 l8.5 eh22 2:1/1:1/1:1 c12-18-24 i9-8-6 mh0.95 md0.045 mi15 sr4.5 sd0.03 sh0.8	engageRadius=12 spawnRadius=17 leashRadius=8.5 eliteHp=22 meleeHp=0.95 meleeDamage=0.045 meleeAttackInterval=15 shooterRange=4.5 shooterDamage=0.03 shooterHp=0.8 phases=12-18-24|9-8-6|2:1/1:1/1:1	8	8	7	8		0.449	0.140	0.132	0.177	0	13.28	0.334		I2;I3;I8;I10
R e10/s15 l9 eh19 3:1/2:1/1:1 c16-22-28 i9-7-5 mh1.05 md0.045 mi16 sr4.5 sd0.03 sh0.9	engageRadius=10 spawnRadius=15 leashRadius=9 eliteHp=19 meleeHp=1.05 meleeDamage=0.045 meleeAttackInterval=16 shooterRange=4.5 shooterDamage=0.03 shooterHp=0.9 phases=16-22-28|9-7-5|3:1/2:1/1:1	8	3	2	2		0.680	0.177	0.280	0.223	0	14.77	0.280		I3;I8
R e11/s14 l9 eh21 2:1/2:1/1:1 c14-20-26 i8-7-5 mh1 md0.0425 mi15 sr4.2 sd0.04 sh0.8	engageRadius=11 spawnRadius=14 leashRadius=9 eliteHp=21 meleeHp=1 meleeDamage=0.0425 meleeAttackInterval=15 shooterRange=4.2 shooterDamage=0.04 shooterHp=0.8 phases=14-20-26|8-7-5|2:1/2:1/1:1	7	2	1	1		0.784	0.266	0.282	0.236	0	13.54	0.334		skilled 8/8;I3;I8
R e10/s13 l9.5 eh23 2:1/2:1/1:1 c16-22-28 i8-7-5 mh0.95 md0.04 mi16 sr4.5 sd0.03 sh0.9	engageRadius=10 spawnRadius=13 leashRadius=9.5 eliteHp=23 meleeHp=0.95 meleeDamage=0.04 meleeAttackInterval=16 shooterRange=4.5 shooterDamage=0.03 shooterHp=0.9 phases=16-22-28|8-7-5|2:1/2:1/1:1	8	1	2	2		0.616	0.212	0.226	0.179	0	11.53	0.324		I3;I8
R e11/s14 l8.5 eh24 4:1/2:1/1:1 c18-24-30 i9-8-6 mh1.05 md0.045 mi15 sr4.2 sd0.03 sh0.7	engageRadius=11 spawnRadius=14 leashRadius=8.5 eliteHp=24 meleeHp=1.05 meleeDamage=0.045 meleeAttackInterval=15 shooterRange=4.2 shooterDamage=0.03 shooterHp=0.7 phases=18-24-30|9-8-6|4:1/2:1/1:1	8	5	5	5		0.550	0.183	0.155	0.212	0	9.56	0.216		I2;I3;I8;I10
R e12/s17 l8.5 eh19 4:1/3:1/2:1 c18-24-30 i9-7-5 mh1 md0.04 mi16 sr4.2 sd0.035 sh0.8	engageRadius=12 spawnRadius=17 leashRadius=8.5 eliteHp=19 meleeHp=1 meleeDamage=0.04 meleeAttackInterval=16 shooterRange=4.2 shooterDamage=0.035 shooterHp=0.8 phases=18-24-30|9-7-5|4:1/3:1/2:1	8	4	3	4		0.543	0.151	0.223	0.169	0	14.02	0.230		I2;I3;I8;I10
R e10/s13 l11 eh24 4:1/2:1/1:1 c16-22-28 i8-7-5 mh1 md0.04 mi15 sr4.7 sd0.04 sh0.9	engageRadius=10 spawnRadius=13 leashRadius=11 eliteHp=24 meleeHp=1 meleeDamage=0.04 meleeAttackInterval=15 shooterRange=4.7 shooterDamage=0.04 shooterHp=0.9 phases=16-22-28|8-7-5|4:1/2:1/1:1	4	0	0	0		1.096	0.354	0.383	0.359	0	13.58	0.303		skilled 8/8;I2
R e10/s14 l9.5 eh19 3:2/1:1/1:1 c14-20-26 i9-8-6 mh1.05 md0.0425 mi15 sr4.2 sd0.03 sh0.9	engageRadius=10 spawnRadius=14 leashRadius=9.5 eliteHp=19 meleeHp=1.05 meleeDamage=0.0425 meleeAttackInterval=15 shooterRange=4.2 shooterDamage=0.03 shooterHp=0.9 phases=14-20-26|9-8-6|3:2/1:1/1:1	8	3	3	3		0.570	0.202	0.214	0.154	0	11.72	0.356		I3;I8;I10
R e11/s16 l10.5 eh23 4:1/3:1/2:1 c14-20-26 i10-7-5 mh1.05 md0.0425 mi16 sr4.4 sd0.03 sh0.9	engageRadius=11 spawnRadius=16 leashRadius=10.5 eliteHp=23 meleeHp=1.05 meleeDamage=0.0425 meleeAttackInterval=16 shooterRange=4.4 shooterDamage=0.03 shooterHp=0.9 phases=14-20-26|10-7-5|4:1/3:1/2:1	7	3	2	2		0.804	0.180	0.317	0.307	0	13.54	0.199		skilled 8/8;I2;I3;I8
R e12/s15 l8.5 eh20 5:1/3:1/2:1 c14-20-26 i9-8-6 mh1 md0.0425 mi15 sr4.7 sd0.035 sh0.8	engageRadius=12 spawnRadius=15 leashRadius=8.5 eliteHp=20 meleeHp=1 meleeDamage=0.0425 meleeAttackInterval=15 shooterRange=4.7 shooterDamage=0.035 shooterHp=0.8 phases=14-20-26|9-8-6|5:1/3:1/2:1	8	5	4	4		0.520	0.170	0.172	0.177	0	10.19	0.209		I2;I3;I8;I10
R e12/s16 l8.5 eh19 2:1/1:1/1:1 c14-20-26 i10-8-6 mh1 md0.04 mi16 sr4.2 sd0.03 sh0.8	engageRadius=12 spawnRadius=16 leashRadius=8.5 eliteHp=19 meleeHp=1 meleeDamage=0.04 meleeAttackInterval=16 shooterRange=4.2 shooterDamage=0.03 shooterHp=0.8 phases=14-20-26|10-8-6|2:1/1:1/1:1	8	8	8	8		0.388	0.115	0.135	0.137	0	12.09	0.345		I2;I3;I8;I10
R e10/s13 l9 eh20 4:1/2:1/1:1 c16-22-28 i10-8-6 mh1 md0.0425 mi16 sr4.2 sd0.03 sh0.7	engageRadius=10 spawnRadius=13 leashRadius=9 eliteHp=20 meleeHp=1 meleeDamage=0.0425 meleeAttackInterval=16 shooterRange=4.2 shooterDamage=0.03 shooterHp=0.7 phases=16-22-28|10-8-6|4:1/2:1/1:1	8	8	7	7		0.457	0.153	0.171	0.133	0	7.47	0.227		I2;I3;I8;I10
R e12/s15 l11 eh23 1:1/1:1/1:1 c12-18-24 i8-7-5 mh1 md0.045 mi16 sr4.2 sd0.03 sh0.8	engageRadius=12 spawnRadius=15 leashRadius=11 eliteHp=23 meleeHp=1 meleeDamage=0.045 meleeAttackInterval=16 shooterRange=4.2 shooterDamage=0.03 shooterHp=0.8 phases=12-18-24|8-7-5|1:1/1:1/1:1	8	1	1	1		0.717	0.250	0.260	0.207	0	15.52	0.346		I3;I8
R e10/s13 l10 eh23 3:1/2:1/1:1 c18-24-30 i9-7-5 mh1 md0.0425 mi16 sr4.2 sd0.04 sh0.7	engageRadius=10 spawnRadius=13 leashRadius=10 eliteHp=23 meleeHp=1 meleeDamage=0.0425 meleeAttackInterval=16 shooterRange=4.2 shooterDamage=0.04 shooterHp=0.7 phases=18-24-30|9-7-5|3:1/2:1/1:1	7	2	1	1		0.812	0.232	0.303	0.276	0	10.02	0.281		skilled 8/8;I2;I3;I8
R e12/s17 l10.5 eh19 3:2/1:1/1:2 c16-22-28 i9-8-6 mh0.95 md0.045 mi15 sr4.5 sd0.035 sh0.9	engageRadius=12 spawnRadius=17 leashRadius=10.5 eliteHp=19 meleeHp=0.95 meleeDamage=0.045 meleeAttackInterval=15 shooterRange=4.5 shooterDamage=0.035 shooterHp=0.9 phases=16-22-28|9-8-6|3:2/1:1/1:2	8	4	3	3		0.520	0.198	0.194	0.129	0	13.62	0.405		I2;I3;I8;I10
R e10/s13 l8.5 eh21 1:1/1:1/1:1 c18-24-30 i10-8-6 mh1.05 md0.0425 mi15 sr4.5 sd0.04 sh0.8	engageRadius=10 spawnRadius=13 leashRadius=8.5 eliteHp=21 meleeHp=1.05 meleeDamage=0.0425 meleeAttackInterval=15 shooterRange=4.5 shooterDamage=0.04 shooterHp=0.8 phases=18-24-30|10-8-6|1:1/1:1/1:1	8	5	4	5		0.483	0.152	0.184	0.147	0	9.67	0.475		I2;I3;I8;I10
R e12/s15 l11 eh19 4:1/2:1/1:1 c14-20-26 i8-7-5 mh1.05 md0.0425 mi15 sr4.7 sd0.04 sh0.8	engageRadius=12 spawnRadius=15 leashRadius=11 eliteHp=19 meleeHp=1.05 meleeDamage=0.0425 meleeAttackInterval=15 shooterRange=4.7 shooterDamage=0.04 shooterHp=0.8 phases=14-20-26|8-7-5|4:1/2:1/1:1	6	1	0	0		0.947	0.327	0.356	0.264	0	13.71	0.284		skilled 8/8;I2;I8
R e12/s16 l10.5 eh19 1:1/1:1/1:1 c12-18-24 i8-7-5 mh1.05 md0.045 mi16 sr4.5 sd0.04 sh0.7	engageRadius=12 spawnRadius=16 leashRadius=10.5 eliteHp=19 meleeHp=1.05 meleeDamage=0.045 meleeAttackInterval=16 shooterRange=4.5 shooterDamage=0.04 shooterHp=0.7 phases=12-18-24|8-7-5|1:1/1:1/1:1	8	1	1	1		0.693	0.256	0.282	0.155	0	15.69	0.412		I3;I8
R e11/s16 l8.5 eh20 2:1/2:1/1:1 c12-18-24 i9-8-6 mh1.05 md0.0425 mi15 sr4.2 sd0.035 sh0.9	engageRadius=11 spawnRadius=16 leashRadius=8.5 eliteHp=20 meleeHp=1.05 meleeDamage=0.0425 meleeAttackInterval=15 shooterRange=4.2 shooterDamage=0.035 shooterHp=0.9 phases=12-18-24|9-8-6|2:1/2:1/1:1	8	4	3	3		0.557	0.169	0.210	0.178	0	13.40	0.294		I3;I8;I10
R e11/s14 l9.5 eh23 2:1/2:1/1:1 c14-20-26 i8-7-5 mh1 md0.04 mi16 sr4.7 sd0.035 sh0.9	engageRadius=11 spawnRadius=14 leashRadius=9.5 eliteHp=23 meleeHp=1 meleeDamage=0.04 meleeAttackInterval=16 shooterRange=4.7 shooterDamage=0.035 shooterHp=0.9 phases=14-20-26|8-7-5|2:1/2:1/1:1	7	0	0	0		0.851	0.263	0.312	0.275	0	14.57	0.356		skilled 8/8;I2
R e12/s15 l10.5 eh20 2:1/1:1/1:1 c12-18-24 i9-7-5 mh1 md0.045 mi16 sr4.7 sd0.035 sh0.7	engageRadius=12 spawnRadius=15 leashRadius=10.5 eliteHp=20 meleeHp=1 meleeDamage=0.045 meleeAttackInterval=16 shooterRange=4.7 shooterDamage=0.035 shooterHp=0.7 phases=12-18-24|9-7-5|2:1/1:1/1:1	8	2	2	2		0.699	0.220	0.271	0.208	0	12.59	0.342		I3;I8
R e11/s16 l9.5 eh24 4:1/3:1/2:1 c14-20-26 i9-8-6 mh1 md0.04 mi15 sr4.5 sd0.035 sh0.7	engageRadius=11 spawnRadius=16 leashRadius=9.5 eliteHp=24 meleeHp=1 meleeDamage=0.04 meleeAttackInterval=15 shooterRange=4.5 shooterDamage=0.035 shooterHp=0.7 phases=14-20-26|9-8-6|4:1/3:1/2:1	8	5	3	5		0.576	0.196	0.188	0.191	0	11.02	0.206		I3;I8;I10
R e12/s15 l10 eh22 2:1/1:1/1:1 c14-20-26 i9-7-5 mh1.05 md0.045 mi16 sr4.5 sd0.03 sh0.8	engageRadius=12 spawnRadius=15 leashRadius=10 eliteHp=22 meleeHp=1.05 meleeDamage=0.045 meleeAttackInterval=16 shooterRange=4.5 shooterDamage=0.03 shooterHp=0.8 phases=14-20-26|9-7-5|2:1/1:1/1:1	8	2	2	2		0.693	0.206	0.288	0.200	0	14.41	0.339		I3;I8
R e10/s13 l9.5 eh19 2:1/2:1/1:1 c14-20-26 i8-7-5 mh1 md0.0425 mi16 sr4.7 sd0.035 sh0.8	engageRadius=10 spawnRadius=13 leashRadius=9.5 eliteHp=19 meleeHp=1 meleeDamage=0.0425 meleeAttackInterval=16 shooterRange=4.7 shooterDamage=0.035 shooterHp=0.8 phases=14-20-26|8-7-5|2:1/2:1/1:1	8	1	0	0		0.741	0.264	0.293	0.184	0	11.34	0.297		I8
R e10/s14 l10.5 eh19 3:2/1:1/1:1 c18-24-30 i8-7-5 mh1 md0.0425 mi16 sr4.2 sd0.04 sh0.7	engageRadius=10 spawnRadius=14 leashRadius=10.5 eliteHp=19 meleeHp=1 meleeDamage=0.0425 meleeAttackInterval=16 shooterRange=4.2 shooterDamage=0.04 shooterHp=0.7 phases=18-24-30|8-7-5|3:2/1:1/1:1	8	2	1	1		0.712	0.273	0.264	0.175	0	12.22	0.380		I3;I8
R e12/s15 l10.5 eh22 4:1/3:1/2:1 c18-24-30 i10-8-6 mh0.95 md0.0425 mi15 sr4.2 sd0.03 sh0.7	engageRadius=12 spawnRadius=15 leashRadius=10.5 eliteHp=22 meleeHp=0.95 meleeDamage=0.0425 meleeAttackInterval=15 shooterRange=4.2 shooterDamage=0.03 shooterHp=0.7 phases=18-24-30|10-8-6|4:1/3:1/2:1	8	8	7	7		0.491	0.161	0.177	0.154	0	8.05	0.176		I2;I3;I8;I10
R e11/s16 l10 eh22 2:1/2:1/1:1 c14-20-26 i9-8-6 mh1.05 md0.045 mi16 sr4.5 sd0.04 sh0.7	engageRadius=11 spawnRadius=16 leashRadius=10 eliteHp=22 meleeHp=1.05 meleeDamage=0.045 meleeAttackInterval=16 shooterRange=4.5 shooterDamage=0.04 shooterHp=0.7 phases=14-20-26|9-8-6|2:1/2:1/1:1	8	4	2	2		0.665	0.209	0.216	0.240	0	12.10	0.313		I3;I8
R e12/s17 l8.5 eh22 3:2/1:1/1:1 c14-20-26 i10-8-6 mh1.05 md0.04 mi15 sr4.7 sd0.03 sh0.8	engageRadius=12 spawnRadius=17 leashRadius=8.5 eliteHp=22 meleeHp=1.05 meleeDamage=0.04 meleeAttackInterval=15 shooterRange=4.7 shooterDamage=0.03 shooterHp=0.8 phases=14-20-26|10-8-6|3:2/1:1/1:1	8	8	7	8		0.466	0.117	0.178	0.172	0	14.12	0.389		I2;I3;I8;I10
R e12/s17 l10.5 eh23 3:1/2:1/1:1 c14-20-26 i9-7-5 mh0.95 md0.0425 mi16 sr4.7 sd0.035 sh0.7	engageRadius=12 spawnRadius=17 leashRadius=10.5 eliteHp=23 meleeHp=0.95 meleeDamage=0.0425 meleeAttackInterval=16 shooterRange=4.7 shooterDamage=0.035 shooterHp=0.7 phases=14-20-26|9-7-5|3:1/2:1/1:1	8	4	4	3		0.530	0.150	0.222	0.158	0	13.26	0.294		I2;I3;I8;I10
R e12/s17 l8.5 eh19 2:1/2:1/1:1 c18-24-30 i9-8-6 mh0.95 md0.045 mi15 sr4.4 sd0.03 sh0.8	engageRadius=12 spawnRadius=17 leashRadius=8.5 eliteHp=19 meleeHp=0.95 meleeDamage=0.045 meleeAttackInterval=15 shooterRange=4.4 shooterDamage=0.03 shooterHp=0.8 phases=18-24-30|9-8-6|2:1/2:1/1:1	8	8	6	8		0.434	0.138	0.146	0.150	0	12.42	0.268		I2;I3;I8;I10
R e11/s15 l10 eh22 3:2/1:1/1:1 c12-18-24 i8-7-5 mh0.95 md0.045 mi15 sr4.2 sd0.03 sh0.7	engageRadius=11 spawnRadius=15 leashRadius=10 eliteHp=22 meleeHp=0.95 meleeDamage=0.045 meleeAttackInterval=15 shooterRange=4.2 shooterDamage=0.03 shooterHp=0.7 phases=12-18-24|8-7-5|3:2/1:1/1:1	8	4	2	4		0.596	0.190	0.214	0.192	0	13.11	0.336		I3;I8;I10
R e11/s16 l10 eh21 3:2/1:1/1:2 c12-18-24 i8-7-5 mh0.95 md0.04 mi15 sr4.5 sd0.04 sh0.9	engageRadius=11 spawnRadius=16 leashRadius=10 eliteHp=21 meleeHp=0.95 meleeDamage=0.04 meleeAttackInterval=15 shooterRange=4.5 shooterDamage=0.04 shooterHp=0.9 phases=12-18-24|8-7-5|3:2/1:1/1:2	8	1	0	0		0.708	0.242	0.262	0.204	0	17.88	0.488		I8
R e10/s14 l9.5 eh20 3:1/2:1/1:1 c16-22-28 i8-7-5 mh1 md0.045 mi16 sr4.5 sd0.03 sh0.9	engageRadius=10 spawnRadius=14 leashRadius=9.5 eliteHp=20 meleeHp=1 meleeDamage=0.045 meleeAttackInterval=16 shooterRange=4.5 shooterDamage=0.03 shooterHp=0.9 phases=16-22-28|8-7-5|3:1/2:1/1:1	8	1	1	0		0.797	0.257	0.314	0.226	0	14.03	0.259		I3;I8
R e11/s16 l10.5 eh19 3:2/1:1/1:2 c14-20-26 i10-7-5 mh0.95 md0.045 mi15 sr4.5 sd0.035 sh0.9	engageRadius=11 spawnRadius=16 leashRadius=10.5 eliteHp=19 meleeHp=0.95 meleeDamage=0.045 meleeAttackInterval=15 shooterRange=4.5 shooterDamage=0.035 shooterHp=0.9 phases=14-20-26|10-7-5|3:2/1:1/1:2	8	3	2	2		0.633	0.154	0.269	0.211	0	14.23	0.455		I3;I8
R e12/s16 l8.5 eh21 3:2/1:1/1:2 c14-20-26 i9-8-6 mh1.05 md0.0425 mi15 sr4.2 sd0.03 sh0.9	engageRadius=12 spawnRadius=16 leashRadius=8.5 eliteHp=21 meleeHp=1.05 meleeDamage=0.0425 meleeAttackInterval=15 shooterRange=4.2 shooterDamage=0.03 shooterHp=0.9 phases=14-20-26|9-8-6|3:2/1:1/1:2	8	5	5	5		0.510	0.168	0.180	0.162	0	14.70	0.397		I2;I3;I8;I10
R e10/s15 l8.5 eh21 3:1/2:1/1:1 c12-18-24 i10-8-6 mh0.95 md0.0425 mi15 sr4.4 sd0.035 sh0.9	engageRadius=10 spawnRadius=15 leashRadius=8.5 eliteHp=21 meleeHp=0.95 meleeDamage=0.0425 meleeAttackInterval=15 shooterRange=4.4 shooterDamage=0.035 shooterHp=0.9 phases=12-18-24|10-8-6|3:1/2:1/1:1	8	8	7	8		0.415	0.112	0.137	0.166	0	10.13	0.333		I2;I3;I8;I10
R e11/s14 l8.5 eh19 4:1/2:1/1:1 c18-24-30 i9-8-6 mh1 md0.04 mi16 sr4.5 sd0.03 sh0.8	engageRadius=11 spawnRadius=14 leashRadius=8.5 eliteHp=19 meleeHp=1 meleeDamage=0.04 meleeAttackInterval=16 shooterRange=4.5 shooterDamage=0.03 shooterHp=0.8 phases=18-24-30|9-8-6|4:1/2:1/1:1	8	6	7	6		0.448	0.163	0.143	0.142	0	9.49	0.269		I2;I3;I8;I10
R e10/s14 l10.5 eh23 5:1/3:1/2:1 c12-18-24 i9-7-5 mh1 md0.045 mi15 sr4.4 sd0.035 sh0.7	engageRadius=10 spawnRadius=14 leashRadius=10.5 eliteHp=23 meleeHp=1 meleeDamage=0.045 meleeAttackInterval=15 shooterRange=4.4 shooterDamage=0.035 shooterHp=0.7 phases=12-18-24|9-7-5|5:1/3:1/2:1	4	2	0	0		0.943	0.248	0.336	0.359	0	11.34	0.174		skilled 8/8;I2;I8
R e11/s14 l9 eh22 5:1/3:1/2:1 c18-24-30 i8-7-5 mh0.95 md0.04 mi15 sr4.4 sd0.03 sh0.9	engageRadius=11 spawnRadius=14 leashRadius=9 eliteHp=22 meleeHp=0.95 meleeDamage=0.04 meleeAttackInterval=15 shooterRange=4.4 shooterDamage=0.03 shooterHp=0.9 phases=18-24-30|8-7-5|5:1/3:1/2:1	8	5	2	2		0.649	0.193	0.216	0.241	0	11.45	0.196		I3;I8
R e10/s14 l9 eh24 5:1/3:1/2:1 c14-20-26 i9-8-6 mh1.05 md0.0425 mi16 sr4.5 sd0.03 sh0.7	engageRadius=10 spawnRadius=14 leashRadius=9 eliteHp=24 meleeHp=1.05 meleeDamage=0.0425 meleeAttackInterval=16 shooterRange=4.5 shooterDamage=0.03 shooterHp=0.7 phases=14-20-26|9-8-6|5:1/3:1/2:1	8	6	2	3		0.566	0.200	0.182	0.184	0	9.39	0.164		I3;I8;I10
R e12/s15 l9.5 eh24 2:1/2:1/1:1 c12-18-24 i9-8-6 mh0.95 md0.04 mi16 sr4.4 sd0.035 sh0.7	engageRadius=12 spawnRadius=15 leashRadius=9.5 eliteHp=24 meleeHp=0.95 meleeDamage=0.04 meleeAttackInterval=16 shooterRange=4.4 shooterDamage=0.035 shooterHp=0.7 phases=12-18-24|9-8-6|2:1/2:1/1:1	8	7	7	7		0.449	0.139	0.150	0.160	0	9.93	0.333		I2;I3;I8;I10
R e11/s16 l9.5 eh20 2:1/1:1/1:1 c12-18-24 i9-7-5 mh1 md0.04 mi16 sr4.2 sd0.04 sh0.9	engageRadius=11 spawnRadius=16 leashRadius=9.5 eliteHp=20 meleeHp=1 meleeDamage=0.04 meleeAttackInterval=16 shooterRange=4.2 shooterDamage=0.04 shooterHp=0.9 phases=12-18-24|9-7-5|2:1/1:1/1:1	7	2	2	2		0.747	0.196	0.289	0.262	0	17.35	0.420		skilled 8/8;I3;I8
R e10/s13 l9 eh22 2:1/1:1/1:1 c16-22-28 i8-7-5 mh0.95 md0.0425 mi15 sr4.5 sd0.035 sh0.7	engageRadius=10 spawnRadius=13 leashRadius=9 eliteHp=22 meleeHp=0.95 meleeDamage=0.0425 meleeAttackInterval=15 shooterRange=4.5 shooterDamage=0.035 shooterHp=0.7 phases=16-22-28|8-7-5|2:1/1:1/1:1	8	4	2	3		0.581	0.202	0.178	0.201	0	10.60	0.383		I3;I8;I10
R e10/s13 l11 eh24 4:1/3:1/2:1 c12-18-24 i10-7-5 mh1.05 md0.0425 mi16 sr4.4 sd0.035 sh0.9	engageRadius=10 spawnRadius=13 leashRadius=11 eliteHp=24 meleeHp=1.05 meleeDamage=0.0425 meleeAttackInterval=16 shooterRange=4.4 shooterDamage=0.035 shooterHp=0.9 phases=12-18-24|10-7-5|4:1/3:1/2:1	5	1	0	0		0.973	0.238	0.385	0.350	0	12.15	0.219		skilled 8/8;I2;I8
R e11/s16 l8.5 eh20 3:1/2:1/1:1 c16-22-28 i10-8-6 mh1 md0.045 mi16 sr4.4 sd0.04 sh0.7	engageRadius=11 spawnRadius=16 leashRadius=8.5 eliteHp=20 meleeHp=1 meleeDamage=0.045 meleeAttackInterval=16 shooterRange=4.4 shooterDamage=0.04 shooterHp=0.7 phases=16-22-28|10-8-6|3:1/2:1/1:1	8	8	7	8		0.437	0.119	0.168	0.150	0	11.02	0.305		I2;I3;I8;I10
R e11/s15 l11 eh19 2:1/1:1/1:1 c14-20-26 i10-7-5 mh1 md0.0425 mi16 sr4.5 sd0.03 sh0.8	engageRadius=11 spawnRadius=15 leashRadius=11 eliteHp=19 meleeHp=1 meleeDamage=0.0425 meleeAttackInterval=16 shooterRange=4.5 shooterDamage=0.03 shooterHp=0.8 phases=14-20-26|10-7-5|2:1/1:1/1:1	8	2	2	2		0.606	0.173	0.254	0.179	0	13.07	0.332		I3;I8
R e11/s14 l10.5 eh24 3:1/2:1/1:1 c14-20-26 i9-7-5 mh0.95 md0.045 mi15 sr4.5 sd0.04 sh0.9	engageRadius=11 spawnRadius=14 leashRadius=10.5 eliteHp=24 meleeHp=0.95 meleeDamage=0.045 meleeAttackInterval=15 shooterRange=4.5 shooterDamage=0.04 shooterHp=0.9 phases=14-20-26|9-7-5|3:1/2:1/1:1	7	1	0	1		0.856	0.207	0.315	0.335	0	11.53	0.342		skilled 8/8;I2;I8
R e12/s16 l9.5 eh19 3:2/1:1/1:2 c16-22-28 i9-7-5 mh0.95 md0.0425 mi15 sr4.7 sd0.03 sh0.9	engageRadius=12 spawnRadius=16 leashRadius=9.5 eliteHp=19 meleeHp=0.95 meleeDamage=0.0425 meleeAttackInterval=15 shooterRange=4.7 shooterDamage=0.03 shooterHp=0.9 phases=16-22-28|9-7-5|3:2/1:1/1:2	8	4	2	2		0.598	0.158	0.235	0.205	0	15.98	0.470		I3;I8
R e12/s16 l11 eh24 2:1/2:1/1:1 c18-24-30 i8-7-5 mh1.05 md0.045 mi16 sr4.2 sd0.035 sh0.9	engageRadius=12 spawnRadius=16 leashRadius=11 eliteHp=24 meleeHp=1.05 meleeDamage=0.045 meleeAttackInterval=16 shooterRange=4.2 shooterDamage=0.035 shooterHp=0.9 phases=18-24-30|8-7-5|2:1/2:1/1:1	5	0	0	0		0.962	0.307	0.398	0.257	0	17.62	0.305		skilled 8/8;I2
R e11/s14 l10.5 eh22 4:1/2:1/1:1 c12-18-24 i10-8-6 mh1 md0.04 mi16 sr4.2 sd0.035 sh0.8	engageRadius=11 spawnRadius=14 leashRadius=10.5 eliteHp=22 meleeHp=1 meleeDamage=0.04 meleeAttackInterval=16 shooterRange=4.2 shooterDamage=0.035 shooterHp=0.8 phases=12-18-24|10-8-6|4:1/2:1/1:1	8	5	2	3		0.552	0.190	0.213	0.149	0	8.76	0.257		I3;I8;I10
R e12/s17 l10 eh19 1:1/1:1/1:1 c16-22-28 i10-8-6 mh1 md0.04 mi15 sr4.2 sd0.04 sh0.7	engageRadius=12 spawnRadius=17 leashRadius=10 eliteHp=19 meleeHp=1 meleeDamage=0.04 meleeAttackInterval=15 shooterRange=4.2 shooterDamage=0.04 shooterHp=0.7 phases=16-22-28|10-8-6|1:1/1:1/1:1	8	8	5	5		0.490	0.142	0.206	0.141	0	13.16	0.405		I2;I3;I8;I10
R e10/s13 l11 eh23 2:1/2:1/1:1 c18-24-30 i9-8-6 mh1 md0.0425 mi15 sr4.2 sd0.03 sh0.9	engageRadius=10 spawnRadius=13 leashRadius=11 eliteHp=23 meleeHp=1 meleeDamage=0.0425 meleeAttackInterval=15 shooterRange=4.2 shooterDamage=0.03 shooterHp=0.9 phases=18-24-30|9-8-6|2:1/2:1/1:1	8	2	0	2		0.703	0.258	0.266	0.180	0	9.76	0.253		I8
R e12/s16 l9 eh19 3:2/1:1/1:1 c12-18-24 i9-8-6 mh1.05 md0.045 mi16 sr4.4 sd0.04 sh0.7	engageRadius=12 spawnRadius=16 leashRadius=9 eliteHp=19 meleeHp=1.05 meleeDamage=0.045 meleeAttackInterval=16 shooterRange=4.4 shooterDamage=0.04 shooterHp=0.7 phases=12-18-24|9-8-6|3:2/1:1/1:1	8	6	5	6		0.530	0.187	0.175	0.168	0	12.40	0.411		I2;I3;I8;I10
R e12/s17 l11 eh24 2:1/2:1/1:1 c16-22-28 i9-8-6 mh1.05 md0.045 mi15 sr4.5 sd0.03 sh0.7	engageRadius=12 spawnRadius=17 leashRadius=11 eliteHp=24 meleeHp=1.05 meleeDamage=0.045 meleeAttackInterval=15 shooterRange=4.5 shooterDamage=0.03 shooterHp=0.7 phases=16-22-28|9-8-6|2:1/2:1/1:1	8	4	3	4		0.666	0.205	0.234	0.227	0	12.39	0.222		I3;I8;I10
R e11/s15 l8.5 eh23 3:2/1:1/1:1 c12-18-24 i10-7-5 mh1.05 md0.04 mi15 sr4.7 sd0.035 sh0.7	engageRadius=11 spawnRadius=15 leashRadius=8.5 eliteHp=23 meleeHp=1.05 meleeDamage=0.04 meleeAttackInterval=15 shooterRange=4.7 shooterDamage=0.035 shooterHp=0.7 phases=12-18-24|10-7-5|3:2/1:1/1:1	8	4	6	6		0.584	0.129	0.210	0.244	0	13.63	0.439		I3;I8;I10
R e10/s14 l11 eh20 1:1/1:1/1:1 c18-24-30 i8-7-5 mh0.95 md0.04 mi15 sr4.4 sd0.03 sh0.8	engageRadius=10 spawnRadius=14 leashRadius=11 eliteHp=20 meleeHp=0.95 meleeDamage=0.04 meleeAttackInterval=15 shooterRange=4.4 shooterDamage=0.03 shooterHp=0.8 phases=18-24-30|8-7-5|1:1/1:1/1:1	8	2	2	2		0.609	0.213	0.236	0.160	0	13.23	0.408		I3;I8
R e10/s15 l8.5 eh20 4:1/3:1/2:1 c12-18-24 i8-7-5 mh0.95 md0.0425 mi15 sr4.5 sd0.04 sh0.9	engageRadius=10 spawnRadius=15 leashRadius=8.5 eliteHp=20 meleeHp=0.95 meleeDamage=0.0425 meleeAttackInterval=15 shooterRange=4.5 shooterDamage=0.04 shooterHp=0.9 phases=12-18-24|8-7-5|4:1/3:1/2:1	8	2	2	2		0.629	0.196	0.220	0.213	0	13.00	0.252		I3;I8
R e10/s13 l10 eh22 5:1/3:1/2:1 c16-22-28 i9-8-6 mh1 md0.045 mi15 sr4.7 sd0.04 sh0.7	engageRadius=10 spawnRadius=13 leashRadius=10 eliteHp=22 meleeHp=1 meleeDamage=0.045 meleeAttackInterval=15 shooterRange=4.7 shooterDamage=0.04 shooterHp=0.7 phases=16-22-28|9-8-6|5:1/3:1/2:1	7	2	2	2		0.748	0.266	0.267	0.214	0	8.47	0.169		skilled 8/8;I3;I8
R e11/s14 l8.5 eh21 2:1/2:1/1:1 c16-22-28 i9-8-6 mh0.95 md0.0425 mi16 sr4.4 sd0.03 sh0.9	engageRadius=11 spawnRadius=14 leashRadius=8.5 eliteHp=21 meleeHp=0.95 meleeDamage=0.0425 meleeAttackInterval=16 shooterRange=4.4 shooterDamage=0.03 shooterHp=0.9 phases=16-22-28|9-8-6|2:1/2:1/1:1	8	7	6	7		0.438	0.133	0.150	0.155	0	10.63	0.332		I2;I3;I8;I10
R e11/s14 l10 eh19 1:1/1:1/1:1 c16-22-28 i10-7-5 mh0.95 md0.04 mi16 sr4.4 sd0.04 sh0.9	engageRadius=11 spawnRadius=14 leashRadius=10 eliteHp=19 meleeHp=0.95 meleeDamage=0.04 meleeAttackInterval=16 shooterRange=4.4 shooterDamage=0.04 shooterHp=0.9 phases=16-22-28|10-7-5|1:1/1:1/1:1	8	3	1	2		0.642	0.156	0.296	0.190	0	12.72	0.520		I3;I8
R e11/s15 l8.5 eh19 3:1/2:1/1:1 c12-18-24 i9-7-5 mh1.05 md0.0425 mi16 sr4.5 sd0.03 sh0.7	engageRadius=11 spawnRadius=15 leashRadius=8.5 eliteHp=19 meleeHp=1.05 meleeDamage=0.0425 meleeAttackInterval=16 shooterRange=4.5 shooterDamage=0.03 shooterHp=0.7 phases=12-18-24|9-7-5|3:1/2:1/1:1	8	5	4	5		0.530	0.155	0.219	0.156	0	12.12	0.267		I2;I3;I8;I10
R e12/s16 l8.5 eh24 2:1/2:1/1:1 c16-22-28 i8-7-5 mh0.95 md0.04 mi15 sr4.7 sd0.035 sh0.8	engageRadius=12 spawnRadius=16 leashRadius=8.5 eliteHp=24 meleeHp=0.95 meleeDamage=0.04 meleeAttackInterval=15 shooterRange=4.7 shooterDamage=0.035 shooterHp=0.8 phases=16-22-28|8-7-5|2:1/2:1/1:1	8	4	2	2		0.567	0.166	0.188	0.213	0	15.79	0.383		I3;I8
R e11/s15 l11 eh19 2:1/2:1/1:1 c12-18-24 i10-7-5 mh0.95 md0.045 mi16 sr4.7 sd0.035 sh0.7	engageRadius=11 spawnRadius=15 leashRadius=11 eliteHp=19 meleeHp=0.95 meleeDamage=0.045 meleeAttackInterval=16 shooterRange=4.7 shooterDamage=0.035 shooterHp=0.7 phases=12-18-24|10-7-5|2:1/2:1/1:1	8	8	4	4		0.657	0.168	0.259	0.230	0	10.94	0.309		I3;I8;I10
R e12/s15 l9.5 eh23 3:2/1:1/1:1 c12-18-24 i10-7-5 mh0.95 md0.045 mi16 sr4.2 sd0.035 sh0.9	engageRadius=12 spawnRadius=15 leashRadius=9.5 eliteHp=23 meleeHp=0.95 meleeDamage=0.045 meleeAttackInterval=16 shooterRange=4.2 shooterDamage=0.035 shooterHp=0.9 phases=12-18-24|10-7-5|3:2/1:1/1:1	8	4	2	3		0.607	0.139	0.245	0.224	0	14.11	0.418		I3;I8;I10
R e12/s16 l9 eh21 5:1/3:1/2:1 c16-22-28 i10-8-6 mh0.95 md0.045 mi16 sr4.7 sd0.03 sh0.8	engageRadius=12 spawnRadius=16 leashRadius=9 eliteHp=21 meleeHp=0.95 meleeDamage=0.045 meleeAttackInterval=16 shooterRange=4.7 shooterDamage=0.03 shooterHp=0.8 phases=16-22-28|10-8-6|5:1/3:1/2:1	8	8	8	8		0.405	0.111	0.141	0.153	0	9.65	0.209		I2;I3;I8;I10
R e12/s17 l10.5 eh19 4:1/3:1/2:1 c16-22-28 i10-7-5 mh1.05 md0.04 mi16 sr4.4 sd0.04 sh0.8	engageRadius=12 spawnRadius=17 leashRadius=10.5 eliteHp=19 meleeHp=1.05 meleeDamage=0.04 meleeAttackInterval=16 shooterRange=4.4 shooterDamage=0.04 shooterHp=0.8 phases=16-22-28|10-7-5|4:1/3:1/2:1	8	4	2	3		0.774	0.174	0.296	0.304	0	14.05	0.243		I3;I8;I10
R e10/s15 l10.5 eh21 4:1/3:1/2:1 c14-20-26 i10-8-6 mh1 md0.0425 mi15 sr4.7 sd0.03 sh0.7	engageRadius=10 spawnRadius=15 leashRadius=10.5 eliteHp=21 meleeHp=1 meleeDamage=0.0425 meleeAttackInterval=15 shooterRange=4.7 shooterDamage=0.03 shooterHp=0.7 phases=14-20-26|10-8-6|4:1/3:1/2:1	8	5	4	3		0.561	0.201	0.221	0.138	0	8.68	0.164		I3;I8;I10
R e10/s15 l10 eh21 3:2/1:1/1:2 c12-18-24 i10-7-5 mh1 md0.04 mi16 sr4.5 sd0.03 sh0.9	engageRadius=10 spawnRadius=15 leashRadius=10 eliteHp=21 meleeHp=1 meleeDamage=0.04 meleeAttackInterval=16 shooterRange=4.5 shooterDamage=0.03 shooterHp=0.9 phases=12-18-24|10-7-5|3:2/1:1/1:2	8	3	2	3		0.587	0.162	0.263	0.162	0	13.89	0.400		I3;I8;I10
R e12/s16 l9.5 eh23 4:1/2:1/1:1 c18-24-30 i9-8-6 mh0.95 md0.0425 mi16 sr4.7 sd0.03 sh0.8	engageRadius=12 spawnRadius=16 leashRadius=9.5 eliteHp=23 meleeHp=0.95 meleeDamage=0.0425 meleeAttackInterval=16 shooterRange=4.7 shooterDamage=0.03 shooterHp=0.8 phases=18-24-30|9-8-6|4:1/2:1/1:1	8	7	6	7		0.485	0.156	0.144	0.184	0	10.84	0.278		I2;I3;I8;I10
R e11/s14 l9 eh24 4:1/3:1/2:1 c12-18-24 i10-8-6 mh1.05 md0.0425 mi16 sr4.2 sd0.03 sh0.9	engageRadius=11 spawnRadius=14 leashRadius=9 eliteHp=24 meleeHp=1.05 meleeDamage=0.0425 meleeAttackInterval=16 shooterRange=4.2 shooterDamage=0.03 shooterHp=0.9 phases=12-18-24|10-8-6|4:1/3:1/2:1	8	5	3	3		0.568	0.171	0.184	0.213	0	9.31	0.191		I3;I8;I10
R e12/s17 l10.5 eh20 2:1/1:1/1:1 c14-20-26 i10-7-5 mh1 md0.0425 mi15 sr4.4 sd0.04 sh0.7	engageRadius=12 spawnRadius=17 leashRadius=10.5 eliteHp=20 meleeHp=1 meleeDamage=0.0425 meleeAttackInterval=15 shooterRange=4.4 shooterDamage=0.04 shooterHp=0.7 phases=14-20-26|10-7-5|2:1/1:1/1:1	8	4	2	2		0.680	0.184	0.246	0.251	0	15.09	0.381		I3;I8
R e12/s17 l9.5 eh24 4:1/3:1/2:1 c14-20-26 i9-7-5 mh1.05 md0.04 mi16 sr4.2 sd0.035 sh0.8	engageRadius=12 spawnRadius=17 leashRadius=9.5 eliteHp=24 meleeHp=1.05 meleeDamage=0.04 meleeAttackInterval=16 shooterRange=4.2 shooterDamage=0.035 shooterHp=0.8 phases=14-20-26|9-7-5|4:1/3:1/2:1	7	3	2	2		0.705	0.190	0.268	0.247	0	14.26	0.232		skilled 8/8;I3;I8
R e10/s14 l9 eh19 4:1/2:1/1:1 c16-22-28 i9-8-6 mh1.05 md0.0425 mi15 sr4.4 sd0.035 sh0.8	engageRadius=10 spawnRadius=14 leashRadius=9 eliteHp=19 meleeHp=1.05 meleeDamage=0.0425 meleeAttackInterval=15 shooterRange=4.4 shooterDamage=0.035 shooterHp=0.8 phases=16-22-28|9-8-6|4:1/2:1/1:1	8	3	2	2		0.584	0.223	0.194	0.167	0	9.62	0.257		I3;I8
R e10/s15 l11 eh19 3:2/1:1/1:1 c16-22-28 i9-7-5 mh1 md0.045 mi15 sr4.7 sd0.04 sh0.8	engageRadius=10 spawnRadius=15 leashRadius=11 eliteHp=19 meleeHp=1 meleeDamage=0.045 meleeAttackInterval=15 shooterRange=4.7 shooterDamage=0.04 shooterHp=0.8 phases=16-22-28|9-7-5|3:2/1:1/1:1	7	0	0	0		0.812	0.257	0.322	0.233	0	13.94	0.398		skilled 8/8;I2
R e11/s15 l10.5 eh21 1:1/1:1/1:1 c16-22-28 i9-8-6 mh0.95 md0.045 mi15 sr4.4 sd0.03 sh0.8	engageRadius=11 spawnRadius=15 leashRadius=10.5 eliteHp=21 meleeHp=0.95 meleeDamage=0.045 meleeAttackInterval=15 shooterRange=4.4 shooterDamage=0.03 shooterHp=0.8 phases=16-22-28|9-8-6|1:1/1:1/1:1	8	6	4	4		0.495	0.173	0.176	0.146	0	11.65	0.386		I2;I3;I8;I10
R e11/s14 l9.5 eh23 1:1/1:1/1:1 c16-22-28 i8-7-5 mh1 md0.045 mi16 sr4.7 sd0.04 sh0.9	engageRadius=11 spawnRadius=14 leashRadius=9.5 eliteHp=23 meleeHp=1 meleeDamage=0.045 meleeAttackInterval=16 shooterRange=4.7 shooterDamage=0.04 shooterHp=0.9 phases=16-22-28|8-7-5|1:1/1:1/1:1	4	0	0	0		1.036	0.295	0.393	0.348	0	17.84	0.466		skilled 8/8;I2
R e11/s16 l8.5 eh23 3:2/1:1/1:2 c18-24-30 i10-7-5 mh1 md0.045 mi16 sr4.2 sd0.035 sh0.8	engageRadius=11 spawnRadius=16 leashRadius=8.5 eliteHp=23 meleeHp=1 meleeDamage=0.045 meleeAttackInterval=16 shooterRange=4.2 shooterDamage=0.035 shooterHp=0.8 phases=18-24-30|10-7-5|3:2/1:1/1:2	8	3	3	4		0.586	0.127	0.223	0.236	0	14.42	0.436		I3;I8;I10
R e11/s15 l10.5 eh24 3:1/2:1/1:1 c14-20-26 i10-7-5 mh0.95 md0.0425 mi15 sr4.5 sd0.04 sh0.9	engageRadius=11 spawnRadius=15 leashRadius=10.5 eliteHp=24 meleeHp=0.95 meleeDamage=0.0425 meleeAttackInterval=15 shooterRange=4.5 shooterDamage=0.04 shooterHp=0.9 phases=14-20-26|10-7-5|3:1/2:1/1:1	8	2	1	1		0.756	0.158	0.307	0.291	0	12.34	0.359		I3;I8
R e10/s14 l9 eh20 3:2/1:1/1:1 c12-18-24 i10-7-5 mh1 md0.0425 mi15 sr4.2 sd0.03 sh0.9	engageRadius=10 spawnRadius=14 leashRadius=9 eliteHp=20 meleeHp=1 meleeDamage=0.0425 meleeAttackInterval=15 shooterRange=4.2 shooterDamage=0.03 shooterHp=0.9 phases=12-18-24|10-7-5|3:2/1:1/1:1	8	3	2	2		0.595	0.140	0.238	0.217	0	13.92	0.393		I3;I8
R e11/s14 l10 eh21 4:1/2:1/1:1 c12-18-24 i10-7-5 mh1.05 md0.045 mi16 sr4.4 sd0.04 sh0.7	engageRadius=11 spawnRadius=14 leashRadius=10 eliteHp=21 meleeHp=1.05 meleeDamage=0.045 meleeAttackInterval=16 shooterRange=4.4 shooterDamage=0.04 shooterHp=0.7 phases=12-18-24|10-7-5|4:1/2:1/1:1	8	4	1	2		0.745	0.192	0.320	0.233	0	10.93	0.292		I3;I8
R e11/s14 l10.5 eh19 2:1/1:1/1:1 c14-20-26 i8-7-5 mh1 md0.0425 mi15 sr4.5 sd0.04 sh0.8	engageRadius=11 spawnRadius=14 leashRadius=10.5 eliteHp=19 meleeHp=1 meleeDamage=0.0425 meleeAttackInterval=15 shooterRange=4.5 shooterDamage=0.04 shooterHp=0.8 phases=14-20-26|8-7-5|2:1/1:1/1:1	7	0	0	0		0.875	0.308	0.318	0.250	0	14.20	0.363		skilled 8/8;I2
R e12/s15 l9 eh21 2:1/1:1/1:1 c12-18-24 i10-7-5 mh0.95 md0.045 mi15 sr4.4 sd0.035 sh0.9	engageRadius=12 spawnRadius=15 leashRadius=9 eliteHp=21 meleeHp=0.95 meleeDamage=0.045 meleeAttackInterval=15 shooterRange=4.4 shooterDamage=0.035 shooterHp=0.9 phases=12-18-24|10-7-5|2:1/1:1/1:1	8	5	3	4		0.642	0.142	0.240	0.260	0	14.06	0.419		I3;I8;I10
R e11/s15 l11 eh24 3:1/2:1/1:1 c16-22-28 i8-7-5 mh0.95 md0.04 mi16 sr4.4 sd0.04 sh0.7	engageRadius=11 spawnRadius=15 leashRadius=11 eliteHp=24 meleeHp=0.95 meleeDamage=0.04 meleeAttackInterval=16 shooterRange=4.4 shooterDamage=0.04 shooterHp=0.7 phases=16-22-28|8-7-5|3:1/2:1/1:1	8	3	1	1		0.668	0.208	0.241	0.219	0	11.17	0.332		I3;I8
R e12/s15 l11 eh19 4:1/2:1/1:1 c12-18-24 i10-7-5 mh1.05 md0.04 mi16 sr4.2 sd0.04 sh0.7	engageRadius=12 spawnRadius=15 leashRadius=11 eliteHp=19 meleeHp=1.05 meleeDamage=0.04 meleeAttackInterval=16 shooterRange=4.2 shooterDamage=0.04 shooterHp=0.7 phases=12-18-24|10-7-5|4:1/2:1/1:1	8	3	2	2		0.674	0.183	0.289	0.201	0	10.27	0.279		I3;I8
R e12/s17 l10 eh22 2:1/2:1/1:1 c16-22-28 i9-7-5 mh1 md0.0425 mi16 sr4.4 sd0.03 sh0.8	engageRadius=12 spawnRadius=17 leashRadius=10 eliteHp=22 meleeHp=1 meleeDamage=0.0425 meleeAttackInterval=16 shooterRange=4.4 shooterDamage=0.03 shooterHp=0.8 phases=16-22-28|9-7-5|2:1/2:1/1:1	7	4	2	2		0.703	0.195	0.277	0.231	0	16.06	0.278		skilled 8/8;I3;I8
R e12/s15 l9.5 eh21 3:2/1:1/1:2 c16-22-28 i8-7-5 mh1 md0.0425 mi15 sr4.7 sd0.04 sh0.8	engageRadius=12 spawnRadius=15 leashRadius=9.5 eliteHp=21 meleeHp=1 meleeDamage=0.0425 meleeAttackInterval=15 shooterRange=4.7 shooterDamage=0.04 shooterHp=0.8 phases=16-22-28|8-7-5|3:2/1:1/1:2	7	1	0	0		0.868	0.267	0.311	0.289	0	16.45	0.452		skilled 8/8;I2;I8
R e11/s15 l8.5 eh19 5:1/3:1/2:1 c14-20-26 i9-7-5 mh0.95 md0.04 mi15 sr4.4 sd0.035 sh0.9	engageRadius=11 spawnRadius=15 leashRadius=8.5 eliteHp=19 meleeHp=0.95 meleeDamage=0.04 meleeAttackInterval=15 shooterRange=4.4 shooterDamage=0.035 shooterHp=0.9 phases=14-20-26|9-7-5|5:1/3:1/2:1	8	5	5	5		0.533	0.139	0.217	0.177	0	11.17	0.251		I2;I3;I8;I10
R e10/s13 l11 eh22 2:1/1:1/1:1 c14-20-26 i10-7-5 mh0.95 md0.04 mi15 sr4.4 sd0.04 sh0.7	engageRadius=10 spawnRadius=13 leashRadius=11 eliteHp=22 meleeHp=0.95 meleeDamage=0.04 meleeAttackInterval=15 shooterRange=4.4 shooterDamage=0.04 shooterHp=0.7 phases=14-20-26|10-7-5|2:1/1:1/1:1	8	4	1	3		0.688	0.179	0.252	0.257	0	9.15	0.397		I3;I8;I10
R e11/s15 l11 eh23 4:1/3:1/2:1 c16-22-28 i9-7-5 mh1.05 md0.0425 mi15 sr4.7 sd0.04 sh0.9	engageRadius=11 spawnRadius=15 leashRadius=11 eliteHp=23 meleeHp=1.05 meleeDamage=0.0425 meleeAttackInterval=15 shooterRange=4.7 shooterDamage=0.04 shooterHp=0.9 phases=16-22-28|9-7-5|4:1/3:1/2:1	4	2	0	0		1.022	0.276	0.375	0.371	0	13.67	0.236		skilled 8/8;I2;I8
R e10/s15 l9 eh21 4:1/2:1/1:1 c14-20-26 i9-8-6 mh1.05 md0.045 mi16 sr4.7 sd0.035 sh0.9	engageRadius=10 spawnRadius=15 leashRadius=9 eliteHp=21 meleeHp=1.05 meleeDamage=0.045 meleeAttackInterval=16 shooterRange=4.7 shooterDamage=0.035 shooterHp=0.9 phases=14-20-26|9-8-6|4:1/2:1/1:1	8	2	2	2		0.594	0.211	0.206	0.178	0	11.49	0.275		I3;I8
R e10/s14 l9.5 eh21 4:1/2:1/1:1 c16-22-28 i8-7-5 mh0.95 md0.045 mi15 sr4.5 sd0.035 sh0.8	engageRadius=10 spawnRadius=14 leashRadius=9.5 eliteHp=21 meleeHp=0.95 meleeDamage=0.045 meleeAttackInterval=15 shooterRange=4.5 shooterDamage=0.035 shooterHp=0.8 phases=16-22-28|8-7-5|4:1/2:1/1:1	8	2	1	1		0.647	0.232	0.234	0.182	0	11.20	0.271		I3;I8
R e11/s16 l11 eh22 1:1/1:1/1:1 c18-24-30 i10-7-5 mh1 md0.04 mi16 sr4.7 sd0.03 sh0.7	engageRadius=11 spawnRadius=16 leashRadius=11 eliteHp=22 meleeHp=1 meleeDamage=0.04 meleeAttackInterval=16 shooterRange=4.7 shooterDamage=0.03 shooterHp=0.7 phases=18-24-30|10-7-5|1:1/1:1/1:1	8	5	2	2		0.591	0.136	0.236	0.219	0	13.69	0.377		I3;I8
R e10/s15 l10 eh23 4:1/2:1/1:1 c18-24-30 i9-7-5 mh0.95 md0.04 mi15 sr4.5 sd0.04 sh0.7	engageRadius=10 spawnRadius=15 leashRadius=10 eliteHp=23 meleeHp=0.95 meleeDamage=0.04 meleeAttackInterval=15 shooterRange=4.5 shooterDamage=0.04 shooterHp=0.7 phases=18-24-30|9-7-5|4:1/2:1/1:1	8	3	3	3		0.624	0.169	0.231	0.225	0	10.86	0.318		I3;I8;I10
R e10/s15 l9 eh23 2:1/1:1/1:1 c18-24-30 i10-8-6 mh0.95 md0.0425 mi15 sr4.5 sd0.03 sh0.7	engageRadius=10 spawnRadius=15 leashRadius=9 eliteHp=23 meleeHp=0.95 meleeDamage=0.0425 meleeAttackInterval=15 shooterRange=4.5 shooterDamage=0.03 shooterHp=0.7 phases=18-24-30|10-8-6|2:1/1:1/1:1	8	8	8	8		0.383	0.113	0.133	0.138	0	10.38	0.370		I2;I3;I8;I10
R e11/s15 l11 eh21 3:2/1:1/1:1 c16-22-28 i10-8-6 mh1.05 md0.045 mi15 sr4.7 sd0.04 sh0.7	engageRadius=11 spawnRadius=15 leashRadius=11 eliteHp=21 meleeHp=1.05 meleeDamage=0.045 meleeAttackInterval=15 shooterRange=4.7 shooterDamage=0.04 shooterHp=0.7 phases=16-22-28|10-8-6|3:2/1:1/1:1	8	3	2	2		0.619	0.202	0.229	0.188	0	10.60	0.407		I3;I8
R e10/s13 l11 eh24 3:2/1:1/1:1 c18-24-30 i10-7-5 mh0.95 md0.0425 mi16 sr4.2 sd0.03 sh0.8	engageRadius=10 spawnRadius=13 leashRadius=11 eliteHp=24 meleeHp=0.95 meleeDamage=0.0425 meleeAttackInterval=16 shooterRange=4.2 shooterDamage=0.03 shooterHp=0.8 phases=18-24-30|10-7-5|3:2/1:1/1:1	8	5	1	3		0.635	0.167	0.213	0.255	0	9.84	0.357		I3;I8;I10
R e12/s17 l10.5 eh21 2:1/1:1/1:1 c18-24-30 i9-8-6 mh0.95 md0.0425 mi15 sr4.2 sd0.03 sh0.7	engageRadius=12 spawnRadius=17 leashRadius=10.5 eliteHp=21 meleeHp=0.95 meleeDamage=0.0425 meleeAttackInterval=15 shooterRange=4.2 shooterDamage=0.03 shooterHp=0.7 phases=18-24-30|9-8-6|2:1/1:1/1:1	8	7	7	8		0.443	0.154	0.147	0.142	0	13.09	0.319		I2;I3;I8;I10
R e11/s14 l9.5 eh24 4:1/2:1/1:1 c12-18-24 i10-7-5 mh1 md0.04 mi16 sr4.4 sd0.03 sh0.9	engageRadius=11 spawnRadius=14 leashRadius=9.5 eliteHp=24 meleeHp=1 meleeDamage=0.04 meleeAttackInterval=16 shooterRange=4.4 shooterDamage=0.03 shooterHp=0.9 phases=12-18-24|10-7-5|4:1/2:1/1:1	7	5	1	2		0.713	0.164	0.286	0.262	0	11.54	0.271		skilled 8/8;I3;I8
R e11/s14 l10.5 eh20 1:1/1:1/1:1 c12-18-24 i9-8-6 mh0.95 md0.04 mi16 sr4.4 sd0.03 sh0.7	engageRadius=11 spawnRadius=14 leashRadius=10.5 eliteHp=20 meleeHp=0.95 meleeDamage=0.04 meleeAttackInterval=16 shooterRange=4.4 shooterDamage=0.03 shooterHp=0.7 phases=12-18-24|9-8-6|1:1/1:1/1:1	8	8	8	8		0.418	0.155	0.148	0.116	0	8.93	0.404		I2;I3;I8;I10
R e11/s16 l9.5 eh21 3:1/2:1/1:1 c14-20-26 i9-8-6 mh0.95 md0.045 mi16 sr4.2 sd0.04 sh0.9	engageRadius=11 spawnRadius=16 leashRadius=9.5 eliteHp=21 meleeHp=0.95 meleeDamage=0.045 meleeAttackInterval=16 shooterRange=4.2 shooterDamage=0.04 shooterHp=0.9 phases=14-20-26|9-8-6|3:1/2:1/1:1	8	6	3	4		0.532	0.167	0.191	0.174	0	11.41	0.322		I2;I3;I8;I10
R e12/s17 l9.5 eh24 5:1/3:1/2:1 c16-22-28 i8-7-5 mh0.95 md0.04 mi15 sr4.5 sd0.03 sh0.9	engageRadius=12 spawnRadius=17 leashRadius=9.5 eliteHp=24 meleeHp=0.95 meleeDamage=0.04 meleeAttackInterval=15 shooterRange=4.5 shooterDamage=0.03 shooterHp=0.9 phases=16-22-28|8-7-5|5:1/3:1/2:1	8	3	3	4		0.658	0.197	0.210	0.251	0	14.73	0.198		I3;I8;I10
R e11/s15 l10.5 eh21 4:1/2:1/1:1 c16-22-28 i10-8-6 mh1.05 md0.0425 mi15 sr4.2 sd0.04 sh0.8	engageRadius=11 spawnRadius=15 leashRadius=10.5 eliteHp=21 meleeHp=1.05 meleeDamage=0.0425 meleeAttackInterval=15 shooterRange=4.2 shooterDamage=0.04 shooterHp=0.8 phases=16-22-28|10-8-6|4:1/2:1/1:1	8	4	2	2		0.634	0.196	0.256	0.182	0	9.73	0.273		I3;I8
R e12/s17 l11 eh20 3:2/1:1/1:1 c12-18-24 i10-8-6 mh1 md0.0425 mi15 sr4.4 sd0.03 sh0.7	engageRadius=12 spawnRadius=17 leashRadius=11 eliteHp=20 meleeHp=1 meleeDamage=0.0425 meleeAttackInterval=15 shooterRange=4.4 shooterDamage=0.03 shooterHp=0.7 phases=12-18-24|10-8-6|3:2/1:1/1:1	8	7	5	5		0.468	0.147	0.179	0.141	0	11.99	0.332		I2;I3;I8;I10
R e10/s15 l10.5 eh24 1:1/1:1/1:1 c12-18-24 i10-7-5 mh1 md0.04 mi15 sr4.2 sd0.04 sh0.9	engageRadius=10 spawnRadius=15 leashRadius=10.5 eliteHp=24 meleeHp=1 meleeDamage=0.04 meleeAttackInterval=15 shooterRange=4.2 shooterDamage=0.04 shooterHp=0.9 phases=12-18-24|10-7-5|1:1/1:1/1:1	6	1	0	1		0.855	0.185	0.374	0.296	0	16.38	0.448		skilled 8/8;I2;I8
R e10/s13 l11 eh22 4:1/3:1/2:1 c14-20-26 i9-8-6 mh1 md0.04 mi15 sr4.5 sd0.035 sh0.9	engageRadius=10 spawnRadius=13 leashRadius=11 eliteHp=22 meleeHp=1 meleeDamage=0.04 meleeAttackInterval=15 shooterRange=4.5 shooterDamage=0.035 shooterHp=0.9 phases=14-20-26|9-8-6|4:1/3:1/2:1	8	1	1	1		0.722	0.276	0.262	0.184	0	9.14	0.199		I3;I8
R e10/s13 l11 eh23 3:1/2:1/1:1 c12-18-24 i9-7-5 mh1 md0.045 mi15 sr4.5 sd0.04 sh0.7	engageRadius=10 spawnRadius=13 leashRadius=11 eliteHp=23 meleeHp=1 meleeDamage=0.045 meleeAttackInterval=15 shooterRange=4.5 shooterDamage=0.04 shooterHp=0.7 phases=12-18-24|9-7-5|3:1/2:1/1:1	6	2	0	0		0.925	0.280	0.338	0.306	0	10.63	0.253		skilled 8/8;I2;I8
R e10/s15 l9.5 eh20 1:1/1:1/1:1 c16-22-28 i9-7-5 mh1.05 md0.04 mi16 sr4.2 sd0.04 sh0.9	engageRadius=10 spawnRadius=15 leashRadius=9.5 eliteHp=20 meleeHp=1.05 meleeDamage=0.04 meleeAttackInterval=16 shooterRange=4.2 shooterDamage=0.04 shooterHp=0.9 phases=16-22-28|9-7-5|1:1/1:1/1:1	6	2	1	1		0.808	0.188	0.331	0.288	0	17.17	0.476		skilled 8/8;I2;I3;I8
R e11/s14 l8.5 eh21 4:1/3:1/2:1 c16-22-28 i8-7-5 mh1.05 md0.045 mi15 sr4.4 sd0.035 sh0.7	engageRadius=11 spawnRadius=14 leashRadius=8.5 eliteHp=21 meleeHp=1.05 meleeDamage=0.045 meleeAttackInterval=15 shooterRange=4.4 shooterDamage=0.035 shooterHp=0.7 phases=16-22-28|8-7-5|4:1/3:1/2:1	7	2	2	2		0.802	0.249	0.264	0.290	0	12.46	0.198		skilled 8/8;I2;I3;I8
R e10/s14 l9.5 eh20 1:1/1:1/1:1 c12-18-24 i10-8-6 mh1.05 md0.045 mi15 sr4.4 sd0.03 sh0.9	engageRadius=10 spawnRadius=14 leashRadius=9.5 eliteHp=20 meleeHp=1.05 meleeDamage=0.045 meleeAttackInterval=15 shooterRange=4.4 shooterDamage=0.03 shooterHp=0.9 phases=12-18-24|10-8-6|1:1/1:1/1:1	8	3	2	3		0.520	0.163	0.222	0.135	0	11.58	0.377		I2;I3;I8;I10
R e12/s17 l11 eh21 3:1/2:1/1:1 c16-22-28 i10-7-5 mh0.95 md0.04 mi16 sr4.4 sd0.03 sh0.8	engageRadius=12 spawnRadius=17 leashRadius=11 eliteHp=21 meleeHp=0.95 meleeDamage=0.04 meleeAttackInterval=16 shooterRange=4.4 shooterDamage=0.03 shooterHp=0.8 phases=16-22-28|10-7-5|3:1/2:1/1:1	8	8	4	7		0.505	0.126	0.219	0.160	0	12.41	0.285		I2;I3;I8;I10
R e11/s16 l11 eh24 4:1/3:1/2:1 c16-22-28 i9-7-5 mh0.95 md0.045 mi16 sr4.5 sd0.035 sh0.7	engageRadius=11 spawnRadius=16 leashRadius=11 eliteHp=24 meleeHp=0.95 meleeDamage=0.045 meleeAttackInterval=16 shooterRange=4.5 shooterDamage=0.035 shooterHp=0.7 phases=16-22-28|9-7-5|4:1/3:1/2:1	8	3	3	3		0.669	0.197	0.242	0.230	0	11.35	0.223		I3;I8;I10
R e10/s15 l10 eh24 4:1/3:1/2:1 c18-24-30 i9-7-5 mh1.05 md0.04 mi15 sr4.7 sd0.03 sh0.8	engageRadius=10 spawnRadius=15 leashRadius=10 eliteHp=24 meleeHp=1.05 meleeDamage=0.04 meleeAttackInterval=15 shooterRange=4.7 shooterDamage=0.03 shooterHp=0.8 phases=18-24-30|9-7-5|4:1/3:1/2:1	7	2	0	1		0.850	0.219	0.298	0.334	0	13.37	0.211		skilled 8/8;I2;I8
R e12/s15 l11 eh22 4:1/2:1/1:1 c14-20-26 i10-7-5 mh1 md0.04 mi15 sr4.7 sd0.035 sh0.9	engageRadius=12 spawnRadius=15 leashRadius=11 eliteHp=22 meleeHp=1 meleeDamage=0.04 meleeAttackInterval=15 shooterRange=4.7 shooterDamage=0.035 shooterHp=0.9 phases=14-20-26|10-7-5|4:1/2:1/1:1	7	2	1	1		0.843	0.188	0.361	0.294	0	12.53	0.295		skilled 8/8;I2;I3;I8
R e10/s13 l9 eh19 1:1/1:1/1:1 c14-20-26 i9-8-6 mh1 md0.04 mi15 sr4.4 sd0.035 sh0.9	engageRadius=10 spawnRadius=13 leashRadius=9 eliteHp=19 meleeHp=1 meleeDamage=0.04 meleeAttackInterval=15 shooterRange=4.4 shooterDamage=0.035 shooterHp=0.9 phases=14-20-26|9-8-6|1:1/1:1/1:1	8	5	2	2		0.546	0.174	0.210	0.161	0	11.04	0.476		I2;I3;I8
R e12/s17 l9 eh24 3:1/2:1/1:1 c12-18-24 i10-7-5 mh0.95 md0.04 mi15 sr4.5 sd0.04 sh0.7	engageRadius=12 spawnRadius=17 leashRadius=9 eliteHp=24 meleeHp=0.95 meleeDamage=0.04 meleeAttackInterval=15 shooterRange=4.5 shooterDamage=0.04 shooterHp=0.7 phases=12-18-24|10-7-5|3:1/2:1/1:1	8	8	6	7		0.537	0.098	0.179	0.259	0	13.32	0.379		I2;I2 windows;I3;I8;I10
R e11/s14 l9.5 eh24 2:1/2:1/1:1 c16-22-28 i9-8-6 mh1 md0.04 mi16 sr4.5 sd0.035 sh0.9	engageRadius=11 spawnRadius=14 leashRadius=9.5 eliteHp=24 meleeHp=1 meleeDamage=0.04 meleeAttackInterval=16 shooterRange=4.5 shooterDamage=0.035 shooterHp=0.9 phases=16-22-28|9-8-6|2:1/2:1/1:1	8	3	2	2		0.663	0.192	0.224	0.247	0	11.65	0.352		I3;I8
R e11/s15 l10.5 eh23 5:1/3:1/2:1 c12-18-24 i10-8-6 mh1.05 md0.0425 mi15 sr4.5 sd0.03 sh0.9	engageRadius=11 spawnRadius=15 leashRadius=10.5 eliteHp=23 meleeHp=1.05 meleeDamage=0.0425 meleeAttackInterval=15 shooterRange=4.5 shooterDamage=0.03 shooterHp=0.9 phases=12-18-24|10-8-6|5:1/3:1/2:1	7	4	2	2		0.696	0.204	0.269	0.223	0	9.68	0.161		skilled 8/8;I3;I8
R e11/s16 l10 eh20 2:1/2:1/1:1 c12-18-24 i10-8-6 mh1 md0.045 mi16 sr4.7 sd0.04 sh0.7	engageRadius=11 spawnRadius=16 leashRadius=10 eliteHp=20 meleeHp=1 meleeDamage=0.045 meleeAttackInterval=16 shooterRange=4.7 shooterDamage=0.04 shooterHp=0.7 phases=12-18-24|10-8-6|2:1/2:1/1:1	8	5	2	3		0.543	0.170	0.203	0.169	0	11.24	0.322		I2;I3;I8;I10
R e11/s15 l10.5 eh23 5:1/3:1/2:1 c14-20-26 i10-8-6 mh1 md0.0425 mi16 sr4.5 sd0.04 sh0.8	engageRadius=11 spawnRadius=15 leashRadius=10.5 eliteHp=23 meleeHp=1 meleeDamage=0.0425 meleeAttackInterval=16 shooterRange=4.5 shooterDamage=0.04 shooterHp=0.8 phases=14-20-26|10-8-6|5:1/3:1/2:1	8	5	2	2		0.635	0.186	0.229	0.221	0	9.44	0.235		I3;I8
R e10/s15 l9.5 eh23 3:2/1:1/1:2 c14-20-26 i9-8-6 mh1 md0.04 mi16 sr4.5 sd0.035 sh0.9	engageRadius=10 spawnRadius=15 leashRadius=9.5 eliteHp=23 meleeHp=1 meleeDamage=0.04 meleeAttackInterval=16 shooterRange=4.5 shooterDamage=0.035 shooterHp=0.9 phases=14-20-26|9-8-6|3:2/1:1/1:2	8	2	2	2		0.576	0.214	0.211	0.151	0	12.64	0.441		I3;I8
R e11/s15 l9.5 eh19 4:1/3:1/2:1 c18-24-30 i8-7-5 mh0.95 md0.045 mi16 sr4.2 sd0.04 sh0.9	engageRadius=11 spawnRadius=15 leashRadius=9.5 eliteHp=19 meleeHp=0.95 meleeDamage=0.045 meleeAttackInterval=16 shooterRange=4.2 shooterDamage=0.04 shooterHp=0.9 phases=18-24-30|8-7-5|4:1/3:1/2:1	8	3	2	2		0.717	0.231	0.252	0.234	0	12.33	0.224		I3;I8
R e10/s15 l8.5 eh23 4:1/3:1/2:1 c16-22-28 i9-8-6 mh0.95 md0.0425 mi15 sr4.7 sd0.03 sh0.8	engageRadius=10 spawnRadius=15 leashRadius=8.5 eliteHp=23 meleeHp=0.95 meleeDamage=0.0425 meleeAttackInterval=15 shooterRange=4.7 shooterDamage=0.03 shooterHp=0.8 phases=16-22-28|9-8-6|4:1/3:1/2:1	8	7	6	7		0.410	0.132	0.129	0.149	0	9.69	0.236		I2;I3;I8;I10
R e12/s16 l8.5 eh21 2:1/1:1/1:1 c12-18-24 i10-8-6 mh1.05 md0.045 mi15 sr4.5 sd0.04 sh0.9	engageRadius=12 spawnRadius=16 leashRadius=8.5 eliteHp=21 meleeHp=1.05 meleeDamage=0.045 meleeAttackInterval=15 shooterRange=4.5 shooterDamage=0.04 shooterHp=0.9 phases=12-18-24|10-8-6|2:1/1:1/1:1	8	3	4	4		0.548	0.150	0.215	0.183	0	13.65	0.414		I2;I3;I8;I10
R e12/s16 l9 eh23 4:1/3:1/2:1 c16-22-28 i8-7-5 mh1 md0.045 mi15 sr4.2 sd0.035 sh0.9	engageRadius=12 spawnRadius=16 leashRadius=9 eliteHp=23 meleeHp=1 meleeDamage=0.045 meleeAttackInterval=15 shooterRange=4.2 shooterDamage=0.035 shooterHp=0.9 phases=16-22-28|8-7-5|4:1/3:1/2:1	6	1	1	1		0.919	0.258	0.308	0.353	0	15.76	0.216		skilled 8/8;I2;I3;I8
R e12/s15 l9 eh24 1:1/1:1/1:1 c16-22-28 i9-8-6 mh1.05 md0.04 mi15 sr4.7 sd0.04 sh0.7	engageRadius=12 spawnRadius=15 leashRadius=9 eliteHp=24 meleeHp=1.05 meleeDamage=0.04 meleeAttackInterval=15 shooterRange=4.7 shooterDamage=0.04 shooterHp=0.7 phases=16-22-28|9-8-6|1:1/1:1/1:1	8	4	4	5		0.519	0.163	0.166	0.190	0	12.52	0.474		I2;I3;I8;I10
R e11/s14 l10 eh21 3:1/2:1/1:1 c18-24-30 i8-7-5 mh1.05 md0.0425 mi15 sr4.7 sd0.04 sh0.7	engageRadius=11 spawnRadius=14 leashRadius=10 eliteHp=21 meleeHp=1.05 meleeDamage=0.0425 meleeAttackInterval=15 shooterRange=4.7 shooterDamage=0.04 shooterHp=0.7 phases=18-24-30|8-7-5|3:1/2:1/1:1	8	2	0	1		0.835	0.270	0.323	0.242	0	12.35	0.283		I2;I8
R e12/s17 l8.5 eh20 5:1/3:1/2:1 c14-20-26 i8-7-5 mh0.95 md0.045 mi15 sr4.5 sd0.035 sh0.8	engageRadius=12 spawnRadius=17 leashRadius=8.5 eliteHp=20 meleeHp=0.95 meleeDamage=0.045 meleeAttackInterval=15 shooterRange=4.5 shooterDamage=0.035 shooterHp=0.8 phases=14-20-26|8-7-5|5:1/3:1/2:1	8	4	5	5		0.552	0.186	0.204	0.161	0	13.50	0.192		I3;I8;I10
R e12/s16 l11 eh24 3:2/1:1/1:1 c18-24-30 i9-8-6 mh1.05 md0.0425 mi16 sr4.4 sd0.035 sh0.9	engageRadius=12 spawnRadius=16 leashRadius=11 eliteHp=24 meleeHp=1.05 meleeDamage=0.0425 meleeAttackInterval=16 shooterRange=4.4 shooterDamage=0.035 shooterHp=0.9 phases=18-24-30|9-8-6|3:2/1:1/1:1	8	2	2	2		0.679	0.233	0.228	0.217	0	13.79	0.374		I3;I8
R e10/s13 l10.5 eh24 3:2/1:1/1:2 c14-20-26 i9-7-5 mh0.95 md0.045 mi15 sr4.2 sd0.035 sh0.7	engageRadius=10 spawnRadius=13 leashRadius=10.5 eliteHp=24 meleeHp=0.95 meleeDamage=0.045 meleeAttackInterval=15 shooterRange=4.2 shooterDamage=0.035 shooterHp=0.7 phases=14-20-26|9-7-5|3:2/1:1/1:2	8	3	2	2		0.621	0.194	0.218	0.209	0	9.32	0.401		I3;I8
R e11/s14 l8.5 eh24 4:1/3:1/2:1 c16-22-28 i9-8-6 mh0.95 md0.04 mi15 sr4.4 sd0.04 sh0.7	engageRadius=11 spawnRadius=14 leashRadius=8.5 eliteHp=24 meleeHp=0.95 meleeDamage=0.04 meleeAttackInterval=15 shooterRange=4.4 shooterDamage=0.04 shooterHp=0.7 phases=16-22-28|9-8-6|4:1/3:1/2:1	8	7	7	8		0.484	0.147	0.133	0.204	0	8.89	0.266		I2;I3;I8;I10
R e12/s15 l10 eh20 4:1/3:1/2:1 c12-18-24 i8-7-5 mh0.95 md0.0425 mi16 sr4.2 sd0.03 sh0.8	engageRadius=12 spawnRadius=15 leashRadius=10 eliteHp=20 meleeHp=0.95 meleeDamage=0.0425 meleeAttackInterval=16 shooterRange=4.2 shooterDamage=0.03 shooterHp=0.8 phases=12-18-24|8-7-5|4:1/3:1/2:1	8	4	3	3		0.601	0.202	0.243	0.157	0	11.35	0.184		I3;I8;I10
R e10/s15 l10 eh20 3:1/2:1/1:1 c12-18-24 i10-8-6 mh1.05 md0.04 mi15 sr4.2 sd0.04 sh0.8	engageRadius=10 spawnRadius=15 leashRadius=10 eliteHp=20 meleeHp=1.05 meleeDamage=0.04 meleeAttackInterval=15 shooterRange=4.2 shooterDamage=0.04 shooterHp=0.8 phases=12-18-24|10-8-6|3:1/2:1/1:1	8	5	2	3		0.536	0.181	0.211	0.144	0	10.04	0.288		I2;I3;I8;I10
R e12/s17 l11 eh20 5:1/3:1/2:1 c14-20-26 i9-7-5 mh1 md0.045 mi16 sr4.7 sd0.035 sh0.9	engageRadius=12 spawnRadius=17 leashRadius=11 eliteHp=20 meleeHp=1 meleeDamage=0.045 meleeAttackInterval=16 shooterRange=4.7 shooterDamage=0.035 shooterHp=0.9 phases=14-20-26|9-7-5|5:1/3:1/2:1	7	3	1	1		0.813	0.228	0.331	0.254	0	13.92	0.212		skilled 8/8;I2;I3;I8
R e10/s13 l8.5 eh19 1:1/1:1/1:1 c14-20-26 i8-7-5 mh1 md0.045 mi15 sr4.2 sd0.04 sh0.7	engageRadius=10 spawnRadius=13 leashRadius=8.5 eliteHp=19 meleeHp=1 meleeDamage=0.045 meleeAttackInterval=15 shooterRange=4.2 shooterDamage=0.04 shooterHp=0.7 phases=14-20-26|8-7-5|1:1/1:1/1:1	8	2	2	2		0.581	0.203	0.222	0.156	0	12.06	0.456		I3;I8
R e12/s17 l11 eh22 4:1/2:1/1:1 c16-22-28 i10-7-5 mh0.95 md0.04 mi15 sr4.2 sd0.04 sh0.8	engageRadius=12 spawnRadius=17 leashRadius=11 eliteHp=22 meleeHp=0.95 meleeDamage=0.04 meleeAttackInterval=15 shooterRange=4.2 shooterDamage=0.04 shooterHp=0.8 phases=16-22-28|10-7-5|4:1/2:1/1:1	8	4	2	3		0.619	0.150	0.251	0.218	0	12.84	0.321		I3;I8;I10
R e10/s15 l8.5 eh23 1:1/1:1/1:1 c16-22-28 i10-8-6 mh1.05 md0.04 mi16 sr4.4 sd0.035 sh0.8	engageRadius=10 spawnRadius=15 leashRadius=8.5 eliteHp=23 meleeHp=1.05 meleeDamage=0.04 meleeAttackInterval=16 shooterRange=4.4 shooterDamage=0.035 shooterHp=0.8 phases=16-22-28|10-8-6|1:1/1:1/1:1	8	7	6	8		0.467	0.126	0.171	0.170	0	12.64	0.448		I2;I3;I8;I10
R e10/s13 l10.5 eh21 3:1/2:1/1:1 c12-18-24 i10-7-5 mh0.95 md0.0425 mi15 sr4.5 sd0.04 sh0.9	engageRadius=10 spawnRadius=13 leashRadius=10.5 eliteHp=21 meleeHp=0.95 meleeDamage=0.0425 meleeAttackInterval=15 shooterRange=4.5 shooterDamage=0.04 shooterHp=0.9 phases=12-18-24|10-7-5|3:1/2:1/1:1	8	3	1	1		0.708	0.196	0.278	0.235	0	9.88	0.341		I3;I8
R e10/s15 l9 eh22 3:2/1:1/1:1 c14-20-26 i9-8-6 mh1 md0.045 mi16 sr4.2 sd0.04 sh0.7	engageRadius=10 spawnRadius=15 leashRadius=9 eliteHp=22 meleeHp=1 meleeDamage=0.045 meleeAttackInterval=16 shooterRange=4.2 shooterDamage=0.04 shooterHp=0.7 phases=14-20-26|9-8-6|3:2/1:1/1:1	8	5	6	6		0.521	0.181	0.165	0.175	0	11.85	0.407		I2;I3;I8;I10
R e10/s14 l10 eh21 4:1/2:1/1:1 c14-20-26 i8-7-5 mh0.95 md0.0425 mi15 sr4.4 sd0.03 sh0.7	engageRadius=10 spawnRadius=14 leashRadius=10 eliteHp=21 meleeHp=0.95 meleeDamage=0.0425 meleeAttackInterval=15 shooterRange=4.4 shooterDamage=0.03 shooterHp=0.7 phases=14-20-26|8-7-5|4:1/2:1/1:1	8	4	2	3		0.570	0.204	0.217	0.149	0	10.42	0.249		I3;I8;I10
R e12/s16 l9 eh22 4:1/2:1/1:1 c14-20-26 i10-7-5 mh1 md0.04 mi15 sr4.4 sd0.04 sh0.9	engageRadius=12 spawnRadius=16 leashRadius=9 eliteHp=22 meleeHp=1 meleeDamage=0.04 meleeAttackInterval=15 shooterRange=4.4 shooterDamage=0.04 shooterHp=0.9 phases=14-20-26|10-7-5|4:1/2:1/1:1	8	3	1	2		0.717	0.146	0.271	0.299	0	13.93	0.355		I3;I8
R e10/s14 l10.5 eh24 2:1/2:1/1:1 c16-22-28 i8-7-5 mh0.95 md0.0425 mi16 sr4.5 sd0.03 sh0.7	engageRadius=10 spawnRadius=14 leashRadius=10.5 eliteHp=24 meleeHp=0.95 meleeDamage=0.0425 meleeAttackInterval=16 shooterRange=4.5 shooterDamage=0.03 shooterHp=0.7 phases=16-22-28|8-7-5|2:1/2:1/1:1	8	2	2	2		0.614	0.221	0.225	0.168	0	10.59	0.290		I3;I8
R e11/s14 l10 eh20 4:1/3:1/2:1 c14-20-26 i10-7-5 mh1 md0.0425 mi15 sr4.4 sd0.03 sh0.7	engageRadius=11 spawnRadius=14 leashRadius=10 eliteHp=20 meleeHp=1 meleeDamage=0.0425 meleeAttackInterval=15 shooterRange=4.4 shooterDamage=0.03 shooterHp=0.7 phases=14-20-26|10-7-5|4:1/3:1/2:1	7	4	3	2		0.786	0.189	0.295	0.303	0	10.45	0.158		skilled 8/8;I3;I8
R e12/s17 l11 eh23 3:2/1:1/1:2 c16-22-28 i10-8-6 mh1 md0.045 mi16 sr4.5 sd0.04 sh0.7	engageRadius=12 spawnRadius=17 leashRadius=11 eliteHp=23 meleeHp=1 meleeDamage=0.045 meleeAttackInterval=16 shooterRange=4.5 shooterDamage=0.04 shooterHp=0.7 phases=16-22-28|10-8-6|3:2/1:1/1:2	8	5	3	3		0.558	0.166	0.211	0.181	0	12.17	0.428		I3;I8;I10
R e12/s17 l10.5 eh22 5:1/3:1/2:1 c16-22-28 i10-8-6 mh1 md0.045 mi15 sr4.5 sd0.04 sh0.8	engageRadius=12 spawnRadius=17 leashRadius=10.5 eliteHp=22 meleeHp=1 meleeDamage=0.045 meleeAttackInterval=15 shooterRange=4.5 shooterDamage=0.04 shooterHp=0.8 phases=16-22-28|10-8-6|5:1/3:1/2:1	8	3	2	2		0.651	0.188	0.246	0.217	0	11.13	0.208		I3;I8
R e12/s17 l10 eh20 3:2/1:1/1:1 c14-20-26 i10-7-5 mh0.95 md0.045 mi15 sr4.4 sd0.04 sh0.8	engageRadius=12 spawnRadius=17 leashRadius=10 eliteHp=20 meleeHp=0.95 meleeDamage=0.045 meleeAttackInterval=15 shooterRange=4.4 shooterDamage=0.04 shooterHp=0.8 phases=14-20-26|10-7-5|3:2/1:1/1:1	8	3	2	2		0.616	0.162	0.225	0.228	0	15.27	0.429		I3;I8
R e11/s14 l9 eh19 4:1/3:1/2:1 c18-24-30 i10-7-5 mh1.05 md0.045 mi16 sr4.5 sd0.03 sh0.7	engageRadius=11 spawnRadius=14 leashRadius=9 eliteHp=19 meleeHp=1.05 meleeDamage=0.045 meleeAttackInterval=16 shooterRange=4.5 shooterDamage=0.03 shooterHp=0.7 phases=18-24-30|10-7-5|4:1/3:1/2:1	8	4	2	3		0.598	0.151	0.264	0.183	0	9.88	0.191		I3;I8;I10
R e11/s16 l8.5 eh24 2:1/2:1/1:1 c18-24-30 i10-7-5 mh0.95 md0.0425 mi16 sr4.5 sd0.04 sh0.8	engageRadius=11 spawnRadius=16 leashRadius=8.5 eliteHp=24 meleeHp=0.95 meleeDamage=0.0425 meleeAttackInterval=16 shooterRange=4.5 shooterDamage=0.04 shooterHp=0.8 phases=18-24-30|10-7-5|2:1/2:1/1:1	8	5	4	5		0.581	0.111	0.213	0.257	0	13.84	0.385		I3;I8;I10
R e10/s14 l11 eh21 4:1/3:1/2:1 c18-24-30 i10-7-5 mh1 md0.04 mi16 sr4.2 sd0.04 sh0.8	engageRadius=10 spawnRadius=14 leashRadius=11 eliteHp=21 meleeHp=1 meleeDamage=0.04 meleeAttackInterval=16 shooterRange=4.2 shooterDamage=0.04 shooterHp=0.8 phases=18-24-30|10-7-5|4:1/3:1/2:1	7	3	0	1		0.789	0.195	0.299	0.295	0	10.85	0.223		skilled 8/8;I8
R e11/s16 l10.5 eh19 3:2/1:1/1:2 c18-24-30 i10-8-6 mh1 md0.045 mi15 sr4.2 sd0.04 sh0.8	engageRadius=11 spawnRadius=16 leashRadius=10.5 eliteHp=19 meleeHp=1 meleeDamage=0.045 meleeAttackInterval=15 shooterRange=4.2 shooterDamage=0.04 shooterHp=0.8 phases=18-24-30|10-8-6|3:2/1:1/1:2	8	4	2	3		0.536	0.193	0.215	0.127	0	12.20	0.423		I2;I3;I8;I10
R e10/s14 l11 eh24 5:1/3:1/2:1 c18-24-30 i9-8-6 mh1.05 md0.045 mi16 sr4.4 sd0.035 sh0.7	engageRadius=10 spawnRadius=14 leashRadius=11 eliteHp=24 meleeHp=1.05 meleeDamage=0.045 meleeAttackInterval=16 shooterRange=4.4 shooterDamage=0.035 shooterHp=0.7 phases=18-24-30|9-8-6|5:1/3:1/2:1	7	3	2	2		0.805	0.277	0.253	0.275	0	9.18	0.153		skilled 8/8;I2;I3;I8
R e11/s15 l8.5 eh21 3:2/1:1/1:2 c12-18-24 i9-8-6 mh0.95 md0.045 mi15 sr4.4 sd0.03 sh0.7	engageRadius=11 spawnRadius=15 leashRadius=8.5 eliteHp=21 meleeHp=0.95 meleeDamage=0.045 meleeAttackInterval=15 shooterRange=4.4 shooterDamage=0.03 shooterHp=0.7 phases=12-18-24|9-8-6|3:2/1:1/1:2	8	8	8	8		0.408	0.124	0.125	0.159	0	11.37	0.395		I2;I3;I8;I10
R e11/s14 l9.5 eh20 4:1/3:1/2:1 c16-22-28 i9-7-5 mh1 md0.04 mi16 sr4.4 sd0.03 sh0.9	engageRadius=11 spawnRadius=14 leashRadius=9.5 eliteHp=20 meleeHp=1 meleeDamage=0.04 meleeAttackInterval=16 shooterRange=4.4 shooterDamage=0.03 shooterHp=0.9 phases=16-22-28|9-7-5|4:1/3:1/2:1	8	4	1	1		0.662	0.204	0.278	0.179	0	11.19	0.206		I3;I8
R e11/s14 l9.5 eh20 2:1/2:1/1:1 c12-18-24 i10-8-6 mh1.05 md0.0425 mi15 sr4.2 sd0.035 sh0.8	engageRadius=11 spawnRadius=14 leashRadius=9.5 eliteHp=20 meleeHp=1.05 meleeDamage=0.0425 meleeAttackInterval=15 shooterRange=4.2 shooterDamage=0.035 shooterHp=0.8 phases=12-18-24|10-8-6|2:1/2:1/1:1	8	7	4	4		0.534	0.170	0.212	0.152	0	9.70	0.305		I2;I3;I8;I10
R e10/s14 l8.5 eh21 5:1/3:1/2:1 c12-18-24 i10-8-6 mh0.95 md0.04 mi15 sr4.2 sd0.03 sh0.8	engageRadius=10 spawnRadius=14 leashRadius=8.5 eliteHp=21 meleeHp=0.95 meleeDamage=0.04 meleeAttackInterval=15 shooterRange=4.2 shooterDamage=0.03 shooterHp=0.8 phases=12-18-24|10-8-6|5:1/3:1/2:1	8	8	8	8		0.352	0.094	0.127	0.130	0	7.61	0.195		I2;I2 windows;I3;I8;I10
R e11/s15 l8.5 eh22 3:2/1:1/1:2 c14-20-26 i9-7-5 mh0.95 md0.04 mi15 sr4.2 sd0.035 sh0.7	engageRadius=11 spawnRadius=15 leashRadius=8.5 eliteHp=22 meleeHp=0.95 meleeDamage=0.04 meleeAttackInterval=15 shooterRange=4.2 shooterDamage=0.035 shooterHp=0.7 phases=14-20-26|9-7-5|3:2/1:1/1:2	8	8	7	8		0.461	0.121	0.177	0.163	0	12.28	0.460		I2;I3;I8;I10
R e11/s16 l10 eh21 1:1/1:1/1:1 c12-18-24 i10-8-6 mh1 md0.04 mi16 sr4.5 sd0.04 sh0.8	engageRadius=11 spawnRadius=16 leashRadius=10 eliteHp=21 meleeHp=1 meleeDamage=0.04 meleeAttackInterval=16 shooterRange=4.5 shooterDamage=0.04 shooterHp=0.8 phases=12-18-24|10-8-6|1:1/1:1/1:1	8	4	2	2		0.494	0.153	0.198	0.143	0	13.41	0.490		I2;I3;I8
R e11/s16 l9 eh23 1:1/1:1/1:1 c16-22-28 i10-7-5 mh0.95 md0.04 mi15 sr4.4 sd0.035 sh0.8	engageRadius=11 spawnRadius=16 leashRadius=9 eliteHp=23 meleeHp=0.95 meleeDamage=0.04 meleeAttackInterval=15 shooterRange=4.4 shooterDamage=0.035 shooterHp=0.8 phases=16-22-28|10-7-5|1:1/1:1/1:1	8	5	6	6		0.579	0.110	0.208	0.261	0	15.95	0.472		I3;I8;I10
F0 base	engageRadius=10 spawnRadius=15 leashRadius=11 eliteHp=19 meleeHp=1 meleeDamage=0.045 meleeAttackInterval=15 shooterRange=4.7 shooterDamage=0.04 shooterHp=0.8 phases=16-22-28|9-7-5|3:2/1:1/1:1	7	0	0	0		0.812	0.257	0.322	0.233	0	13.94	0.398		skilled 8/8;I2
F engageRadius 9	engageRadius=9 spawnRadius=15 leashRadius=11 eliteHp=19 meleeHp=1 meleeDamage=0.045 meleeAttackInterval=15 shooterRange=4.7 shooterDamage=0.04 shooterHp=0.8 phases=16-22-28|9-7-5|3:2/1:1/1:1	7	0	0	0		0.815	0.257	0.322	0.236	0	13.97	0.397		skilled 8/8;I2
F engageRadius 11	engageRadius=11 spawnRadius=15 leashRadius=11 eliteHp=19 meleeHp=1 meleeDamage=0.045 meleeAttackInterval=15 shooterRange=4.7 shooterDamage=0.04 shooterHp=0.8 phases=16-22-28|9-7-5|3:2/1:1/1:1	7	0	0	0		0.807	0.257	0.322	0.228	0	13.86	0.399		skilled 8/8;I2
F engageRadius 12	engageRadius=12 spawnRadius=15 leashRadius=11 eliteHp=19 meleeHp=1 meleeDamage=0.045 meleeAttackInterval=15 shooterRange=4.7 shooterDamage=0.04 shooterHp=0.8 phases=16-22-28|9-7-5|3:2/1:1/1:1	7	0	0	0		0.811	0.257	0.322	0.232	0	13.85	0.398		skilled 8/8;I2
F spawnRadius 13	engageRadius=10 spawnRadius=13 leashRadius=11 eliteHp=19 meleeHp=1 meleeDamage=0.045 meleeAttackInterval=15 shooterRange=4.7 shooterDamage=0.04 shooterHp=0.8 phases=16-22-28|9-7-5|3:2/1:1/1:1	8	2	0	0		0.885	0.270	0.352	0.263	0	11.60	0.404		I2;I8
F spawnRadius 14	engageRadius=10 spawnRadius=14 leashRadius=11 eliteHp=19 meleeHp=1 meleeDamage=0.045 meleeAttackInterval=15 shooterRange=4.7 shooterDamage=0.04 shooterHp=0.8 phases=16-22-28|9-7-5|3:2/1:1/1:1	7	0	0	0		0.844	0.255	0.325	0.264	0	12.34	0.397		skilled 8/8;I2
F spawnRadius 16	engageRadius=10 spawnRadius=16 leashRadius=11 eliteHp=19 meleeHp=1 meleeDamage=0.045 meleeAttackInterval=15 shooterRange=4.7 shooterDamage=0.04 shooterHp=0.8 phases=16-22-28|9-7-5|3:2/1:1/1:1	8	2	0	0		0.785	0.221	0.348	0.216	0	15.05	0.412		I8
F spawnRadius 17	engageRadius=10 spawnRadius=17 leashRadius=11 eliteHp=19 meleeHp=1 meleeDamage=0.045 meleeAttackInterval=15 shooterRange=4.7 shooterDamage=0.04 shooterHp=0.8 phases=16-22-28|9-7-5|3:2/1:1/1:1	8	1	0	0		0.816	0.245	0.316	0.255	0	15.85	0.382		I2;I8
F leashRadius 9.5	engageRadius=10 spawnRadius=15 leashRadius=9.5 eliteHp=19 meleeHp=1 meleeDamage=0.045 meleeAttackInterval=15 shooterRange=4.7 shooterDamage=0.04 shooterHp=0.8 phases=16-22-28|9-7-5|3:2/1:1/1:1	7	1	1	1		0.803	0.222	0.301	0.281	0	14.64	0.414		skilled 8/8;I2;I3;I8
F leashRadius 10	engageRadius=10 spawnRadius=15 leashRadius=10 eliteHp=19 meleeHp=1 meleeDamage=0.045 meleeAttackInterval=15 shooterRange=4.7 shooterDamage=0.04 shooterHp=0.8 phases=16-22-28|9-7-5|3:2/1:1/1:1	7	0	0	0		0.823	0.244	0.314	0.266	0	14.25	0.411		skilled 8/8;I2
F leashRadius 10.5	engageRadius=10 spawnRadius=15 leashRadius=10.5 eliteHp=19 meleeHp=1 meleeDamage=0.045 meleeAttackInterval=15 shooterRange=4.7 shooterDamage=0.04 shooterHp=0.8 phases=16-22-28|9-7-5|3:2/1:1/1:1	7	1	0	0		0.822	0.242	0.314	0.265	0	13.71	0.403		skilled 8/8;I2;I8
F leashRadius 11.5	engageRadius=10 spawnRadius=15 leashRadius=11.5 eliteHp=19 meleeHp=1 meleeDamage=0.045 meleeAttackInterval=15 shooterRange=4.7 shooterDamage=0.04 shooterHp=0.8 phases=16-22-28|9-7-5|3:2/1:1/1:1	7	0	0	0		0.844	0.257	0.322	0.265	0	13.23	0.412		skilled 8/8;I2
F leashRadius 12	engageRadius=10 spawnRadius=15 leashRadius=12 eliteHp=19 meleeHp=1 meleeDamage=0.045 meleeAttackInterval=15 shooterRange=4.7 shooterDamage=0.04 shooterHp=0.8 phases=16-22-28|9-7-5|3:2/1:1/1:1	6	0	0	0		0.941	0.275	0.386	0.279	0	14.64	0.395		skilled 8/8;I2
F eliteHp 17	engageRadius=10 spawnRadius=15 leashRadius=11 eliteHp=17 meleeHp=1 meleeDamage=0.045 meleeAttackInterval=15 shooterRange=4.7 shooterDamage=0.04 shooterHp=0.8 phases=16-22-28|9-7-5|3:2/1:1/1:1	7	0	0	0		0.784	0.257	0.322	0.205	0	13.73	0.398		skilled 8/8
F eliteHp 18	engageRadius=10 spawnRadius=15 leashRadius=11 eliteHp=18 meleeHp=1 meleeDamage=0.045 meleeAttackInterval=15 shooterRange=4.7 shooterDamage=0.04 shooterHp=0.8 phases=16-22-28|9-7-5|3:2/1:1/1:1	7	0	0	0		0.798	0.257	0.322	0.218	0	13.83	0.398		skilled 8/8
F eliteHp 20	engageRadius=10 spawnRadius=15 leashRadius=11 eliteHp=20 meleeHp=1 meleeDamage=0.045 meleeAttackInterval=15 shooterRange=4.7 shooterDamage=0.04 shooterHp=0.8 phases=16-22-28|9-7-5|3:2/1:1/1:1	7	0	0	0		0.827	0.257	0.322	0.247	0	14.05	0.397		skilled 8/8;I2
F eliteHp 21	engageRadius=10 spawnRadius=15 leashRadius=11 eliteHp=21 meleeHp=1 meleeDamage=0.045 meleeAttackInterval=15 shooterRange=4.7 shooterDamage=0.04 shooterHp=0.8 phases=16-22-28|9-7-5|3:2/1:1/1:1	7	0	0	0		0.845	0.257	0.322	0.266	0	14.18	0.399		skilled 8/8;I2
F eliteHp 22	engageRadius=10 spawnRadius=15 leashRadius=11 eliteHp=22 meleeHp=1 meleeDamage=0.045 meleeAttackInterval=15 shooterRange=4.7 shooterDamage=0.04 shooterHp=0.8 phases=16-22-28|9-7-5|3:2/1:1/1:1	7	0	0	0		0.866	0.257	0.322	0.286	0	14.32	0.398		skilled 8/8;I2
F meleeHp 0.9	engageRadius=10 spawnRadius=15 leashRadius=11 eliteHp=19 meleeHp=0.9 meleeDamage=0.045 meleeAttackInterval=15 shooterRange=4.7 shooterDamage=0.04 shooterHp=0.8 phases=16-22-28|9-7-5|3:2/1:1/1:1	8	3	2	1		0.644	0.193	0.283	0.169	0	12.57	0.450		I3;I8
F meleeHp 0.95	engageRadius=10 spawnRadius=15 leashRadius=11 eliteHp=19 meleeHp=0.95 meleeDamage=0.045 meleeAttackInterval=15 shooterRange=4.7 shooterDamage=0.04 shooterHp=0.8 phases=16-22-28|9-7-5|3:2/1:1/1:1	8	2	1	1		0.708	0.211	0.279	0.218	0	12.73	0.431		I3;I8
F meleeHp 1.05	engageRadius=10 spawnRadius=15 leashRadius=11 eliteHp=19 meleeHp=1.05 meleeDamage=0.045 meleeAttackInterval=15 shooterRange=4.7 shooterDamage=0.04 shooterHp=0.8 phases=16-22-28|9-7-5|3:2/1:1/1:1	8	1	0	0		0.815	0.250	0.308	0.257	0	13.28	0.403		I2;I8
F meleeDamage 0.04	engageRadius=10 spawnRadius=15 leashRadius=11 eliteHp=19 meleeHp=1 meleeDamage=0.04 meleeAttackInterval=15 shooterRange=4.7 shooterDamage=0.04 shooterHp=0.8 phases=16-22-28|9-7-5|3:2/1:1/1:1	7	2	0	0		0.754	0.239	0.295	0.220	0	13.89	0.441		skilled 8/8;I8
F meleeDamage 0.0425	engageRadius=10 spawnRadius=15 leashRadius=11 eliteHp=19 meleeHp=1 meleeDamage=0.0425 meleeAttackInterval=15 shooterRange=4.7 shooterDamage=0.04 shooterHp=0.8 phases=16-22-28|9-7-5|3:2/1:1/1:1	7	1	0	0		0.794	0.248	0.312	0.234	0	14.13	0.420		skilled 8/8;I8
F meleeDamage 0.0475	engageRadius=10 spawnRadius=15 leashRadius=11 eliteHp=19 meleeHp=1 meleeDamage=0.0475 meleeAttackInterval=15 shooterRange=4.7 shooterDamage=0.04 shooterHp=0.8 phases=16-22-28|9-7-5|3:2/1:1/1:1	7	1	0	0		0.846	0.267	0.342	0.237	0	13.37	0.382		skilled 8/8;I2;I8
F meleeAttackInterval 14	engageRadius=10 spawnRadius=15 leashRadius=11 eliteHp=19 meleeHp=1 meleeDamage=0.045 meleeAttackInterval=14 shooterRange=4.7 shooterDamage=0.04 shooterHp=0.8 phases=16-22-28|9-7-5|3:2/1:1/1:1	7	1	0	0		0.857	0.268	0.335	0.254	0	13.60	0.377		skilled 8/8;I2;I8
F meleeAttackInterval 16	engageRadius=10 spawnRadius=15 leashRadius=11 eliteHp=19 meleeHp=1 meleeDamage=0.045 meleeAttackInterval=16 shooterRange=4.7 shooterDamage=0.04 shooterHp=0.8 phases=16-22-28|9-7-5|3:2/1:1/1:1	7	0	0	0		0.776	0.250	0.305	0.221	0	13.94	0.408		skilled 8/8
F meleeAttackInterval 17	engageRadius=10 spawnRadius=15 leashRadius=11 eliteHp=19 meleeHp=1 meleeDamage=0.045 meleeAttackInterval=17 shooterRange=4.7 shooterDamage=0.04 shooterHp=0.8 phases=16-22-28|9-7-5|3:2/1:1/1:1	8	1	0	0		0.760	0.243	0.300	0.216	0	13.92	0.421		I8
F shooterRange 4.4	engageRadius=10 spawnRadius=15 leashRadius=11 eliteHp=19 meleeHp=1 meleeDamage=0.045 meleeAttackInterval=15 shooterRange=4.4 shooterDamage=0.04 shooterHp=0.8 phases=16-22-28|9-7-5|3:2/1:1/1:1	7	3	0	0		0.790	0.249	0.330	0.210	0	14.07	0.394		skilled 8/8;I8
F shooterRange 4.5	engageRadius=10 spawnRadius=15 leashRadius=11 eliteHp=19 meleeHp=1 meleeDamage=0.045 meleeAttackInterval=15 shooterRange=4.5 shooterDamage=0.04 shooterHp=0.8 phases=16-22-28|9-7-5|3:2/1:1/1:1	7	1	0	0		0.847	0.236	0.374	0.237	0	14.62	0.422		skilled 8/8;I2;I8
F shooterRange 4.6	engageRadius=10 spawnRadius=15 leashRadius=11 eliteHp=19 meleeHp=1 meleeDamage=0.045 meleeAttackInterval=15 shooterRange=4.6 shooterDamage=0.04 shooterHp=0.8 phases=16-22-28|9-7-5|3:2/1:1/1:1	7	1	0	0		0.842	0.243	0.329	0.270	0	13.76	0.391		skilled 8/8;I2;I8
F shooterRange 4.8	engageRadius=10 spawnRadius=15 leashRadius=11 eliteHp=19 meleeHp=1 meleeDamage=0.045 meleeAttackInterval=15 shooterRange=4.8 shooterDamage=0.04 shooterHp=0.8 phases=16-22-28|9-7-5|3:2/1:1/1:1	7	1	0	0		0.858	0.245	0.340	0.274	0	13.84	0.418		skilled 8/8;I2;I8
F shooterRange 4.9	engageRadius=10 spawnRadius=15 leashRadius=11 eliteHp=19 meleeHp=1 meleeDamage=0.045 meleeAttackInterval=15 shooterRange=4.9 shooterDamage=0.04 shooterHp=0.8 phases=16-22-28|9-7-5|3:2/1:1/1:1	7	0	0	0		0.847	0.258	0.343	0.246	0	13.96	0.403		skilled 8/8;I2
F shooterDamage 0.03	engageRadius=10 spawnRadius=15 leashRadius=11 eliteHp=19 meleeHp=1 meleeDamage=0.045 meleeAttackInterval=15 shooterRange=4.7 shooterDamage=0.03 shooterHp=0.8 phases=16-22-28|9-7-5|3:2/1:1/1:1	7	2	1	0		0.729	0.235	0.278	0.216	0	13.89	0.330		skilled 8/8;I3;I8
F shooterDamage 0.035	engageRadius=10 spawnRadius=15 leashRadius=11 eliteHp=19 meleeHp=1 meleeDamage=0.045 meleeAttackInterval=15 shooterRange=4.7 shooterDamage=0.035 shooterHp=0.8 phases=16-22-28|9-7-5|3:2/1:1/1:1	7	2	0	0		0.767	0.246	0.300	0.221	0	13.96	0.371		skilled 8/8;I8
F shooterDamage 0.045	engageRadius=10 spawnRadius=15 leashRadius=11 eliteHp=19 meleeHp=1 meleeDamage=0.045 meleeAttackInterval=15 shooterRange=4.7 shooterDamage=0.045 shooterHp=0.8 phases=16-22-28|9-7-5|3:2/1:1/1:1	7	0	0	0		0.868	0.268	0.350	0.249	0	13.53	0.419		skilled 8/8;I2
F shooterHp 0.7	engageRadius=10 spawnRadius=15 leashRadius=11 eliteHp=19 meleeHp=1 meleeDamage=0.045 meleeAttackInterval=15 shooterRange=4.7 shooterDamage=0.04 shooterHp=0.7 phases=16-22-28|9-7-5|3:2/1:1/1:1	8	2	0	0		0.686	0.238	0.270	0.178	0	12.16	0.378		I8
F shooterHp 0.75	engageRadius=10 spawnRadius=15 leashRadius=11 eliteHp=19 meleeHp=1 meleeDamage=0.045 meleeAttackInterval=15 shooterRange=4.7 shooterDamage=0.04 shooterHp=0.75 phases=16-22-28|9-7-5|3:2/1:1/1:1	8	1	0	0		0.835	0.258	0.321	0.256	0	14.21	0.388		I2;I8
F shooterHp 0.85	engageRadius=10 spawnRadius=15 leashRadius=11 eliteHp=19 meleeHp=1 meleeDamage=0.045 meleeAttackInterval=15 shooterRange=4.7 shooterDamage=0.04 shooterHp=0.85 phases=16-22-28|9-7-5|3:2/1:1/1:1	7	0	0	0		0.920	0.259	0.378	0.283	0	15.01	0.411		skilled 8/8;I2
F shooterHp 0.9	engageRadius=10 spawnRadius=15 leashRadius=11 eliteHp=19 meleeHp=1 meleeDamage=0.045 meleeAttackInterval=15 shooterRange=4.7 shooterDamage=0.04 shooterHp=0.9 phases=16-22-28|9-7-5|3:2/1:1/1:1	7	0	0	0		0.929	0.260	0.397	0.272	0	14.91	0.410		skilled 8/8;I2
F meleeMoveSpeed 0.135	engageRadius=10 spawnRadius=15 leashRadius=11 eliteHp=19 meleeHp=1 meleeDamage=0.045 meleeAttackInterval=15 shooterRange=4.7 shooterDamage=0.04 shooterHp=0.8 meleeMoveSpeed=0.135 phases=16-22-28|9-7-5|3:2/1:1/1:1	8	1	0	0		0.789	0.247	0.331	0.211	0	13.41	0.432		I8
F meleeMoveSpeed 0.145	engageRadius=10 spawnRadius=15 leashRadius=11 eliteHp=19 meleeHp=1 meleeDamage=0.045 meleeAttackInterval=15 shooterRange=4.7 shooterDamage=0.04 shooterHp=0.8 meleeMoveSpeed=0.145 phases=16-22-28|9-7-5|3:2/1:1/1:1	7	0	0	0		0.815	0.244	0.333	0.238	0	12.82	0.388		skilled 8/8;I2
F meleeMoveSpeed 0.15	engageRadius=10 spawnRadius=15 leashRadius=11 eliteHp=19 meleeHp=1 meleeDamage=0.045 meleeAttackInterval=15 shooterRange=4.7 shooterDamage=0.04 shooterHp=0.8 meleeMoveSpeed=0.15 phases=16-22-28|9-7-5|3:2/1:1/1:1	6	1	0	0		0.921	0.261	0.372	0.288	0	14.57	0.386		skilled 8/8;I2;I8
F eliteSpawnTick 1700	engageRadius=10 spawnRadius=15 leashRadius=11 eliteHp=19 meleeHp=1 meleeDamage=0.045 meleeAttackInterval=15 shooterRange=4.7 shooterDamage=0.04 shooterHp=0.8 eliteSpawnTick=1700 phases=16-22-28|9-7-5|3:2/1:1/1:1	7	2	0	0		0.775	0.257	0.343	0.175	0	13.58	0.402		skilled 8/8;I8
F eliteSpawnTick 1900	engageRadius=10 spawnRadius=15 leashRadius=11 eliteHp=19 meleeHp=1 meleeDamage=0.045 meleeAttackInterval=15 shooterRange=4.7 shooterDamage=0.04 shooterHp=0.8 eliteSpawnTick=1900 phases=16-22-28|9-7-5|3:2/1:1/1:1	7	1	0	0		0.962	0.257	0.322	0.383	0	15.03	0.416		skilled 8/8;I2;I8
F eliteSpawnTick 2000	engageRadius=10 spawnRadius=15 leashRadius=11 eliteHp=19 meleeHp=1 meleeDamage=0.045 meleeAttackInterval=15 shooterRange=4.7 shooterDamage=0.04 shooterHp=0.8 eliteSpawnTick=2000 phases=16-22-28|9-7-5|3:2/1:1/1:1	6	0	0	0		1.023	0.257	0.322	0.444	0	15.73	0.417		skilled 8/8;I2
F eliteDamage 0.3	engageRadius=10 spawnRadius=15 leashRadius=11 eliteHp=19 meleeHp=1 meleeDamage=0.045 meleeAttackInterval=15 shooterRange=4.7 shooterDamage=0.04 shooterHp=0.8 eliteDamage=0.3 phases=16-22-28|9-7-5|3:2/1:1/1:1	7	1	0	0		0.807	0.257	0.322	0.227	0	13.93	0.400		skilled 8/8;I2;I8
F eliteDamage 0.5	engageRadius=10 spawnRadius=15 leashRadius=11 eliteHp=19 meleeHp=1 meleeDamage=0.045 meleeAttackInterval=15 shooterRange=4.7 shooterDamage=0.04 shooterHp=0.8 eliteDamage=0.5 phases=16-22-28|9-7-5|3:2/1:1/1:1	7	0	0	0		0.819	0.257	0.322	0.239	0	13.96	0.396		skilled 8/8;I2
F shooterMoveSpeed 0.05	engageRadius=10 spawnRadius=15 leashRadius=11 eliteHp=19 meleeHp=1 meleeDamage=0.045 meleeAttackInterval=15 shooterRange=4.7 shooterDamage=0.04 shooterHp=0.8 shooterMoveSpeed=0.05 phases=16-22-28|9-7-5|3:2/1:1/1:1	8	1	0	0		0.751	0.238	0.301	0.213	0	13.34	0.369		I8
F shooterMoveSpeed 0.07	engageRadius=10 spawnRadius=15 leashRadius=11 eliteHp=19 meleeHp=1 meleeDamage=0.045 meleeAttackInterval=15 shooterRange=4.7 shooterDamage=0.04 shooterHp=0.8 shooterMoveSpeed=0.07 phases=16-22-28|9-7-5|3:2/1:1/1:1	7	1	0	0		0.876	0.264	0.349	0.264	0	13.92	0.413		skilled 8/8;I2;I8
F eliteApproachRange 3.5	engageRadius=10 spawnRadius=15 leashRadius=11 eliteHp=19 meleeHp=1 meleeDamage=0.045 meleeAttackInterval=15 shooterRange=4.7 shooterDamage=0.04 shooterHp=0.8 eliteApproachRange=3.5 phases=16-22-28|9-7-5|3:2/1:1/1:1	7	2	0	0		0.804	0.257	0.322	0.224	0	13.93	0.395		skilled 8/8;I2;I8
F eliteApproachRange 4.9	engageRadius=10 spawnRadius=15 leashRadius=11 eliteHp=19 meleeHp=1 meleeDamage=0.045 meleeAttackInterval=15 shooterRange=4.7 shooterDamage=0.04 shooterHp=0.8 eliteApproachRange=4.9 phases=16-22-28|9-7-5|3:2/1:1/1:1	7	0	0	0		0.815	0.257	0.322	0.236	0	13.94	0.395		skilled 8/8;I2
F eliteTelegraphTicks 44	engageRadius=10 spawnRadius=15 leashRadius=11 eliteHp=19 meleeHp=1 meleeDamage=0.045 meleeAttackInterval=15 shooterRange=4.7 shooterDamage=0.04 shooterHp=0.8 eliteTelegraphTicks=44 phases=16-22-28|9-7-5|3:2/1:1/1:1	7	1	0	0		0.796	0.257	0.322	0.217	0	13.80	0.394		skilled 8/8;I8
F eliteTelegraphTicks 64	engageRadius=10 spawnRadius=15 leashRadius=11 eliteHp=19 meleeHp=1 meleeDamage=0.045 meleeAttackInterval=15 shooterRange=4.7 shooterDamage=0.04 shooterHp=0.8 eliteTelegraphTicks=64 phases=16-22-28|9-7-5|3:2/1:1/1:1	7	1	0	0		0.811	0.257	0.322	0.232	0	13.94	0.397		skilled 8/8;I2;I8
F absoluteEnemyCap 50	engageRadius=10 spawnRadius=15 leashRadius=11 eliteHp=19 meleeHp=1 meleeDamage=0.045 meleeAttackInterval=15 shooterRange=4.7 shooterDamage=0.04 shooterHp=0.8 absoluteEnemyCap=50 phases=16-22-28|9-7-5|3:2/1:1/1:1	7	0	0	0		0.812	0.257	0.322	0.233	0	13.94	0.398		skilled 8/8;I2
F absoluteEnemyCap 80	engageRadius=10 spawnRadius=15 leashRadius=11 eliteHp=19 meleeHp=1 meleeDamage=0.045 meleeAttackInterval=15 shooterRange=4.7 shooterDamage=0.04 shooterHp=0.8 absoluteEnemyCap=80 phases=16-22-28|9-7-5|3:2/1:1/1:1	7	0	0	0		0.812	0.257	0.322	0.233	0	13.94	0.398		skilled 8/8;I2
F backlogSize 8	engageRadius=10 spawnRadius=15 leashRadius=11 eliteHp=19 meleeHp=1 meleeDamage=0.045 meleeAttackInterval=15 shooterRange=4.7 shooterDamage=0.04 shooterHp=0.8 backlogSize=8 phases=16-22-28|9-7-5|3:2/1:1/1:1	7	0	0	0		0.812	0.257	0.322	0.233	0	13.94	0.398		skilled 8/8;I2
F backlogSize 18	engageRadius=10 spawnRadius=15 leashRadius=11 eliteHp=19 meleeHp=1 meleeDamage=0.045 meleeAttackInterval=15 shooterRange=4.7 shooterDamage=0.04 shooterHp=0.8 backlogSize=18 phases=16-22-28|9-7-5|3:2/1:1/1:1	7	0	0	0		0.812	0.257	0.322	0.233	0	13.94	0.398		skilled 8/8;I2
F caps 12-18-24	engageRadius=10 spawnRadius=15 leashRadius=11 eliteHp=19 meleeHp=1 meleeDamage=0.045 meleeAttackInterval=15 shooterRange=4.7 shooterDamage=0.04 shooterHp=0.8 phases=12-18-24|9-7-5|3:2/1:1/1:1	7	0	0	0		0.803	0.257	0.322	0.224	0	13.80	0.401		skilled 8/8;I2
F caps 14-20-26	engageRadius=10 spawnRadius=15 leashRadius=11 eliteHp=19 meleeHp=1 meleeDamage=0.045 meleeAttackInterval=15 shooterRange=4.7 shooterDamage=0.04 shooterHp=0.8 phases=14-20-26|9-7-5|3:2/1:1/1:1	7	0	0	0		0.806	0.257	0.322	0.227	0	13.85	0.400		skilled 8/8;I2
F caps 18-24-30	engageRadius=10 spawnRadius=15 leashRadius=11 eliteHp=19 meleeHp=1 meleeDamage=0.045 meleeAttackInterval=15 shooterRange=4.7 shooterDamage=0.04 shooterHp=0.8 phases=18-24-30|9-7-5|3:2/1:1/1:1	7	0	0	0		0.813	0.257	0.322	0.234	0	13.96	0.396		skilled 8/8;I2
F caps 20-26-32	engageRadius=10 spawnRadius=15 leashRadius=11 eliteHp=19 meleeHp=1 meleeDamage=0.045 meleeAttackInterval=15 shooterRange=4.7 shooterDamage=0.04 shooterHp=0.8 phases=20-26-32|9-7-5|3:2/1:1/1:1	7	0	0	0		0.815	0.257	0.322	0.236	0	13.98	0.396		skilled 8/8;I2
F ints 10-8-6	engageRadius=10 spawnRadius=15 leashRadius=11 eliteHp=19 meleeHp=1 meleeDamage=0.045 meleeAttackInterval=15 shooterRange=4.7 shooterDamage=0.04 shooterHp=0.8 phases=16-22-28|10-8-6|3:2/1:1/1:1	8	2	0	1		0.620	0.215	0.268	0.137	0	11.07	0.419		I8
F ints 8-7-5	engageRadius=10 spawnRadius=15 leashRadius=11 eliteHp=19 meleeHp=1 meleeDamage=0.045 meleeAttackInterval=15 shooterRange=4.7 shooterDamage=0.04 shooterHp=0.8 phases=16-22-28|8-7-5|3:2/1:1/1:1	6	0	0	0		0.990	0.313	0.362	0.315	0	16.33	0.402		skilled 8/8;I2
F ints 9-8-6	engageRadius=10 spawnRadius=15 leashRadius=11 eliteHp=19 meleeHp=1 meleeDamage=0.045 meleeAttackInterval=15 shooterRange=4.7 shooterDamage=0.04 shooterHp=0.8 phases=16-22-28|9-8-6|3:2/1:1/1:1	8	1	0	0		0.632	0.257	0.234	0.141	0	11.15	0.378		I8
F ints 10-7-5	engageRadius=10 spawnRadius=15 leashRadius=11 eliteHp=19 meleeHp=1 meleeDamage=0.045 meleeAttackInterval=15 shooterRange=4.7 shooterDamage=0.04 shooterHp=0.8 phases=16-22-28|10-7-5|3:2/1:1/1:1	7	2	0	0		0.789	0.215	0.327	0.248	0	13.69	0.410		skilled 8/8;I8
F ints 9-7-6	engageRadius=10 spawnRadius=15 leashRadius=11 eliteHp=19 meleeHp=1 meleeDamage=0.045 meleeAttackInterval=15 shooterRange=4.7 shooterDamage=0.04 shooterHp=0.8 phases=16-22-28|9-7-6|3:2/1:1/1:1	7	1	0	0		0.786	0.257	0.322	0.207	0	13.56	0.392		skilled 8/8;I8
F ints 9-6-5	engageRadius=10 spawnRadius=15 leashRadius=11 eliteHp=19 meleeHp=1 meleeDamage=0.045 meleeAttackInterval=15 shooterRange=4.7 shooterDamage=0.04 shooterHp=0.8 phases=16-22-28|9-6-5|3:2/1:1/1:1	4	0	0	0		1.028	0.257	0.465	0.306	0	17.75	0.429		skilled 8/8;I2;I2 windows
F mix 5:1/3:1/2:1	engageRadius=10 spawnRadius=15 leashRadius=11 eliteHp=19 meleeHp=1 meleeDamage=0.045 meleeAttackInterval=15 shooterRange=4.7 shooterDamage=0.04 shooterHp=0.8 phases=16-22-28|9-7-5|5:1/3:1/2:1	7	2	0	0		0.945	0.274	0.365	0.305	0	12.70	0.220		skilled 8/8;I2;I8
F mix 4:1/2:1/1:1	engageRadius=10 spawnRadius=15 leashRadius=11 eliteHp=19 meleeHp=1 meleeDamage=0.045 meleeAttackInterval=15 shooterRange=4.7 shooterDamage=0.04 shooterHp=0.8 phases=16-22-28|9-7-5|4:1/2:1/1:1	7	1	1	0		0.860	0.276	0.355	0.229	0	12.29	0.268		skilled 8/8;I2;I3;I8
F mix 3:1/2:1/1:1	engageRadius=10 spawnRadius=15 leashRadius=11 eliteHp=19 meleeHp=1 meleeDamage=0.045 meleeAttackInterval=15 shooterRange=4.7 shooterDamage=0.04 shooterHp=0.8 phases=16-22-28|9-7-5|3:1/2:1/1:1	6	1	0	0		0.903	0.251	0.387	0.265	0	13.45	0.297		skilled 8/8;I2;I8
F mix 2:1/2:1/1:1	engageRadius=10 spawnRadius=15 leashRadius=11 eliteHp=19 meleeHp=1 meleeDamage=0.045 meleeAttackInterval=15 shooterRange=4.7 shooterDamage=0.04 shooterHp=0.8 phases=16-22-28|9-7-5|2:1/2:1/1:1	6	2	0	0		0.908	0.259	0.350	0.299	0	13.63	0.311		skilled 8/8;I2;I8
F mix 2:1/1:1/1:1	engageRadius=10 spawnRadius=15 leashRadius=11 eliteHp=19 meleeHp=1 meleeDamage=0.045 meleeAttackInterval=15 shooterRange=4.7 shooterDamage=0.04 shooterHp=0.8 phases=16-22-28|9-7-5|2:1/1:1/1:1	7	1	0	0		0.858	0.259	0.331	0.268	0	14.34	0.365		skilled 8/8;I2;I8
F mix 3:2/1:1/1:1	engageRadius=10 spawnRadius=15 leashRadius=11 eliteHp=19 meleeHp=1 meleeDamage=0.045 meleeAttackInterval=15 shooterRange=4.7 shooterDamage=0.04 shooterHp=0.8 phases=16-22-28|9-7-5|3:2/1:1/1:1	7	0	0	0		0.812	0.257	0.322	0.233	0	13.94	0.398		skilled 8/8;I2
F mix 1:1/1:1/1:1	engageRadius=10 spawnRadius=15 leashRadius=11 eliteHp=19 meleeHp=1 meleeDamage=0.045 meleeAttackInterval=15 shooterRange=4.7 shooterDamage=0.04 shooterHp=0.8 phases=16-22-28|9-7-5|1:1/1:1/1:1	8	1	0	0		0.807	0.233	0.325	0.249	0	14.07	0.428		I2;I8
F mix 3:2/1:1/1:2	engageRadius=10 spawnRadius=15 leashRadius=11 eliteHp=19 meleeHp=1 meleeDamage=0.045 meleeAttackInterval=15 shooterRange=4.7 shooterDamage=0.04 shooterHp=0.8 phases=16-22-28|9-7-5|3:2/1:1/1:2	7	1	0	0		0.802	0.257	0.322	0.223	0	13.96	0.425		skilled 8/8;I2;I8
F mix 2:1/3:2/1:1	engageRadius=10 spawnRadius=15 leashRadius=11 eliteHp=19 meleeHp=1 meleeDamage=0.045 meleeAttackInterval=15 shooterRange=4.7 shooterDamage=0.04 shooterHp=0.8 phases=16-22-28|9-7-5|2:1/3:2/1:1	6	2	0	0		0.897	0.259	0.360	0.278	0	13.78	0.341		skilled 8/8;I2;I8
G mi15 eh17 ms0.135 ss0.05 sh0.7	engageRadius=10 spawnRadius=15 leashRadius=11 eliteHp=17 meleeHp=1 meleeDamage=0.045 meleeAttackInterval=15 shooterRange=4.7 shooterDamage=0.04 shooterHp=0.7 meleeMoveSpeed=0.135 shooterMoveSpeed=0.05 phases=16-22-28|9-7-5|3:2/1:1/1:1	8	3	1	1		0.674	0.221	0.263	0.190	0	13.46	0.377		I3;I8
G mi15 eh17 ms0.135 ss0.05 sh0.8	engageRadius=10 spawnRadius=15 leashRadius=11 eliteHp=17 meleeHp=1 meleeDamage=0.045 meleeAttackInterval=15 shooterRange=4.7 shooterDamage=0.04 shooterHp=0.8 meleeMoveSpeed=0.135 shooterMoveSpeed=0.05 phases=16-22-28|9-7-5|3:2/1:1/1:1	8	2	0	0		0.681	0.218	0.296	0.168	0	13.91	0.408		I8
G mi15 eh17 ms0.135 ss0.06 sh0.7	engageRadius=10 spawnRadius=15 leashRadius=11 eliteHp=17 meleeHp=1 meleeDamage=0.045 meleeAttackInterval=15 shooterRange=4.7 shooterDamage=0.04 shooterHp=0.7 meleeMoveSpeed=0.135 shooterMoveSpeed=0.06 phases=16-22-28|9-7-5|3:2/1:1/1:1	8	2	1	0		0.689	0.228	0.274	0.187	0	11.90	0.400		I3;I8
G mi15 eh17 ms0.135 ss0.06 sh0.8	engageRadius=10 spawnRadius=15 leashRadius=11 eliteHp=17 meleeHp=1 meleeDamage=0.045 meleeAttackInterval=15 shooterRange=4.7 shooterDamage=0.04 shooterHp=0.8 meleeMoveSpeed=0.135 shooterMoveSpeed=0.06 phases=16-22-28|9-7-5|3:2/1:1/1:1	8	2	0	0		0.756	0.247	0.331	0.178	0	13.17	0.434		I8
G mi15 eh17 ms0.14 ss0.05 sh0.7	engageRadius=10 spawnRadius=15 leashRadius=11 eliteHp=17 meleeHp=1 meleeDamage=0.045 meleeAttackInterval=15 shooterRange=4.7 shooterDamage=0.04 shooterHp=0.7 meleeMoveSpeed=0.14 shooterMoveSpeed=0.05 phases=16-22-28|9-7-5|3:2/1:1/1:1	8	4	0	0		0.701	0.228	0.265	0.208	0	12.93	0.365		I8
G mi15 eh17 ms0.14 ss0.05 sh0.8	engageRadius=10 spawnRadius=15 leashRadius=11 eliteHp=17 meleeHp=1 meleeDamage=0.045 meleeAttackInterval=15 shooterRange=4.7 shooterDamage=0.04 shooterHp=0.8 meleeMoveSpeed=0.14 shooterMoveSpeed=0.05 phases=16-22-28|9-7-5|3:2/1:1/1:1	8	1	0	0		0.726	0.238	0.301	0.188	0	13.14	0.369		I8
G mi15 eh17 ms0.14 ss0.06 sh0.7	engageRadius=10 spawnRadius=15 leashRadius=11 eliteHp=17 meleeHp=1 meleeDamage=0.045 meleeAttackInterval=15 shooterRange=4.7 shooterDamage=0.04 shooterHp=0.7 meleeMoveSpeed=0.14 shooterMoveSpeed=0.06 phases=16-22-28|9-7-5|3:2/1:1/1:1	8	2	1	1		0.656	0.238	0.270	0.147	0	11.95	0.380		I3;I8
G mi15 eh17 ms0.14 ss0.06 sh0.8	engageRadius=10 spawnRadius=15 leashRadius=11 eliteHp=17 meleeHp=1 meleeDamage=0.045 meleeAttackInterval=15 shooterRange=4.7 shooterDamage=0.04 shooterHp=0.8 meleeMoveSpeed=0.14 shooterMoveSpeed=0.06 phases=16-22-28|9-7-5|3:2/1:1/1:1	7	0	0	0		0.784	0.257	0.322	0.205	0	13.73	0.398		skilled 8/8
G mi15 eh18 ms0.135 ss0.05 sh0.7	engageRadius=10 spawnRadius=15 leashRadius=11 eliteHp=18 meleeHp=1 meleeDamage=0.045 meleeAttackInterval=15 shooterRange=4.7 shooterDamage=0.04 shooterHp=0.7 meleeMoveSpeed=0.135 shooterMoveSpeed=0.05 phases=16-22-28|9-7-5|3:2/1:1/1:1	8	3	1	1		0.691	0.221	0.263	0.207	0	13.61	0.375		I3;I8
G mi15 eh18 ms0.135 ss0.05 sh0.8	engageRadius=10 spawnRadius=15 leashRadius=11 eliteHp=18 meleeHp=1 meleeDamage=0.045 meleeAttackInterval=15 shooterRange=4.7 shooterDamage=0.04 shooterHp=0.8 meleeMoveSpeed=0.135 shooterMoveSpeed=0.05 phases=16-22-28|9-7-5|3:2/1:1/1:1	8	2	0	0		0.696	0.218	0.296	0.182	0	14.04	0.408		I8
G mi15 eh18 ms0.135 ss0.06 sh0.7	engageRadius=10 spawnRadius=15 leashRadius=11 eliteHp=18 meleeHp=1 meleeDamage=0.045 meleeAttackInterval=15 shooterRange=4.7 shooterDamage=0.04 shooterHp=0.7 meleeMoveSpeed=0.135 shooterMoveSpeed=0.06 phases=16-22-28|9-7-5|3:2/1:1/1:1	8	2	0	0		0.701	0.228	0.274	0.200	0	12.00	0.400		I8
G mi15 eh18 ms0.135 ss0.06 sh0.8	engageRadius=10 spawnRadius=15 leashRadius=11 eliteHp=18 meleeHp=1 meleeDamage=0.045 meleeAttackInterval=15 shooterRange=4.7 shooterDamage=0.04 shooterHp=0.8 meleeMoveSpeed=0.135 shooterMoveSpeed=0.06 phases=16-22-28|9-7-5|3:2/1:1/1:1	8	1	0	0		0.772	0.247	0.331	0.193	0	13.28	0.433		I8
G mi15 eh18 ms0.14 ss0.05 sh0.7	engageRadius=10 spawnRadius=15 leashRadius=11 eliteHp=18 meleeHp=1 meleeDamage=0.045 meleeAttackInterval=15 shooterRange=4.7 shooterDamage=0.04 shooterHp=0.7 meleeMoveSpeed=0.14 shooterMoveSpeed=0.05 phases=16-22-28|9-7-5|3:2/1:1/1:1	8	4	0	0		0.715	0.228	0.265	0.222	0	13.04	0.366		I8
G mi15 eh18 ms0.14 ss0.05 sh0.8	engageRadius=10 spawnRadius=15 leashRadius=11 eliteHp=18 meleeHp=1 meleeDamage=0.045 meleeAttackInterval=15 shooterRange=4.7 shooterDamage=0.04 shooterHp=0.8 meleeMoveSpeed=0.14 shooterMoveSpeed=0.05 phases=16-22-28|9-7-5|3:2/1:1/1:1	8	1	0	0		0.739	0.238	0.301	0.201	0	13.25	0.368		I8
G mi15 eh18 ms0.14 ss0.06 sh0.7	engageRadius=10 spawnRadius=15 leashRadius=11 eliteHp=18 meleeHp=1 meleeDamage=0.045 meleeAttackInterval=15 shooterRange=4.7 shooterDamage=0.04 shooterHp=0.7 meleeMoveSpeed=0.14 shooterMoveSpeed=0.06 phases=16-22-28|9-7-5|3:2/1:1/1:1	8	2	0	1		0.672	0.238	0.270	0.163	0	12.06	0.380		I8
G mi15 eh18 ms0.14 ss0.06 sh0.8	engageRadius=10 spawnRadius=15 leashRadius=11 eliteHp=18 meleeHp=1 meleeDamage=0.045 meleeAttackInterval=15 shooterRange=4.7 shooterDamage=0.04 shooterHp=0.8 meleeMoveSpeed=0.14 shooterMoveSpeed=0.06 phases=16-22-28|9-7-5|3:2/1:1/1:1	7	0	0	0		0.798	0.257	0.322	0.218	0	13.83	0.398		skilled 8/8
G mi15 eh19 ms0.135 ss0.05 sh0.7	engageRadius=10 spawnRadius=15 leashRadius=11 eliteHp=19 meleeHp=1 meleeDamage=0.045 meleeAttackInterval=15 shooterRange=4.7 shooterDamage=0.04 shooterHp=0.7 meleeMoveSpeed=0.135 shooterMoveSpeed=0.05 phases=16-22-28|9-7-5|3:2/1:1/1:1	7	3	1	1		0.714	0.221	0.263	0.230	0	13.78	0.373		skilled 8/8;I3;I8
G mi15 eh19 ms0.135 ss0.05 sh0.8	engageRadius=10 spawnRadius=15 leashRadius=11 eliteHp=19 meleeHp=1 meleeDamage=0.045 meleeAttackInterval=15 shooterRange=4.7 shooterDamage=0.04 shooterHp=0.8 meleeMoveSpeed=0.135 shooterMoveSpeed=0.05 phases=16-22-28|9-7-5|3:2/1:1/1:1	8	2	0	0		0.721	0.218	0.296	0.207	0	14.17	0.403		I8
G mi15 eh19 ms0.135 ss0.06 sh0.7	engageRadius=10 spawnRadius=15 leashRadius=11 eliteHp=19 meleeHp=1 meleeDamage=0.045 meleeAttackInterval=15 shooterRange=4.7 shooterDamage=0.04 shooterHp=0.7 meleeMoveSpeed=0.135 shooterMoveSpeed=0.06 phases=16-22-28|9-7-5|3:2/1:1/1:1	8	2	0	0		0.714	0.228	0.274	0.213	0	12.10	0.400		I8
G mi15 eh19 ms0.135 ss0.06 sh0.8	engageRadius=10 spawnRadius=15 leashRadius=11 eliteHp=19 meleeHp=1 meleeDamage=0.045 meleeAttackInterval=15 shooterRange=4.7 shooterDamage=0.04 shooterHp=0.8 meleeMoveSpeed=0.135 shooterMoveSpeed=0.06 phases=16-22-28|9-7-5|3:2/1:1/1:1	8	1	0	0		0.789	0.247	0.331	0.211	0	13.41	0.432		I8
G mi15 eh19 ms0.14 ss0.05 sh0.7	engageRadius=10 spawnRadius=15 leashRadius=11 eliteHp=19 meleeHp=1 meleeDamage=0.045 meleeAttackInterval=15 shooterRange=4.7 shooterDamage=0.04 shooterHp=0.7 meleeMoveSpeed=0.14 shooterMoveSpeed=0.05 phases=16-22-28|9-7-5|3:2/1:1/1:1	8	4	0	0		0.735	0.228	0.265	0.242	0	13.18	0.366		I8
G mi15 eh19 ms0.14 ss0.05 sh0.8	engageRadius=10 spawnRadius=15 leashRadius=11 eliteHp=19 meleeHp=1 meleeDamage=0.045 meleeAttackInterval=15 shooterRange=4.7 shooterDamage=0.04 shooterHp=0.8 meleeMoveSpeed=0.14 shooterMoveSpeed=0.05 phases=16-22-28|9-7-5|3:2/1:1/1:1	8	1	0	0		0.751	0.238	0.301	0.213	0	13.34	0.369		I8
G mi15 eh19 ms0.14 ss0.06 sh0.7	engageRadius=10 spawnRadius=15 leashRadius=11 eliteHp=19 meleeHp=1 meleeDamage=0.045 meleeAttackInterval=15 shooterRange=4.7 shooterDamage=0.04 shooterHp=0.7 meleeMoveSpeed=0.14 shooterMoveSpeed=0.06 phases=16-22-28|9-7-5|3:2/1:1/1:1	8	2	0	0		0.686	0.238	0.270	0.178	0	12.16	0.378		I8
G mi15 eh19 ms0.14 ss0.06 sh0.8	engageRadius=10 spawnRadius=15 leashRadius=11 eliteHp=19 meleeHp=1 meleeDamage=0.045 meleeAttackInterval=15 shooterRange=4.7 shooterDamage=0.04 shooterHp=0.8 meleeMoveSpeed=0.14 shooterMoveSpeed=0.06 phases=16-22-28|9-7-5|3:2/1:1/1:1	7	0	0	0		0.812	0.257	0.322	0.233	0	13.94	0.398		skilled 8/8;I2
G mi15 eh20 ms0.135 ss0.05 sh0.7	engageRadius=10 spawnRadius=15 leashRadius=11 eliteHp=20 meleeHp=1 meleeDamage=0.045 meleeAttackInterval=15 shooterRange=4.7 shooterDamage=0.04 shooterHp=0.7 meleeMoveSpeed=0.135 shooterMoveSpeed=0.05 phases=16-22-28|9-7-5|3:2/1:1/1:1	7	3	1	1		0.727	0.221	0.263	0.243	0	13.88	0.373		skilled 8/8;I3;I8
G mi15 eh20 ms0.135 ss0.05 sh0.8	engageRadius=10 spawnRadius=15 leashRadius=11 eliteHp=20 meleeHp=1 meleeDamage=0.045 meleeAttackInterval=15 shooterRange=4.7 shooterDamage=0.04 shooterHp=0.8 meleeMoveSpeed=0.135 shooterMoveSpeed=0.05 phases=16-22-28|9-7-5|3:2/1:1/1:1	8	2	0	0		0.734	0.218	0.296	0.220	0	14.29	0.402		I8
G mi15 eh20 ms0.135 ss0.06 sh0.7	engageRadius=10 spawnRadius=15 leashRadius=11 eliteHp=20 meleeHp=1 meleeDamage=0.045 meleeAttackInterval=15 shooterRange=4.7 shooterDamage=0.04 shooterHp=0.7 meleeMoveSpeed=0.135 shooterMoveSpeed=0.06 phases=16-22-28|9-7-5|3:2/1:1/1:1	8	2	0	0		0.726	0.228	0.274	0.225	0	12.21	0.400		I8
G mi15 eh20 ms0.135 ss0.06 sh0.8	engageRadius=10 spawnRadius=15 leashRadius=11 eliteHp=20 meleeHp=1 meleeDamage=0.045 meleeAttackInterval=15 shooterRange=4.7 shooterDamage=0.04 shooterHp=0.8 meleeMoveSpeed=0.135 shooterMoveSpeed=0.06 phases=16-22-28|9-7-5|3:2/1:1/1:1	8	1	0	0		0.804	0.247	0.331	0.226	0	13.51	0.431		I2;I8
G mi15 eh20 ms0.14 ss0.05 sh0.7	engageRadius=10 spawnRadius=15 leashRadius=11 eliteHp=20 meleeHp=1 meleeDamage=0.045 meleeAttackInterval=15 shooterRange=4.7 shooterDamage=0.04 shooterHp=0.7 meleeMoveSpeed=0.14 shooterMoveSpeed=0.05 phases=16-22-28|9-7-5|3:2/1:1/1:1	7	3	0	0		0.761	0.228	0.265	0.268	0	13.31	0.363		skilled 8/8;I8
G mi15 eh20 ms0.14 ss0.05 sh0.8	engageRadius=10 spawnRadius=15 leashRadius=11 eliteHp=20 meleeHp=1 meleeDamage=0.045 meleeAttackInterval=15 shooterRange=4.7 shooterDamage=0.04 shooterHp=0.8 meleeMoveSpeed=0.14 shooterMoveSpeed=0.05 phases=16-22-28|9-7-5|3:2/1:1/1:1	8	1	0	0		0.769	0.238	0.301	0.230	0	13.49	0.368		I8
G mi15 eh20 ms0.14 ss0.06 sh0.7	engageRadius=10 spawnRadius=15 leashRadius=11 eliteHp=20 meleeHp=1 meleeDamage=0.045 meleeAttackInterval=15 shooterRange=4.7 shooterDamage=0.04 shooterHp=0.7 meleeMoveSpeed=0.14 shooterMoveSpeed=0.06 phases=16-22-28|9-7-5|3:2/1:1/1:1	8	2	0	0		0.704	0.238	0.270	0.196	0	12.27	0.375		I8
G mi15 eh20 ms0.14 ss0.06 sh0.8	engageRadius=10 spawnRadius=15 leashRadius=11 eliteHp=20 meleeHp=1 meleeDamage=0.045 meleeAttackInterval=15 shooterRange=4.7 shooterDamage=0.04 shooterHp=0.8 meleeMoveSpeed=0.14 shooterMoveSpeed=0.06 phases=16-22-28|9-7-5|3:2/1:1/1:1	7	0	0	0		0.827	0.257	0.322	0.247	0	14.05	0.397		skilled 8/8;I2
G mi16 eh17 ms0.135 ss0.05 sh0.7	engageRadius=10 spawnRadius=15 leashRadius=11 eliteHp=17 meleeHp=1 meleeDamage=0.045 meleeAttackInterval=16 shooterRange=4.7 shooterDamage=0.04 shooterHp=0.7 meleeMoveSpeed=0.135 shooterMoveSpeed=0.05 phases=16-22-28|9-7-5|3:2/1:1/1:1	8	3	1	1		0.624	0.213	0.250	0.161	0	13.37	0.399		I3;I8
G mi16 eh17 ms0.135 ss0.05 sh0.8	engageRadius=10 spawnRadius=15 leashRadius=11 eliteHp=17 meleeHp=1 meleeDamage=0.045 meleeAttackInterval=16 shooterRange=4.7 shooterDamage=0.04 shooterHp=0.8 meleeMoveSpeed=0.135 shooterMoveSpeed=0.05 phases=16-22-28|9-7-5|3:2/1:1/1:1	8	2	0	0		0.709	0.212	0.297	0.201	0	13.94	0.412		I8
G mi16 eh17 ms0.135 ss0.06 sh0.7	engageRadius=10 spawnRadius=15 leashRadius=11 eliteHp=17 meleeHp=1 meleeDamage=0.045 meleeAttackInterval=16 shooterRange=4.7 shooterDamage=0.04 shooterHp=0.7 meleeMoveSpeed=0.135 shooterMoveSpeed=0.06 phases=16-22-28|9-7-5|3:2/1:1/1:1	8	2	1	1		0.676	0.221	0.266	0.190	0	12.04	0.403		I3;I8
G mi16 eh17 ms0.135 ss0.06 sh0.8	engageRadius=10 spawnRadius=15 leashRadius=11 eliteHp=17 meleeHp=1 meleeDamage=0.045 meleeAttackInterval=16 shooterRange=4.7 shooterDamage=0.04 shooterHp=0.8 meleeMoveSpeed=0.135 shooterMoveSpeed=0.06 phases=16-22-28|9-7-5|3:2/1:1/1:1	8	3	0	0		0.745	0.238	0.312	0.195	0	13.22	0.424		I8
G mi16 eh17 ms0.14 ss0.05 sh0.7	engageRadius=10 spawnRadius=15 leashRadius=11 eliteHp=17 meleeHp=1 meleeDamage=0.045 meleeAttackInterval=16 shooterRange=4.7 shooterDamage=0.04 shooterHp=0.7 meleeMoveSpeed=0.14 shooterMoveSpeed=0.05 phases=16-22-28|9-7-5|3:2/1:1/1:1	8	4	1	1		0.669	0.219	0.256	0.194	0	12.95	0.381		I3;I8
G mi16 eh17 ms0.14 ss0.05 sh0.8	engageRadius=10 spawnRadius=15 leashRadius=11 eliteHp=17 meleeHp=1 meleeDamage=0.045 meleeAttackInterval=16 shooterRange=4.7 shooterDamage=0.04 shooterHp=0.8 meleeMoveSpeed=0.14 shooterMoveSpeed=0.05 phases=16-22-28|9-7-5|3:2/1:1/1:1	8	2	0	0		0.712	0.231	0.290	0.191	0	13.21	0.393		I8
G mi16 eh17 ms0.14 ss0.06 sh0.7	engageRadius=10 spawnRadius=15 leashRadius=11 eliteHp=17 meleeHp=1 meleeDamage=0.045 meleeAttackInterval=16 shooterRange=4.7 shooterDamage=0.04 shooterHp=0.7 meleeMoveSpeed=0.14 shooterMoveSpeed=0.06 phases=16-22-28|9-7-5|3:2/1:1/1:1	8	3	1	1		0.646	0.232	0.267	0.146	0	12.21	0.390		I3;I8
G mi16 eh17 ms0.14 ss0.06 sh0.8	engageRadius=10 spawnRadius=15 leashRadius=11 eliteHp=17 meleeHp=1 meleeDamage=0.045 meleeAttackInterval=16 shooterRange=4.7 shooterDamage=0.04 shooterHp=0.8 meleeMoveSpeed=0.14 shooterMoveSpeed=0.06 phases=16-22-28|9-7-5|3:2/1:1/1:1	7	1	0	0		0.749	0.250	0.305	0.194	0	13.76	0.408		skilled 8/8;I8
G mi16 eh18 ms0.135 ss0.05 sh0.7	engageRadius=10 spawnRadius=15 leashRadius=11 eliteHp=18 meleeHp=1 meleeDamage=0.045 meleeAttackInterval=16 shooterRange=4.7 shooterDamage=0.04 shooterHp=0.7 meleeMoveSpeed=0.135 shooterMoveSpeed=0.05 phases=16-22-28|9-7-5|3:2/1:1/1:1	8	3	1	1		0.638	0.213	0.250	0.175	0	13.51	0.398		I3;I8
G mi16 eh18 ms0.135 ss0.05 sh0.8	engageRadius=10 spawnRadius=15 leashRadius=11 eliteHp=18 meleeHp=1 meleeDamage=0.045 meleeAttackInterval=16 shooterRange=4.7 shooterDamage=0.04 shooterHp=0.8 meleeMoveSpeed=0.135 shooterMoveSpeed=0.05 phases=16-22-28|9-7-5|3:2/1:1/1:1	7	2	0	0		0.732	0.212	0.297	0.224	0	14.11	0.408		skilled 8/8;I8
G mi16 eh18 ms0.135 ss0.06 sh0.7	engageRadius=10 spawnRadius=15 leashRadius=11 eliteHp=18 meleeHp=1 meleeDamage=0.045 meleeAttackInterval=16 shooterRange=4.7 shooterDamage=0.04 shooterHp=0.7 meleeMoveSpeed=0.135 shooterMoveSpeed=0.06 phases=16-22-28|9-7-5|3:2/1:1/1:1	8	2	1	1		0.687	0.221	0.266	0.201	0	12.11	0.402		I3;I8
G mi16 eh18 ms0.135 ss0.06 sh0.8	engageRadius=10 spawnRadius=15 leashRadius=11 eliteHp=18 meleeHp=1 meleeDamage=0.045 meleeAttackInterval=16 shooterRange=4.7 shooterDamage=0.04 shooterHp=0.8 meleeMoveSpeed=0.135 shooterMoveSpeed=0.06 phases=16-22-28|9-7-5|3:2/1:1/1:1	7	1	0	0		0.768	0.238	0.312	0.218	0	13.34	0.422		skilled 8/8;I8
G mi16 eh18 ms0.14 ss0.05 sh0.7	engageRadius=10 spawnRadius=15 leashRadius=11 eliteHp=18 meleeHp=1 meleeDamage=0.045 meleeAttackInterval=16 shooterRange=4.7 shooterDamage=0.04 shooterHp=0.7 meleeMoveSpeed=0.14 shooterMoveSpeed=0.05 phases=16-22-28|9-7-5|3:2/1:1/1:1	8	3	1	1		0.685	0.219	0.256	0.210	0	13.08	0.383		I3;I8
G mi16 eh18 ms0.14 ss0.05 sh0.8	engageRadius=10 spawnRadius=15 leashRadius=11 eliteHp=18 meleeHp=1 meleeDamage=0.045 meleeAttackInterval=16 shooterRange=4.7 shooterDamage=0.04 shooterHp=0.8 meleeMoveSpeed=0.14 shooterMoveSpeed=0.05 phases=16-22-28|9-7-5|3:2/1:1/1:1	8	2	0	0		0.727	0.231	0.290	0.206	0	13.35	0.392		I8
G mi16 eh18 ms0.14 ss0.06 sh0.7	engageRadius=10 spawnRadius=15 leashRadius=11 eliteHp=18 meleeHp=1 meleeDamage=0.045 meleeAttackInterval=16 shooterRange=4.7 shooterDamage=0.04 shooterHp=0.7 meleeMoveSpeed=0.14 shooterMoveSpeed=0.06 phases=16-22-28|9-7-5|3:2/1:1/1:1	8	3	1	1		0.657	0.232	0.267	0.158	0	12.29	0.390		I3;I8
G mi16 eh18 ms0.14 ss0.06 sh0.8	engageRadius=10 spawnRadius=15 leashRadius=11 eliteHp=18 meleeHp=1 meleeDamage=0.045 meleeAttackInterval=16 shooterRange=4.7 shooterDamage=0.04 shooterHp=0.8 meleeMoveSpeed=0.14 shooterMoveSpeed=0.06 phases=16-22-28|9-7-5|3:2/1:1/1:1	7	0	0	0		0.762	0.250	0.305	0.207	0	13.83	0.407		skilled 8/8
G mi16 eh19 ms0.135 ss0.05 sh0.7	engageRadius=10 spawnRadius=15 leashRadius=11 eliteHp=19 meleeHp=1 meleeDamage=0.045 meleeAttackInterval=16 shooterRange=4.7 shooterDamage=0.04 shooterHp=0.7 meleeMoveSpeed=0.135 shooterMoveSpeed=0.05 phases=16-22-28|9-7-5|3:2/1:1/1:1	8	3	1	1		0.654	0.213	0.250	0.192	0	13.63	0.396		I3;I8
G mi16 eh19 ms0.135 ss0.05 sh0.8	engageRadius=10 spawnRadius=15 leashRadius=11 eliteHp=19 meleeHp=1 meleeDamage=0.045 meleeAttackInterval=16 shooterRange=4.7 shooterDamage=0.04 shooterHp=0.8 meleeMoveSpeed=0.135 shooterMoveSpeed=0.05 phases=16-22-28|9-7-5|3:2/1:1/1:1	7	2	0	0		0.745	0.212	0.297	0.236	0	14.21	0.408		skilled 8/8;I8
G mi16 eh19 ms0.135 ss0.06 sh0.7	engageRadius=10 spawnRadius=15 leashRadius=11 eliteHp=19 meleeHp=1 meleeDamage=0.045 meleeAttackInterval=16 shooterRange=4.7 shooterDamage=0.04 shooterHp=0.7 meleeMoveSpeed=0.135 shooterMoveSpeed=0.06 phases=16-22-28|9-7-5|3:2/1:1/1:1	8	2	1	1		0.702	0.221	0.266	0.216	0	12.23	0.403		I3;I8
G mi16 eh19 ms0.135 ss0.06 sh0.8	engageRadius=10 spawnRadius=15 leashRadius=11 eliteHp=19 meleeHp=1 meleeDamage=0.045 meleeAttackInterval=16 shooterRange=4.7 shooterDamage=0.04 shooterHp=0.8 meleeMoveSpeed=0.135 shooterMoveSpeed=0.06 phases=16-22-28|9-7-5|3:2/1:1/1:1	7	1	0	0		0.782	0.238	0.312	0.232	0	13.43	0.422		skilled 8/8;I8
G mi16 eh19 ms0.14 ss0.05 sh0.7	engageRadius=10 spawnRadius=15 leashRadius=11 eliteHp=19 meleeHp=1 meleeDamage=0.045 meleeAttackInterval=16 shooterRange=4.7 shooterDamage=0.04 shooterHp=0.7 meleeMoveSpeed=0.14 shooterMoveSpeed=0.05 phases=16-22-28|9-7-5|3:2/1:1/1:1	8	3	1	1		0.705	0.219	0.256	0.230	0	13.21	0.382		I3;I8
G mi16 eh19 ms0.14 ss0.05 sh0.8	engageRadius=10 spawnRadius=15 leashRadius=11 eliteHp=19 meleeHp=1 meleeDamage=0.045 meleeAttackInterval=16 shooterRange=4.7 shooterDamage=0.04 shooterHp=0.8 meleeMoveSpeed=0.14 shooterMoveSpeed=0.05 phases=16-22-28|9-7-5|3:2/1:1/1:1	8	2	0	0		0.752	0.231	0.290	0.231	0	13.49	0.389		I8
G mi16 eh19 ms0.14 ss0.06 sh0.7	engageRadius=10 spawnRadius=15 leashRadius=11 eliteHp=19 meleeHp=1 meleeDamage=0.045 meleeAttackInterval=16 shooterRange=4.7 shooterDamage=0.04 shooterHp=0.7 meleeMoveSpeed=0.14 shooterMoveSpeed=0.06 phases=16-22-28|9-7-5|3:2/1:1/1:1	8	3	1	1		0.671	0.232	0.267	0.171	0	12.40	0.390		I3;I8
G mi16 eh19 ms0.14 ss0.06 sh0.8	engageRadius=10 spawnRadius=15 leashRadius=11 eliteHp=19 meleeHp=1 meleeDamage=0.045 meleeAttackInterval=16 shooterRange=4.7 shooterDamage=0.04 shooterHp=0.8 meleeMoveSpeed=0.14 shooterMoveSpeed=0.06 phases=16-22-28|9-7-5|3:2/1:1/1:1	7	0	0	0		0.776	0.250	0.305	0.221	0	13.94	0.408		skilled 8/8
G mi16 eh20 ms0.135 ss0.05 sh0.7	engageRadius=10 spawnRadius=15 leashRadius=11 eliteHp=20 meleeHp=1 meleeDamage=0.045 meleeAttackInterval=16 shooterRange=4.7 shooterDamage=0.04 shooterHp=0.7 meleeMoveSpeed=0.135 shooterMoveSpeed=0.05 phases=16-22-28|9-7-5|3:2/1:1/1:1	8	3	1	1		0.667	0.213	0.250	0.205	0	13.75	0.395		I3;I8
G mi16 eh20 ms0.135 ss0.05 sh0.8	engageRadius=10 spawnRadius=15 leashRadius=11 eliteHp=20 meleeHp=1 meleeDamage=0.045 meleeAttackInterval=16 shooterRange=4.7 shooterDamage=0.04 shooterHp=0.8 meleeMoveSpeed=0.135 shooterMoveSpeed=0.05 phases=16-22-28|9-7-5|3:2/1:1/1:1	7	2	0	0		0.762	0.212	0.297	0.254	0	14.33	0.407		skilled 8/8;I8
G mi16 eh20 ms0.135 ss0.06 sh0.7	engageRadius=10 spawnRadius=15 leashRadius=11 eliteHp=20 meleeHp=1 meleeDamage=0.045 meleeAttackInterval=16 shooterRange=4.7 shooterDamage=0.04 shooterHp=0.7 meleeMoveSpeed=0.135 shooterMoveSpeed=0.06 phases=16-22-28|9-7-5|3:2/1:1/1:1	8	2	1	1		0.721	0.221	0.266	0.235	0	12.37	0.399		I3;I8
G mi16 eh20 ms0.135 ss0.06 sh0.8	engageRadius=10 spawnRadius=15 leashRadius=11 eliteHp=20 meleeHp=1 meleeDamage=0.045 meleeAttackInterval=16 shooterRange=4.7 shooterDamage=0.04 shooterHp=0.8 meleeMoveSpeed=0.135 shooterMoveSpeed=0.06 phases=16-22-28|9-7-5|3:2/1:1/1:1	7	1	0	0		0.792	0.238	0.312	0.242	0	13.51	0.422		skilled 8/8;I8
G mi16 eh20 ms0.14 ss0.05 sh0.7	engageRadius=10 spawnRadius=15 leashRadius=11 eliteHp=20 meleeHp=1 meleeDamage=0.045 meleeAttackInterval=16 shooterRange=4.7 shooterDamage=0.04 shooterHp=0.7 meleeMoveSpeed=0.14 shooterMoveSpeed=0.05 phases=16-22-28|9-7-5|3:2/1:1/1:1	8	3	1	1		0.727	0.219	0.256	0.252	0	13.36	0.379		I3;I8
G mi16 eh20 ms0.14 ss0.05 sh0.8	engageRadius=10 spawnRadius=15 leashRadius=11 eliteHp=20 meleeHp=1 meleeDamage=0.045 meleeAttackInterval=16 shooterRange=4.7 shooterDamage=0.04 shooterHp=0.8 meleeMoveSpeed=0.14 shooterMoveSpeed=0.05 phases=16-22-28|9-7-5|3:2/1:1/1:1	8	2	0	0		0.776	0.231	0.290	0.255	0	13.66	0.385		I8
G mi16 eh20 ms0.14 ss0.06 sh0.7	engageRadius=10 spawnRadius=15 leashRadius=11 eliteHp=20 meleeHp=1 meleeDamage=0.045 meleeAttackInterval=16 shooterRange=4.7 shooterDamage=0.04 shooterHp=0.7 meleeMoveSpeed=0.14 shooterMoveSpeed=0.06 phases=16-22-28|9-7-5|3:2/1:1/1:1	8	2	1	1		0.683	0.232	0.267	0.184	0	12.49	0.390		I3;I8
G mi16 eh20 ms0.14 ss0.06 sh0.8	engageRadius=10 spawnRadius=15 leashRadius=11 eliteHp=20 meleeHp=1 meleeDamage=0.045 meleeAttackInterval=16 shooterRange=4.7 shooterDamage=0.04 shooterHp=0.8 meleeMoveSpeed=0.14 shooterMoveSpeed=0.06 phases=16-22-28|9-7-5|3:2/1:1/1:1	7	0	0	0		0.786	0.250	0.305	0.231	0	14.03	0.407		skilled 8/8
G mi17 eh17 ms0.135 ss0.05 sh0.7	engageRadius=10 spawnRadius=15 leashRadius=11 eliteHp=17 meleeHp=1 meleeDamage=0.045 meleeAttackInterval=17 shooterRange=4.7 shooterDamage=0.04 shooterHp=0.7 meleeMoveSpeed=0.135 shooterMoveSpeed=0.05 phases=16-22-28|9-7-5|3:2/1:1/1:1	8	3	1	1		0.601	0.208	0.243	0.150	0	13.79	0.401		I3;I8
G mi17 eh17 ms0.135 ss0.05 sh0.8	engageRadius=10 spawnRadius=15 leashRadius=11 eliteHp=17 meleeHp=1 meleeDamage=0.045 meleeAttackInterval=17 shooterRange=4.7 shooterDamage=0.04 shooterHp=0.8 meleeMoveSpeed=0.135 shooterMoveSpeed=0.05 phases=16-22-28|9-7-5|3:2/1:1/1:1	8	2	0	0		0.661	0.207	0.283	0.172	0	13.92	0.436		I8
G mi17 eh17 ms0.135 ss0.06 sh0.7	engageRadius=10 spawnRadius=15 leashRadius=11 eliteHp=17 meleeHp=1 meleeDamage=0.045 meleeAttackInterval=17 shooterRange=4.7 shooterDamage=0.04 shooterHp=0.7 meleeMoveSpeed=0.135 shooterMoveSpeed=0.06 phases=16-22-28|9-7-5|3:2/1:1/1:1	8	2	2	1		0.625	0.214	0.250	0.161	0	11.97	0.417		I3;I8
G mi17 eh17 ms0.135 ss0.06 sh0.8	engageRadius=10 spawnRadius=15 leashRadius=11 eliteHp=17 meleeHp=1 meleeDamage=0.045 meleeAttackInterval=17 shooterRange=4.7 shooterDamage=0.04 shooterHp=0.8 meleeMoveSpeed=0.135 shooterMoveSpeed=0.06 phases=16-22-28|9-7-5|3:2/1:1/1:1	8	1	0	0		0.736	0.232	0.304	0.200	0	13.52	0.448		I8
G mi17 eh17 ms0.14 ss0.05 sh0.7	engageRadius=10 spawnRadius=15 leashRadius=11 eliteHp=17 meleeHp=1 meleeDamage=0.045 meleeAttackInterval=17 shooterRange=4.7 shooterDamage=0.04 shooterHp=0.7 meleeMoveSpeed=0.14 shooterMoveSpeed=0.05 phases=16-22-28|9-7-5|3:2/1:1/1:1	8	4	1	1		0.632	0.213	0.247	0.172	0	12.83	0.398		I3;I8
G mi17 eh17 ms0.14 ss0.05 sh0.8	engageRadius=10 spawnRadius=15 leashRadius=11 eliteHp=17 meleeHp=1 meleeDamage=0.045 meleeAttackInterval=17 shooterRange=4.7 shooterDamage=0.04 shooterHp=0.8 meleeMoveSpeed=0.14 shooterMoveSpeed=0.05 phases=16-22-28|9-7-5|3:2/1:1/1:1	8	2	0	0		0.702	0.223	0.296	0.183	0	13.52	0.404		I8
G mi17 eh17 ms0.14 ss0.06 sh0.7	engageRadius=10 spawnRadius=15 leashRadius=11 eliteHp=17 meleeHp=1 meleeDamage=0.045 meleeAttackInterval=17 shooterRange=4.7 shooterDamage=0.04 shooterHp=0.7 meleeMoveSpeed=0.14 shooterMoveSpeed=0.06 phases=16-22-28|9-7-5|3:2/1:1/1:1	8	3	2	2		0.619	0.225	0.259	0.134	0	12.07	0.412		I3;I8
G mi17 eh17 ms0.14 ss0.06 sh0.8	engageRadius=10 spawnRadius=15 leashRadius=11 eliteHp=17 meleeHp=1 meleeDamage=0.045 meleeAttackInterval=17 shooterRange=4.7 shooterDamage=0.04 shooterHp=0.8 meleeMoveSpeed=0.14 shooterMoveSpeed=0.06 phases=16-22-28|9-7-5|3:2/1:1/1:1	8	2	0	0		0.734	0.243	0.300	0.191	0	13.74	0.421		I8
G mi17 eh18 ms0.135 ss0.05 sh0.7	engageRadius=10 spawnRadius=15 leashRadius=11 eliteHp=18 meleeHp=1 meleeDamage=0.045 meleeAttackInterval=17 shooterRange=4.7 shooterDamage=0.04 shooterHp=0.7 meleeMoveSpeed=0.135 shooterMoveSpeed=0.05 phases=16-22-28|9-7-5|3:2/1:1/1:1	8	3	1	1		0.614	0.208	0.243	0.162	0	13.91	0.403		I3;I8
G mi17 eh18 ms0.135 ss0.05 sh0.8	engageRadius=10 spawnRadius=15 leashRadius=11 eliteHp=18 meleeHp=1 meleeDamage=0.045 meleeAttackInterval=17 shooterRange=4.7 shooterDamage=0.04 shooterHp=0.8 meleeMoveSpeed=0.135 shooterMoveSpeed=0.05 phases=16-22-28|9-7-5|3:2/1:1/1:1	8	2	0	0		0.683	0.207	0.283	0.193	0	14.07	0.433		I8
G mi17 eh18 ms0.135 ss0.06 sh0.7	engageRadius=10 spawnRadius=15 leashRadius=11 eliteHp=18 meleeHp=1 meleeDamage=0.045 meleeAttackInterval=17 shooterRange=4.7 shooterDamage=0.04 shooterHp=0.7 meleeMoveSpeed=0.135 shooterMoveSpeed=0.06 phases=16-22-28|9-7-5|3:2/1:1/1:1	8	2	1	1		0.646	0.214	0.250	0.182	0	12.06	0.414		I3;I8
G mi17 eh18 ms0.135 ss0.06 sh0.8	engageRadius=10 spawnRadius=15 leashRadius=11 eliteHp=18 meleeHp=1 meleeDamage=0.045 meleeAttackInterval=17 shooterRange=4.7 shooterDamage=0.04 shooterHp=0.8 meleeMoveSpeed=0.135 shooterMoveSpeed=0.06 phases=16-22-28|9-7-5|3:2/1:1/1:1	8	1	0	0		0.751	0.232	0.304	0.215	0	13.66	0.447		I8
G mi17 eh18 ms0.14 ss0.05 sh0.7	engageRadius=10 spawnRadius=15 leashRadius=11 eliteHp=18 meleeHp=1 meleeDamage=0.045 meleeAttackInterval=17 shooterRange=4.7 shooterDamage=0.04 shooterHp=0.7 meleeMoveSpeed=0.14 shooterMoveSpeed=0.05 phases=16-22-28|9-7-5|3:2/1:1/1:1	8	4	1	1		0.647	0.213	0.247	0.187	0	12.93	0.397		I3;I8
G mi17 eh18 ms0.14 ss0.05 sh0.8	engageRadius=10 spawnRadius=15 leashRadius=11 eliteHp=18 meleeHp=1 meleeDamage=0.045 meleeAttackInterval=17 shooterRange=4.7 shooterDamage=0.04 shooterHp=0.8 meleeMoveSpeed=0.14 shooterMoveSpeed=0.05 phases=16-22-28|9-7-5|3:2/1:1/1:1	8	2	0	0		0.716	0.223	0.296	0.197	0	13.64	0.404		I8
G mi17 eh18 ms0.14 ss0.06 sh0.7	engageRadius=10 spawnRadius=15 leashRadius=11 eliteHp=18 meleeHp=1 meleeDamage=0.045 meleeAttackInterval=17 shooterRange=4.7 shooterDamage=0.04 shooterHp=0.7 meleeMoveSpeed=0.14 shooterMoveSpeed=0.06 phases=16-22-28|9-7-5|3:2/1:1/1:1	8	3	2	2		0.630	0.225	0.259	0.145	0	12.17	0.412		I3;I8
G mi17 eh18 ms0.14 ss0.06 sh0.8	engageRadius=10 spawnRadius=15 leashRadius=11 eliteHp=18 meleeHp=1 meleeDamage=0.045 meleeAttackInterval=17 shooterRange=4.7 shooterDamage=0.04 shooterHp=0.8 meleeMoveSpeed=0.14 shooterMoveSpeed=0.06 phases=16-22-28|9-7-5|3:2/1:1/1:1	8	2	0	0		0.748	0.243	0.300	0.205	0	13.85	0.421		I8
G mi17 eh19 ms0.135 ss0.05 sh0.7	engageRadius=10 spawnRadius=15 leashRadius=11 eliteHp=19 meleeHp=1 meleeDamage=0.045 meleeAttackInterval=17 shooterRange=4.7 shooterDamage=0.04 shooterHp=0.7 meleeMoveSpeed=0.135 shooterMoveSpeed=0.05 phases=16-22-28|9-7-5|3:2/1:1/1:1	8	3	1	1		0.624	0.208	0.243	0.173	0	14.00	0.403		I3;I8
G mi17 eh19 ms0.135 ss0.05 sh0.8	engageRadius=10 spawnRadius=15 leashRadius=11 eliteHp=19 meleeHp=1 meleeDamage=0.045 meleeAttackInterval=17 shooterRange=4.7 shooterDamage=0.04 shooterHp=0.8 meleeMoveSpeed=0.135 shooterMoveSpeed=0.05 phases=16-22-28|9-7-5|3:2/1:1/1:1	8	2	0	0		0.697	0.207	0.283	0.207	0	14.19	0.429		I8
G mi17 eh19 ms0.135 ss0.06 sh0.7	engageRadius=10 spawnRadius=15 leashRadius=11 eliteHp=19 meleeHp=1 meleeDamage=0.045 meleeAttackInterval=17 shooterRange=4.7 shooterDamage=0.04 shooterHp=0.7 meleeMoveSpeed=0.135 shooterMoveSpeed=0.06 phases=16-22-28|9-7-5|3:2/1:1/1:1	8	2	1	1		0.654	0.214	0.250	0.191	0	12.15	0.413		I3;I8
G mi17 eh19 ms0.135 ss0.06 sh0.8	engageRadius=10 spawnRadius=15 leashRadius=11 eliteHp=19 meleeHp=1 meleeDamage=0.045 meleeAttackInterval=17 shooterRange=4.7 shooterDamage=0.04 shooterHp=0.8 meleeMoveSpeed=0.135 shooterMoveSpeed=0.06 phases=16-22-28|9-7-5|3:2/1:1/1:1	8	1	0	0		0.774	0.232	0.304	0.238	0	13.82	0.445		I8
G mi17 eh19 ms0.14 ss0.05 sh0.7	engageRadius=10 spawnRadius=15 leashRadius=11 eliteHp=19 meleeHp=1 meleeDamage=0.045 meleeAttackInterval=17 shooterRange=4.7 shooterDamage=0.04 shooterHp=0.7 meleeMoveSpeed=0.14 shooterMoveSpeed=0.05 phases=16-22-28|9-7-5|3:2/1:1/1:1	8	4	1	1		0.659	0.213	0.247	0.198	0	13.04	0.398		I3;I8
G mi17 eh19 ms0.14 ss0.05 sh0.8	engageRadius=10 spawnRadius=15 leashRadius=11 eliteHp=19 meleeHp=1 meleeDamage=0.045 meleeAttackInterval=17 shooterRange=4.7 shooterDamage=0.04 shooterHp=0.8 meleeMoveSpeed=0.14 shooterMoveSpeed=0.05 phases=16-22-28|9-7-5|3:2/1:1/1:1	8	2	0	0		0.729	0.223	0.296	0.210	0	13.74	0.402		I8
G mi17 eh19 ms0.14 ss0.06 sh0.7	engageRadius=10 spawnRadius=15 leashRadius=11 eliteHp=19 meleeHp=1 meleeDamage=0.045 meleeAttackInterval=17 shooterRange=4.7 shooterDamage=0.04 shooterHp=0.7 meleeMoveSpeed=0.14 shooterMoveSpeed=0.06 phases=16-22-28|9-7-5|3:2/1:1/1:1	8	3	2	1		0.643	0.225	0.259	0.158	0	12.25	0.412		I3;I8
G mi17 eh19 ms0.14 ss0.06 sh0.8	engageRadius=10 spawnRadius=15 leashRadius=11 eliteHp=19 meleeHp=1 meleeDamage=0.045 meleeAttackInterval=17 shooterRange=4.7 shooterDamage=0.04 shooterHp=0.8 meleeMoveSpeed=0.14 shooterMoveSpeed=0.06 phases=16-22-28|9-7-5|3:2/1:1/1:1	8	1	0	0		0.760	0.243	0.300	0.216	0	13.92	0.421		I8
G mi17 eh20 ms0.135 ss0.05 sh0.7	engageRadius=10 spawnRadius=15 leashRadius=11 eliteHp=20 meleeHp=1 meleeDamage=0.045 meleeAttackInterval=17 shooterRange=4.7 shooterDamage=0.04 shooterHp=0.7 meleeMoveSpeed=0.135 shooterMoveSpeed=0.05 phases=16-22-28|9-7-5|3:2/1:1/1:1	8	3	1	1		0.639	0.208	0.243	0.188	0	14.12	0.402		I3;I8
G mi17 eh20 ms0.135 ss0.05 sh0.8	engageRadius=10 spawnRadius=15 leashRadius=11 eliteHp=20 meleeHp=1 meleeDamage=0.045 meleeAttackInterval=17 shooterRange=4.7 shooterDamage=0.04 shooterHp=0.8 meleeMoveSpeed=0.135 shooterMoveSpeed=0.05 phases=16-22-28|9-7-5|3:2/1:1/1:1	7	2	0	0		0.716	0.207	0.283	0.226	0	14.32	0.427		skilled 8/8;I8
G mi17 eh20 ms0.135 ss0.06 sh0.7	engageRadius=10 spawnRadius=15 leashRadius=11 eliteHp=20 meleeHp=1 meleeDamage=0.045 meleeAttackInterval=17 shooterRange=4.7 shooterDamage=0.04 shooterHp=0.7 meleeMoveSpeed=0.135 shooterMoveSpeed=0.06 phases=16-22-28|9-7-5|3:2/1:1/1:1	8	2	1	1		0.667	0.214	0.250	0.203	0	12.27	0.413		I3;I8
G mi17 eh20 ms0.135 ss0.06 sh0.8	engageRadius=10 spawnRadius=15 leashRadius=11 eliteHp=20 meleeHp=1 meleeDamage=0.045 meleeAttackInterval=17 shooterRange=4.7 shooterDamage=0.04 shooterHp=0.8 meleeMoveSpeed=0.135 shooterMoveSpeed=0.06 phases=16-22-28|9-7-5|3:2/1:1/1:1	7	1	0	0		0.799	0.232	0.304	0.263	0	13.99	0.442		skilled 8/8;I8
G mi17 eh20 ms0.14 ss0.05 sh0.7	engageRadius=10 spawnRadius=15 leashRadius=11 eliteHp=20 meleeHp=1 meleeDamage=0.045 meleeAttackInterval=17 shooterRange=4.7 shooterDamage=0.04 shooterHp=0.7 meleeMoveSpeed=0.14 shooterMoveSpeed=0.05 phases=16-22-28|9-7-5|3:2/1:1/1:1	8	4	1	1		0.676	0.213	0.247	0.216	0	13.16	0.398		I3;I8
G mi17 eh20 ms0.14 ss0.05 sh0.8	engageRadius=10 spawnRadius=15 leashRadius=11 eliteHp=20 meleeHp=1 meleeDamage=0.045 meleeAttackInterval=17 shooterRange=4.7 shooterDamage=0.04 shooterHp=0.8 meleeMoveSpeed=0.14 shooterMoveSpeed=0.05 phases=16-22-28|9-7-5|3:2/1:1/1:1	8	2	0	0		0.744	0.223	0.296	0.225	0	13.85	0.403		I8
G mi17 eh20 ms0.14 ss0.06 sh0.7	engageRadius=10 spawnRadius=15 leashRadius=11 eliteHp=20 meleeHp=1 meleeDamage=0.045 meleeAttackInterval=17 shooterRange=4.7 shooterDamage=0.04 shooterHp=0.7 meleeMoveSpeed=0.14 shooterMoveSpeed=0.06 phases=16-22-28|9-7-5|3:2/1:1/1:1	8	3	2	1		0.655	0.225	0.259	0.170	0	12.35	0.411		I3;I8
G mi17 eh20 ms0.14 ss0.06 sh0.8	engageRadius=10 spawnRadius=15 leashRadius=11 eliteHp=20 meleeHp=1 meleeDamage=0.045 meleeAttackInterval=17 shooterRange=4.7 shooterDamage=0.04 shooterHp=0.8 meleeMoveSpeed=0.14 shooterMoveSpeed=0.06 phases=16-22-28|9-7-5|3:2/1:1/1:1	8	1	0	0		0.781	0.243	0.300	0.237	0	14.02	0.418		I8
R e9/s13 l10.5 eh17 1:1/1:1/1:1 c18-24-30 i9-8-6 mh0.95 md0.045 mi15 mv0.135 sr4.5 sd0.04 sh0.75 sv0.06	engageRadius=9 spawnRadius=13 leashRadius=10.5 eliteHp=17 meleeHp=0.95 meleeDamage=0.045 meleeAttackInterval=15 meleeMoveSpeed=0.135 shooterRange=4.5 shooterDamage=0.04 shooterHp=0.75 shooterMoveSpeed=0.06 phases=18-24-30|9-8-6|1:1/1:1/1:1	8	4	3	3		0.548	0.203	0.192	0.153	0	8.67	0.448		I2;I3;I8;I10
R e10/s16 l11 eh20 1:1/1:1/1:1 c18-24-30 i8-7-5 mh0.95 md0.0475 mi17 mv0.135 sr4.5 sd0.04 sh0.85 sv0.055	engageRadius=10 spawnRadius=16 leashRadius=11 eliteHp=20 meleeHp=0.95 meleeDamage=0.0475 meleeAttackInterval=17 meleeMoveSpeed=0.135 shooterRange=4.5 shooterDamage=0.04 shooterHp=0.85 shooterMoveSpeed=0.055 phases=18-24-30|8-7-5|1:1/1:1/1:1	8	1	2	2		0.803	0.237	0.338	0.228	0	19.14	0.465		I2;I3;I8
R e11/s17 l11.5 eh18 2:1/2:1/1:1 c18-24-30 i9-7-5 mh1.05 md0.0425 mi17 mv0.14 sr4.6 sd0.035 sh0.8 sv0.055	engageRadius=11 spawnRadius=17 leashRadius=11.5 eliteHp=18 meleeHp=1.05 meleeDamage=0.0425 meleeAttackInterval=17 meleeMoveSpeed=0.14 shooterRange=4.6 shooterDamage=0.035 shooterHp=0.8 shooterMoveSpeed=0.055 phases=18-24-30|9-7-5|2:1/2:1/1:1	8	3	1	1		0.695	0.208	0.320	0.167	0	15.26	0.313		I3;I8
R e11/s17 l11.5 eh21 1:1/1:1/1:1 c16-22-28 i9-8-6 mh1 md0.0475 mi16 mv0.145 sr4.6 sd0.035 sh0.8 sv0.065	engageRadius=11 spawnRadius=17 leashRadius=11.5 eliteHp=21 meleeHp=1 meleeDamage=0.0475 meleeAttackInterval=16 meleeMoveSpeed=0.145 shooterRange=4.6 shooterDamage=0.035 shooterHp=0.8 shooterMoveSpeed=0.065 phases=16-22-28|9-8-6|1:1/1:1/1:1	8	1	1	1		0.717	0.228	0.286	0.203	0	14.42	0.368		I3;I8
R e10/s16 l10 eh17 2:1/1:1/1:1 c16-22-28 i10-8-6 mh1 md0.0425 mi15 mv0.145 sr4.7 sd0.045 sh0.8 sv0.065	engageRadius=10 spawnRadius=16 leashRadius=10 eliteHp=17 meleeHp=1 meleeDamage=0.0425 meleeAttackInterval=15 meleeMoveSpeed=0.145 shooterRange=4.7 shooterDamage=0.045 shooterHp=0.8 shooterMoveSpeed=0.065 phases=16-22-28|10-8-6|2:1/1:1/1:1	8	3	2	2		0.598	0.190	0.249	0.159	0	11.89	0.433		I3;I8
R e11/s15 l11.5 eh21 3:2/1:1/1:2 c14-20-26 i10-8-6 mh0.95 md0.0475 mi15 mv0.145 sr4.7 sd0.045 sh0.8 sv0.065	engageRadius=11 spawnRadius=15 leashRadius=11.5 eliteHp=21 meleeHp=0.95 meleeDamage=0.0475 meleeAttackInterval=15 meleeMoveSpeed=0.145 shooterRange=4.7 shooterDamage=0.045 shooterHp=0.8 shooterMoveSpeed=0.065 phases=14-20-26|10-8-6|3:2/1:1/1:2	8	3	1	2		0.678	0.216	0.278	0.184	0	9.82	0.465		I3;I8
R e10/s15 l11 eh18 2:1/1:1/1:1 c14-20-26 i8-7-5 mh1.05 md0.0475 mi15 mv0.14 sr4.7 sd0.04 sh0.8 sv0.06	engageRadius=10 spawnRadius=15 leashRadius=11 eliteHp=18 meleeHp=1.05 meleeDamage=0.0475 meleeAttackInterval=15 meleeMoveSpeed=0.14 shooterRange=4.7 shooterDamage=0.04 shooterHp=0.8 shooterMoveSpeed=0.06 phases=14-20-26|8-7-5|2:1/1:1/1:1	7	0	0	0		0.934	0.332	0.360	0.242	0	14.68	0.357		skilled 8/8;I2
R e9/s13 l10.5 eh20 3:2/1:1/1:1 c14-20-26 i8-7-5 mh1 md0.0475 mi15 mv0.145 sr4.6 sd0.035 sh0.85 sv0.06	engageRadius=9 spawnRadius=13 leashRadius=10.5 eliteHp=20 meleeHp=1 meleeDamage=0.0475 meleeAttackInterval=15 meleeMoveSpeed=0.145 shooterRange=4.6 shooterDamage=0.035 shooterHp=0.85 shooterMoveSpeed=0.06 phases=14-20-26|8-7-5|3:2/1:1/1:1	5	0	0	0		1.020	0.351	0.393	0.276	0	14.88	0.347		skilled 8/8;I2
R e10/s16 l11 eh17 2:1/2:1/1:1 c14-20-26 i10-8-6 mh1 md0.045 mi16 mv0.14 sr4.5 sd0.035 sh0.85 sv0.06	engageRadius=10 spawnRadius=16 leashRadius=11 eliteHp=17 meleeHp=1 meleeDamage=0.045 meleeAttackInterval=16 meleeMoveSpeed=0.14 shooterRange=4.5 shooterDamage=0.035 shooterHp=0.85 shooterMoveSpeed=0.06 phases=14-20-26|10-8-6|2:1/2:1/1:1	8	5	2	2		0.561	0.182	0.262	0.117	0	11.23	0.292		I3;I8
R e10/s14 l10 eh21 3:2/1:1/1:1 c14-20-26 i9-8-6 mh0.95 md0.045 mi16 mv0.135 sr4.6 sd0.04 sh0.8 sv0.055	engageRadius=10 spawnRadius=14 leashRadius=10 eliteHp=21 meleeHp=0.95 meleeDamage=0.045 meleeAttackInterval=16 meleeMoveSpeed=0.135 shooterRange=4.6 shooterDamage=0.04 shooterHp=0.8 shooterMoveSpeed=0.055 phases=14-20-26|9-8-6|3:2/1:1/1:1	8	4	3	3		0.513	0.184	0.185	0.144	0	10.84	0.465		I2;I3;I8;I10
R e10/s16 l11 eh17 2:1/1:1/1:1 c16-22-28 i8-7-5 mh1.05 md0.045 mi16 mv0.14 sr4.5 sd0.035 sh0.8 sv0.065	engageRadius=10 spawnRadius=16 leashRadius=11 eliteHp=17 meleeHp=1.05 meleeDamage=0.045 meleeAttackInterval=16 meleeMoveSpeed=0.14 shooterRange=4.5 shooterDamage=0.035 shooterHp=0.8 shooterMoveSpeed=0.065 phases=16-22-28|8-7-5|2:1/1:1/1:1	7	0	0	0		0.832	0.292	0.338	0.202	0	15.47	0.360		skilled 8/8;I2
R e11/s15 l11 eh18 2:1/2:1/1:1 c16-22-28 i9-8-6 mh0.95 md0.0475 mi15 mv0.135 sr4.8 sd0.04 sh0.85 sv0.065	engageRadius=11 spawnRadius=15 leashRadius=11 eliteHp=18 meleeHp=0.95 meleeDamage=0.0475 meleeAttackInterval=15 meleeMoveSpeed=0.135 shooterRange=4.8 shooterDamage=0.04 shooterHp=0.85 shooterMoveSpeed=0.065 phases=16-22-28|9-8-6|2:1/2:1/1:1	8	2	1	2		0.623	0.219	0.235	0.169	0	10.83	0.371		I3;I8
R e11/s15 l10.5 eh17 2:1/2:1/1:1 c16-22-28 i8-7-5 mh1.05 md0.0425 mi17 mv0.145 sr4.8 sd0.035 sh0.85 sv0.055	engageRadius=11 spawnRadius=15 leashRadius=10.5 eliteHp=17 meleeHp=1.05 meleeDamage=0.0425 meleeAttackInterval=17 meleeMoveSpeed=0.145 shooterRange=4.8 shooterDamage=0.035 shooterHp=0.85 shooterMoveSpeed=0.055 phases=16-22-28|8-7-5|2:1/2:1/1:1	8	2	0	0		0.816	0.295	0.374	0.147	0	15.50	0.327		I2;I8
R e11/s17 l11.5 eh18 2:1/2:1/1:1 c14-20-26 i10-8-6 mh1.05 md0.0475 mi17 mv0.145 sr4.8 sd0.035 sh0.85 sv0.065	engageRadius=11 spawnRadius=17 leashRadius=11.5 eliteHp=18 meleeHp=1.05 meleeDamage=0.0475 meleeAttackInterval=17 meleeMoveSpeed=0.145 shooterRange=4.8 shooterDamage=0.035 shooterHp=0.85 shooterMoveSpeed=0.065 phases=14-20-26|10-8-6|2:1/2:1/1:1	8	3	2	2		0.706	0.222	0.301	0.183	0	12.79	0.321		I3;I8
R e9/s14 l10.5 eh21 3:2/1:1/1:2 c16-22-28 i9-7-5 mh1 md0.0425 mi17 mv0.14 sr4.5 sd0.045 sh0.85 sv0.065	engageRadius=9 spawnRadius=14 leashRadius=10.5 eliteHp=21 meleeHp=1 meleeDamage=0.0425 meleeAttackInterval=17 meleeMoveSpeed=0.14 shooterRange=4.5 shooterDamage=0.045 shooterHp=0.85 shooterMoveSpeed=0.065 phases=16-22-28|9-7-5|3:2/1:1/1:2	7	1	0	0		0.939	0.244	0.372	0.323	0	13.99	0.516		skilled 8/8;I2;I8
R e9/s15 l10.5 eh21 1:1/1:1/1:1 c16-22-28 i10-8-6 mh0.95 md0.0425 mi16 mv0.145 sr4.7 sd0.04 sh0.8 sv0.065	engageRadius=9 spawnRadius=15 leashRadius=10.5 eliteHp=21 meleeHp=0.95 meleeDamage=0.0425 meleeAttackInterval=16 meleeMoveSpeed=0.145 shooterRange=4.7 shooterDamage=0.04 shooterHp=0.8 shooterMoveSpeed=0.065 phases=16-22-28|10-8-6|1:1/1:1/1:1	8	4	4	5		0.504	0.166	0.205	0.133	0	10.61	0.490		I2;I3;I8;I10
R e10/s15 l11 eh17 3:2/1:1/1:2 c18-24-30 i8-7-5 mh1 md0.0475 mi15 mv0.145 sr4.7 sd0.045 sh0.75 sv0.06	engageRadius=10 spawnRadius=15 leashRadius=11 eliteHp=17 meleeHp=1 meleeDamage=0.0475 meleeAttackInterval=15 meleeMoveSpeed=0.145 shooterRange=4.7 shooterDamage=0.045 shooterHp=0.75 shooterMoveSpeed=0.06 phases=18-24-30|8-7-5|3:2/1:1/1:2	7	0	0	0		0.891	0.336	0.347	0.209	0	15.07	0.436		skilled 8/8;I2
R e10/s14 l11 eh20 3:2/1:1/1:1 c18-24-30 i9-7-5 mh1.05 md0.045 mi15 mv0.135 sr4.8 sd0.045 sh0.85 sv0.065	engageRadius=10 spawnRadius=14 leashRadius=11 eliteHp=20 meleeHp=1.05 meleeDamage=0.045 meleeAttackInterval=15 meleeMoveSpeed=0.135 shooterRange=4.8 shooterDamage=0.045 shooterHp=0.85 shooterMoveSpeed=0.065 phases=18-24-30|9-7-5|3:2/1:1/1:1	6	1	0	0		1.002	0.283	0.393	0.326	0	15.39	0.470		skilled 8/8;I2;I8
R e10/s14 l10 eh21 2:1/1:1/1:1 c14-20-26 i9-8-6 mh1 md0.045 mi16 mv0.14 sr4.5 sd0.035 sh0.8 sv0.06	engageRadius=10 spawnRadius=14 leashRadius=10 eliteHp=21 meleeHp=1 meleeDamage=0.045 meleeAttackInterval=16 meleeMoveSpeed=0.14 shooterRange=4.5 shooterDamage=0.035 shooterHp=0.8 shooterMoveSpeed=0.06 phases=14-20-26|9-8-6|2:1/1:1/1:1	8	3	2	2		0.600	0.231	0.204	0.165	0	10.89	0.362		I3;I8
R e10/s14 l10 eh21 3:2/1:1/1:1 c18-24-30 i10-8-6 mh1 md0.045 mi16 mv0.145 sr4.6 sd0.045 sh0.8 sv0.055	engageRadius=10 spawnRadius=14 leashRadius=10 eliteHp=21 meleeHp=1 meleeDamage=0.045 meleeAttackInterval=16 meleeMoveSpeed=0.145 shooterRange=4.6 shooterDamage=0.045 shooterHp=0.8 shooterMoveSpeed=0.055 phases=18-24-30|10-8-6|3:2/1:1/1:1	8	2	2	1		0.591	0.209	0.230	0.152	0	9.90	0.405		I3;I8
R e11/s17 l11 eh20 1:1/1:1/1:1 c14-20-26 i9-7-5 mh0.95 md0.0475 mi16 mv0.135 sr4.6 sd0.035 sh0.85 sv0.055	engageRadius=11 spawnRadius=17 leashRadius=11 eliteHp=20 meleeHp=0.95 meleeDamage=0.0475 meleeAttackInterval=16 meleeMoveSpeed=0.135 shooterRange=4.6 shooterDamage=0.035 shooterHp=0.85 shooterMoveSpeed=0.055 phases=14-20-26|9-7-5|1:1/1:1/1:1	8	1	1	2		0.655	0.188	0.273	0.194	0	17.80	0.419		I3;I8
R e9/s13 l11.5 eh18 3:2/1:1/1:1 c14-20-26 i9-8-6 mh1 md0.0425 mi16 mv0.135 sr4.6 sd0.045 sh0.85 sv0.065	engageRadius=9 spawnRadius=13 leashRadius=11.5 eliteHp=18 meleeHp=1 meleeDamage=0.0425 meleeAttackInterval=16 meleeMoveSpeed=0.135 shooterRange=4.6 shooterDamage=0.045 shooterHp=0.85 shooterMoveSpeed=0.065 phases=14-20-26|9-8-6|3:2/1:1/1:1	8	2	0	0		0.699	0.280	0.266	0.153	0	9.30	0.448		I8
R e11/s17 l10 eh19 2:1/1:1/1:1 c16-22-28 i8-7-5 mh1.05 md0.0475 mi16 mv0.135 sr4.6 sd0.035 sh0.8 sv0.055	engageRadius=11 spawnRadius=17 leashRadius=10 eliteHp=19 meleeHp=1.05 meleeDamage=0.0475 meleeAttackInterval=16 meleeMoveSpeed=0.135 shooterRange=4.6 shooterDamage=0.035 shooterHp=0.8 shooterMoveSpeed=0.055 phases=16-22-28|8-7-5|2:1/1:1/1:1	7	1	0	0		0.748	0.254	0.284	0.210	0	18.98	0.336		skilled 8/8;I8
R e11/s16 l11.5 eh19 2:1/2:1/1:1 c16-22-28 i9-7-5 mh0.95 md0.045 mi17 mv0.14 sr4.5 sd0.045 sh0.8 sv0.06	engageRadius=11 spawnRadius=16 leashRadius=11.5 eliteHp=19 meleeHp=0.95 meleeDamage=0.045 meleeAttackInterval=17 meleeMoveSpeed=0.14 shooterRange=4.5 shooterDamage=0.045 shooterHp=0.8 shooterMoveSpeed=0.06 phases=16-22-28|9-7-5|2:1/2:1/1:1	7	4	1	1		0.705	0.206	0.287	0.212	0	12.86	0.378		skilled 8/8;I3;I8
R e10/s14 l10 eh21 3:2/1:1/1:1 c16-22-28 i9-8-6 mh1 md0.0475 mi17 mv0.145 sr4.6 sd0.035 sh0.8 sv0.055	engageRadius=10 spawnRadius=14 leashRadius=10 eliteHp=21 meleeHp=1 meleeDamage=0.0475 meleeAttackInterval=17 meleeMoveSpeed=0.145 shooterRange=4.6 shooterDamage=0.035 shooterHp=0.8 shooterMoveSpeed=0.055 phases=16-22-28|9-8-6|3:2/1:1/1:1	8	2	1	2		0.598	0.223	0.192	0.183	0	11.00	0.386		I3;I8
R e11/s17 l10 eh19 3:2/1:1/1:1 c16-22-28 i9-8-6 mh1 md0.045 mi17 mv0.14 sr4.8 sd0.045 sh0.8 sv0.065	engageRadius=11 spawnRadius=17 leashRadius=10 eliteHp=19 meleeHp=1 meleeDamage=0.045 meleeAttackInterval=17 meleeMoveSpeed=0.14 shooterRange=4.8 shooterDamage=0.045 shooterHp=0.8 shooterMoveSpeed=0.065 phases=16-22-28|9-8-6|3:2/1:1/1:1	8	2	2	2		0.621	0.228	0.225	0.168	0	14.26	0.484		I3;I8
R e10/s14 l11.5 eh17 2:1/2:1/1:1 c18-24-30 i9-8-6 mh1 md0.0475 mi15 mv0.145 sr4.6 sd0.04 sh0.8 sv0.055	engageRadius=10 spawnRadius=14 leashRadius=11.5 eliteHp=17 meleeHp=1 meleeDamage=0.0475 meleeAttackInterval=15 meleeMoveSpeed=0.145 shooterRange=4.6 shooterDamage=0.04 shooterHp=0.8 shooterMoveSpeed=0.055 phases=18-24-30|9-8-6|2:1/2:1/1:1	8	2	0	0		0.768	0.295	0.306	0.168	0	9.71	0.270		I8
R e9/s14 l10 eh20 2:1/1:1/1:1 c14-20-26 i10-8-6 mh1 md0.045 mi15 mv0.135 sr4.7 sd0.04 sh0.75 sv0.065	engageRadius=9 spawnRadius=14 leashRadius=10 eliteHp=20 meleeHp=1 meleeDamage=0.045 meleeAttackInterval=15 meleeMoveSpeed=0.135 shooterRange=4.7 shooterDamage=0.04 shooterHp=0.75 shooterMoveSpeed=0.065 phases=14-20-26|10-8-6|2:1/1:1/1:1	8	3	2	2		0.564	0.190	0.239	0.134	0	10.04	0.430		I3;I8
R e11/s16 l10 eh17 1:1/1:1/1:1 c16-22-28 i9-8-6 mh1 md0.0425 mi15 mv0.135 sr4.7 sd0.045 sh0.8 sv0.06	engageRadius=11 spawnRadius=16 leashRadius=10 eliteHp=17 meleeHp=1 meleeDamage=0.0425 meleeAttackInterval=15 meleeMoveSpeed=0.135 shooterRange=4.7 shooterDamage=0.045 shooterHp=0.8 shooterMoveSpeed=0.06 phases=16-22-28|9-8-6|1:1/1:1/1:1	8	2	1	1		0.600	0.206	0.255	0.140	0	14.83	0.477		I3;I8
R e10/s15 l11.5 eh20 3:2/1:1/1:1 c14-20-26 i10-8-6 mh1 md0.0425 mi16 mv0.135 sr4.6 sd0.035 sh0.8 sv0.065	engageRadius=10 spawnRadius=15 leashRadius=11.5 eliteHp=20 meleeHp=1 meleeDamage=0.0425 meleeAttackInterval=16 meleeMoveSpeed=0.135 shooterRange=4.6 shooterDamage=0.035 shooterHp=0.8 shooterMoveSpeed=0.065 phases=14-20-26|10-8-6|3:2/1:1/1:1	8	3	3	3		0.565	0.187	0.220	0.159	0	10.08	0.413		I3;I8;I10
R e10/s16 l10.5 eh19 2:1/2:1/1:1 c14-20-26 i8-7-5 mh1 md0.045 mi16 mv0.14 sr4.6 sd0.035 sh0.8 sv0.055	engageRadius=10 spawnRadius=16 leashRadius=10.5 eliteHp=19 meleeHp=1 meleeDamage=0.045 meleeAttackInterval=16 meleeMoveSpeed=0.14 shooterRange=4.6 shooterDamage=0.035 shooterHp=0.8 shooterMoveSpeed=0.055 phases=14-20-26|8-7-5|2:1/2:1/1:1	7	1	0	0		0.786	0.275	0.320	0.190	0	16.35	0.296		skilled 8/8;I8
R e11/s16 l11.5 eh19 2:1/1:1/1:1 c18-24-30 i9-8-6 mh1.05 md0.045 mi17 mv0.14 sr4.8 sd0.035 sh0.8 sv0.055	engageRadius=11 spawnRadius=16 leashRadius=11.5 eliteHp=19 meleeHp=1.05 meleeDamage=0.045 meleeAttackInterval=17 meleeMoveSpeed=0.14 shooterRange=4.8 shooterDamage=0.035 shooterHp=0.8 shooterMoveSpeed=0.055 phases=18-24-30|9-8-6|2:1/1:1/1:1	8	4	2	2		0.629	0.231	0.230	0.169	0	12.96	0.351		I3;I8
R e10/s14 l10 eh17 2:1/2:1/1:1 c14-20-26 i9-7-5 mh0.95 md0.045 mi16 mv0.145 sr4.8 sd0.035 sh0.75 sv0.055	engageRadius=10 spawnRadius=14 leashRadius=10 eliteHp=17 meleeHp=0.95 meleeDamage=0.045 meleeAttackInterval=16 meleeMoveSpeed=0.145 shooterRange=4.8 shooterDamage=0.035 shooterHp=0.75 shooterMoveSpeed=0.055 phases=14-20-26|9-7-5|2:1/2:1/1:1	8	3	2	2		0.581	0.189	0.254	0.137	0	10.37	0.325		I3;I8
R e11/s17 l11 eh17 2:1/1:1/1:1 c16-22-28 i9-8-6 mh1.05 md0.0475 mi16 mv0.135 sr4.5 sd0.045 sh0.8 sv0.055	engageRadius=11 spawnRadius=17 leashRadius=11 eliteHp=17 meleeHp=1.05 meleeDamage=0.0475 meleeAttackInterval=16 meleeMoveSpeed=0.135 shooterRange=4.5 shooterDamage=0.045 shooterHp=0.8 shooterMoveSpeed=0.055 phases=16-22-28|9-8-6|2:1/1:1/1:1	8	2	2	2		0.640	0.234	0.245	0.161	0	13.88	0.395		I3;I8
R e11/s17 l11 eh17 1:1/1:1/1:1 c14-20-26 i8-7-5 mh1 md0.0475 mi17 mv0.135 sr4.8 sd0.035 sh0.8 sv0.065	engageRadius=11 spawnRadius=17 leashRadius=11 eliteHp=17 meleeHp=1 meleeDamage=0.0475 meleeAttackInterval=17 meleeMoveSpeed=0.135 shooterRange=4.8 shooterDamage=0.035 shooterHp=0.8 shooterMoveSpeed=0.065 phases=14-20-26|8-7-5|1:1/1:1/1:1	8	0	0	0		0.796	0.255	0.339	0.202	0	19.86	0.452		
R e10/s15 l11.5 eh19 2:1/1:1/1:1 c14-20-26 i9-7-5 mh1.05 md0.045 mi16 mv0.14 sr4.5 sd0.035 sh0.75 sv0.055	engageRadius=10 spawnRadius=15 leashRadius=11.5 eliteHp=19 meleeHp=1.05 meleeDamage=0.045 meleeAttackInterval=16 meleeMoveSpeed=0.14 shooterRange=4.5 shooterDamage=0.035 shooterHp=0.75 shooterMoveSpeed=0.055 phases=14-20-26|9-7-5|2:1/1:1/1:1	8	3	0	1		0.762	0.245	0.313	0.204	0	13.47	0.319		I8
R e10/s16 l10.5 eh19 2:1/1:1/1:1 c18-24-30 i10-8-6 mh0.95 md0.045 mi17 mv0.135 sr4.8 sd0.045 sh0.8 sv0.065	engageRadius=10 spawnRadius=16 leashRadius=10.5 eliteHp=19 meleeHp=0.95 meleeDamage=0.045 meleeAttackInterval=17 meleeMoveSpeed=0.135 shooterRange=4.8 shooterDamage=0.045 shooterHp=0.8 shooterMoveSpeed=0.065 phases=18-24-30|10-8-6|2:1/1:1/1:1	8	7	3	3		0.541	0.160	0.215	0.165	0	10.87	0.473		I2;I3;I8;I10
R e11/s15 l11.5 eh18 2:1/2:1/1:1 c16-22-28 i10-8-6 mh0.95 md0.0425 mi15 mv0.145 sr4.7 sd0.045 sh0.75 sv0.055	engageRadius=11 spawnRadius=15 leashRadius=11.5 eliteHp=18 meleeHp=0.95 meleeDamage=0.0425 meleeAttackInterval=15 meleeMoveSpeed=0.145 shooterRange=4.7 shooterDamage=0.045 shooterHp=0.75 shooterMoveSpeed=0.055 phases=16-22-28|10-8-6|2:1/2:1/1:1	8	6	3	3		0.559	0.195	0.245	0.119	0	8.94	0.353		I3;I8;I10
R e10/s14 l11 eh20 2:1/2:1/1:1 c16-22-28 i8-7-5 mh1 md0.045 mi15 mv0.145 sr4.7 sd0.04 sh0.75 sv0.06	engageRadius=10 spawnRadius=14 leashRadius=11 eliteHp=20 meleeHp=1 meleeDamage=0.045 meleeAttackInterval=15 meleeMoveSpeed=0.145 shooterRange=4.7 shooterDamage=0.04 shooterHp=0.75 shooterMoveSpeed=0.06 phases=16-22-28|8-7-5|2:1/2:1/1:1	4	0	0	0		1.017	0.349	0.387	0.281	0	13.10	0.295		skilled 8/8;I2
R e9/s15 l11.5 eh19 2:1/1:1/1:1 c14-20-26 i8-7-5 mh0.95 md0.0425 mi15 mv0.145 sr4.7 sd0.045 sh0.75 sv0.055	engageRadius=9 spawnRadius=15 leashRadius=11.5 eliteHp=19 meleeHp=0.95 meleeDamage=0.0425 meleeAttackInterval=15 meleeMoveSpeed=0.145 shooterRange=4.7 shooterDamage=0.045 shooterHp=0.75 shooterMoveSpeed=0.055 phases=14-20-26|8-7-5|2:1/1:1/1:1	7	1	0	0		0.810	0.271	0.309	0.229	0	13.32	0.409		skilled 8/8;I2;I8
R e9/s14 l10.5 eh17 2:1/1:1/1:1 c16-22-28 i8-7-5 mh1.05 md0.0475 mi17 mv0.14 sr4.7 sd0.04 sh0.8 sv0.055	engageRadius=9 spawnRadius=14 leashRadius=10.5 eliteHp=17 meleeHp=1.05 meleeDamage=0.0475 meleeAttackInterval=17 meleeMoveSpeed=0.14 shooterRange=4.7 shooterDamage=0.04 shooterHp=0.8 shooterMoveSpeed=0.055 phases=16-22-28|8-7-5|2:1/1:1/1:1	8	0	0	0		0.810	0.315	0.308	0.187	0	14.01	0.366		I2
R e11/s15 l10 eh18 2:1/2:1/1:1 c14-20-26 i9-8-6 mh1.05 md0.045 mi16 mv0.145 sr4.7 sd0.04 sh0.85 sv0.055	engageRadius=11 spawnRadius=15 leashRadius=10 eliteHp=18 meleeHp=1.05 meleeDamage=0.045 meleeAttackInterval=16 meleeMoveSpeed=0.145 shooterRange=4.7 shooterDamage=0.04 shooterHp=0.85 shooterMoveSpeed=0.055 phases=14-20-26|9-8-6|2:1/2:1/1:1	8	2	2	2		0.688	0.240	0.270	0.179	0	12.52	0.318		I3;I8
R e9/s15 l11.5 eh20 3:2/1:1/1:1 c18-24-30 i10-8-6 mh0.95 md0.0425 mi15 mv0.135 sr4.6 sd0.035 sh0.75 sv0.065	engageRadius=9 spawnRadius=15 leashRadius=11.5 eliteHp=20 meleeHp=0.95 meleeDamage=0.0425 meleeAttackInterval=15 meleeMoveSpeed=0.135 shooterRange=4.6 shooterDamage=0.035 shooterHp=0.75 shooterMoveSpeed=0.065 phases=18-24-30|10-8-6|3:2/1:1/1:1	8	5	4	5		0.495	0.170	0.194	0.131	0	9.73	0.414		I2;I3;I8;I10
R e10/s16 l10.5 eh18 3:2/1:1/1:2 c14-20-26 i10-8-6 mh1 md0.0425 mi15 mv0.145 sr4.7 sd0.035 sh0.8 sv0.06	engageRadius=10 spawnRadius=16 leashRadius=10.5 eliteHp=18 meleeHp=1 meleeDamage=0.0425 meleeAttackInterval=15 meleeMoveSpeed=0.145 shooterRange=4.7 shooterDamage=0.035 shooterHp=0.8 shooterMoveSpeed=0.06 phases=14-20-26|10-8-6|3:2/1:1/1:2	8	4	3	3		0.508	0.181	0.216	0.111	0	11.95	0.419		I2;I3;I8;I10
R e10/s14 l10 eh20 1:1/1:1/1:1 c18-24-30 i9-8-6 mh0.95 md0.0475 mi16 mv0.135 sr4.7 sd0.04 sh0.8 sv0.065	engageRadius=10 spawnRadius=14 leashRadius=10 eliteHp=20 meleeHp=0.95 meleeDamage=0.0475 meleeAttackInterval=16 meleeMoveSpeed=0.135 shooterRange=4.7 shooterDamage=0.04 shooterHp=0.8 shooterMoveSpeed=0.065 phases=18-24-30|9-8-6|1:1/1:1/1:1	8	2	1	2		0.551	0.197	0.198	0.156	0	10.45	0.499		I3;I8
R e9/s15 l10 eh19 1:1/1:1/1:1 c18-24-30 i10-8-6 mh1.05 md0.0475 mi17 mv0.14 sr4.5 sd0.045 sh0.8 sv0.065	engageRadius=9 spawnRadius=15 leashRadius=10 eliteHp=19 meleeHp=1.05 meleeDamage=0.0475 meleeAttackInterval=17 meleeMoveSpeed=0.14 shooterRange=4.5 shooterDamage=0.045 shooterHp=0.8 shooterMoveSpeed=0.065 phases=18-24-30|10-8-6|1:1/1:1/1:1	8	3	2	2		0.629	0.181	0.263	0.185	0	11.73	0.506		I3;I8
R e9/s15 l10.5 eh21 2:1/1:1/1:1 c14-20-26 i10-8-6 mh0.95 md0.0425 mi17 mv0.14 sr4.5 sd0.035 sh0.75 sv0.06	engageRadius=9 spawnRadius=15 leashRadius=10.5 eliteHp=21 meleeHp=0.95 meleeDamage=0.0425 meleeAttackInterval=17 meleeMoveSpeed=0.14 shooterRange=4.5 shooterDamage=0.035 shooterHp=0.75 shooterMoveSpeed=0.06 phases=14-20-26|10-8-6|2:1/1:1/1:1	8	8	6	7		0.441	0.141	0.168	0.133	0	9.72	0.386		I2;I3;I8;I10
R e11/s17 l10 eh21 2:1/2:1/1:1 c18-24-30 i9-7-5 mh1 md0.0425 mi17 mv0.14 sr4.7 sd0.04 sh0.8 sv0.065	engageRadius=11 spawnRadius=17 leashRadius=10 eliteHp=21 meleeHp=1 meleeDamage=0.0425 meleeAttackInterval=17 meleeMoveSpeed=0.14 shooterRange=4.7 shooterDamage=0.04 shooterHp=0.8 shooterMoveSpeed=0.065 phases=18-24-30|9-7-5|2:1/2:1/1:1	7	2	1	1		0.757	0.206	0.288	0.262	0	15.65	0.375		skilled 8/8;I3;I8
R e10/s16 l10 eh17 1:1/1:1/1:1 c14-20-26 i9-8-6 mh1 md0.0475 mi16 mv0.145 sr4.8 sd0.04 sh0.75 sv0.055	engageRadius=10 spawnRadius=16 leashRadius=10 eliteHp=17 meleeHp=1 meleeDamage=0.0475 meleeAttackInterval=16 meleeMoveSpeed=0.145 shooterRange=4.8 shooterDamage=0.04 shooterHp=0.75 shooterMoveSpeed=0.055 phases=14-20-26|9-8-6|1:1/1:1/1:1	8	2	2	2		0.621	0.218	0.235	0.167	0	14.71	0.442		I3;I8
R e10/s14 l10.5 eh21 1:1/1:1/1:1 c18-24-30 i9-7-5 mh1.05 md0.0425 mi16 mv0.135 sr4.5 sd0.045 sh0.75 sv0.065	engageRadius=10 spawnRadius=14 leashRadius=10.5 eliteHp=21 meleeHp=1.05 meleeDamage=0.0425 meleeAttackInterval=16 meleeMoveSpeed=0.135 shooterRange=4.5 shooterDamage=0.045 shooterHp=0.75 shooterMoveSpeed=0.065 phases=18-24-30|9-7-5|1:1/1:1/1:1	8	2	0	1		0.770	0.226	0.297	0.247	0	13.75	0.517		I8
R e10/s15 l11 eh20 3:2/1:1/1:1 c14-20-26 i9-8-6 mh1.05 md0.0475 mi15 mv0.135 sr4.7 sd0.04 sh0.8 sv0.065	engageRadius=10 spawnRadius=15 leashRadius=11 eliteHp=20 meleeHp=1.05 meleeDamage=0.0475 meleeAttackInterval=15 meleeMoveSpeed=0.135 shooterRange=4.7 shooterDamage=0.04 shooterHp=0.8 shooterMoveSpeed=0.065 phases=14-20-26|9-8-6|3:2/1:1/1:1	8	2	0	1		0.695	0.249	0.250	0.196	0	10.99	0.383		I8
R e10/s15 l10.5 eh20 3:2/1:1/1:1 c18-24-30 i9-7-5 mh1.05 md0.045 mi15 mv0.135 sr4.7 sd0.045 sh0.8 sv0.065	engageRadius=10 spawnRadius=15 leashRadius=10.5 eliteHp=20 meleeHp=1.05 meleeDamage=0.045 meleeAttackInterval=15 meleeMoveSpeed=0.135 shooterRange=4.7 shooterDamage=0.045 shooterHp=0.8 shooterMoveSpeed=0.065 phases=18-24-30|9-7-5|3:2/1:1/1:1	7	0	0	0		0.893	0.251	0.342	0.300	0	14.09	0.461		skilled 8/8;I2
R e10/s14 l11 eh20 2:1/1:1/1:1 c16-22-28 i9-7-5 mh0.95 md0.0425 mi17 mv0.145 sr4.6 sd0.035 sh0.75 sv0.065	engageRadius=10 spawnRadius=14 leashRadius=11 eliteHp=20 meleeHp=0.95 meleeDamage=0.0425 meleeAttackInterval=17 meleeMoveSpeed=0.145 shooterRange=4.6 shooterDamage=0.035 shooterHp=0.75 shooterMoveSpeed=0.065 phases=16-22-28|9-7-5|2:1/1:1/1:1	8	4	2	2		0.673	0.206	0.263	0.204	0	10.95	0.402		I3;I8
R e11/s16 l10 eh21 2:1/1:1/1:1 c16-22-28 i9-7-5 mh1 md0.045 mi16 mv0.14 sr4.6 sd0.045 sh0.75 sv0.065	engageRadius=11 spawnRadius=16 leashRadius=10 eliteHp=21 meleeHp=1 meleeDamage=0.045 meleeAttackInterval=16 meleeMoveSpeed=0.14 shooterRange=4.6 shooterDamage=0.045 shooterHp=0.75 shooterMoveSpeed=0.065 phases=16-22-28|9-7-5|2:1/1:1/1:1	7	1	1	1		0.870	0.236	0.321	0.312	0	15.05	0.420		skilled 8/8;I2;I3;I8
R e9/s15 l10 eh21 2:1/1:1/1:1 c14-20-26 i8-7-5 mh1.05 md0.045 mi17 mv0.145 sr4.5 sd0.045 sh0.85 sv0.065	engageRadius=9 spawnRadius=15 leashRadius=10 eliteHp=21 meleeHp=1.05 meleeDamage=0.045 meleeAttackInterval=17 meleeMoveSpeed=0.145 shooterRange=4.5 shooterDamage=0.045 shooterHp=0.85 shooterMoveSpeed=0.065 phases=14-20-26|8-7-5|2:1/1:1/1:1	6	0	0	0		1.003	0.320	0.406	0.277	0	16.60	0.445		skilled 8/8;I2
R e11/s17 l10 eh21 2:1/1:1/1:1 c16-22-28 i9-8-6 mh0.95 md0.0425 mi15 mv0.145 sr4.6 sd0.045 sh0.85 sv0.065	engageRadius=11 spawnRadius=17 leashRadius=10 eliteHp=21 meleeHp=0.95 meleeDamage=0.0425 meleeAttackInterval=15 meleeMoveSpeed=0.145 shooterRange=4.6 shooterDamage=0.045 shooterHp=0.85 shooterMoveSpeed=0.065 phases=16-22-28|9-8-6|2:1/1:1/1:1	8	2	2	2		0.600	0.197	0.226	0.177	0	12.50	0.444		I3;I8
R e9/s13 l10.5 eh20 3:2/1:1/1:1 c18-24-30 i9-8-6 mh1.05 md0.0475 mi16 mv0.135 sr4.6 sd0.045 sh0.85 sv0.055	engageRadius=9 spawnRadius=13 leashRadius=10.5 eliteHp=20 meleeHp=1.05 meleeDamage=0.0475 meleeAttackInterval=16 meleeMoveSpeed=0.135 shooterRange=4.6 shooterDamage=0.045 shooterHp=0.85 shooterMoveSpeed=0.055 phases=18-24-30|9-8-6|3:2/1:1/1:1	8	1	0	0		0.784	0.294	0.270	0.220	0	10.69	0.414		I8
R e9/s13 l10.5 eh17 3:2/1:1/1:1 c14-20-26 i9-7-5 mh1.05 md0.045 mi16 mv0.135 sr4.5 sd0.045 sh0.75 sv0.06	engageRadius=9 spawnRadius=13 leashRadius=10.5 eliteHp=17 meleeHp=1.05 meleeDamage=0.045 meleeAttackInterval=16 meleeMoveSpeed=0.135 shooterRange=4.5 shooterDamage=0.045 shooterHp=0.75 shooterMoveSpeed=0.06 phases=14-20-26|9-7-5|3:2/1:1/1:1	7	1	0	0		0.782	0.255	0.318	0.209	0	10.68	0.431		skilled 8/8;I8
R e11/s16 l10 eh21 2:1/2:1/1:1 c18-24-30 i9-8-6 mh1 md0.045 mi16 mv0.14 sr4.8 sd0.045 sh0.85 sv0.06	engageRadius=11 spawnRadius=16 leashRadius=10 eliteHp=21 meleeHp=1 meleeDamage=0.045 meleeAttackInterval=16 meleeMoveSpeed=0.14 shooterRange=4.8 shooterDamage=0.045 shooterHp=0.85 shooterMoveSpeed=0.06 phases=18-24-30|9-8-6|2:1/2:1/1:1	8	2	1	1		0.721	0.237	0.252	0.232	0	13.51	0.375		I3;I8
R e11/s16 l10 eh19 3:2/1:1/1:1 c18-24-30 i10-8-6 mh1 md0.045 mi15 mv0.145 sr4.5 sd0.035 sh0.85 sv0.06	engageRadius=11 spawnRadius=16 leashRadius=10 eliteHp=19 meleeHp=1 meleeDamage=0.045 meleeAttackInterval=15 meleeMoveSpeed=0.145 shooterRange=4.5 shooterDamage=0.035 shooterHp=0.85 shooterMoveSpeed=0.06 phases=18-24-30|10-8-6|3:2/1:1/1:1	8	3	2	2		0.569	0.189	0.231	0.150	0	12.95	0.368		I3;I8
R e10/s15 l10 eh21 2:1/1:1/1:1 c16-22-28 i9-7-5 mh1.05 md0.0475 mi16 mv0.145 sr4.5 sd0.035 sh0.85 sv0.065	engageRadius=10 spawnRadius=15 leashRadius=10 eliteHp=21 meleeHp=1.05 meleeDamage=0.0475 meleeAttackInterval=16 meleeMoveSpeed=0.145 shooterRange=4.5 shooterDamage=0.035 shooterHp=0.85 shooterMoveSpeed=0.065 phases=16-22-28|9-7-5|2:1/1:1/1:1	6	1	0	0		0.992	0.242	0.368	0.382	0	16.12	0.355		skilled 8/8;I2;I8
R e9/s14 l10.5 eh20 1:1/1:1/1:1 c16-22-28 i9-7-5 mh1 md0.045 mi16 mv0.135 sr4.8 sd0.04 sh0.75 sv0.065	engageRadius=9 spawnRadius=14 leashRadius=10.5 eliteHp=20 meleeHp=1 meleeDamage=0.045 meleeAttackInterval=16 meleeMoveSpeed=0.135 shooterRange=4.8 shooterDamage=0.04 shooterHp=0.75 shooterMoveSpeed=0.065 phases=16-22-28|9-7-5|1:1/1:1/1:1	7	0	0	0		0.817	0.233	0.315	0.269	0	13.50	0.502		skilled 8/8;I2
R e9/s15 l11 eh17 1:1/1:1/1:1 c14-20-26 i10-8-6 mh0.95 md0.0425 mi16 mv0.135 sr4.5 sd0.04 sh0.8 sv0.065	engageRadius=9 spawnRadius=15 leashRadius=11 eliteHp=17 meleeHp=0.95 meleeDamage=0.0425 meleeAttackInterval=16 meleeMoveSpeed=0.135 shooterRange=4.5 shooterDamage=0.04 shooterHp=0.8 shooterMoveSpeed=0.065 phases=14-20-26|10-8-6|1:1/1:1/1:1	8	7	5	5		0.480	0.161	0.218	0.102	0	9.83	0.503		I2;I3;I8;I10
R e9/s15 l10.5 eh18 3:2/1:1/1:2 c14-20-26 i9-7-5 mh0.95 md0.0425 mi16 mv0.145 sr4.7 sd0.035 sh0.75 sv0.06	engageRadius=9 spawnRadius=15 leashRadius=10.5 eliteHp=18 meleeHp=0.95 meleeDamage=0.0425 meleeAttackInterval=16 meleeMoveSpeed=0.145 shooterRange=4.7 shooterDamage=0.035 shooterHp=0.75 shooterMoveSpeed=0.06 phases=14-20-26|9-7-5|3:2/1:1/1:2	8	3	3	3		0.567	0.180	0.233	0.154	0	11.76	0.440		I3;I8;I10
R e10/s16 l10.5 eh21 1:1/1:1/1:1 c18-24-30 i9-7-5 mh1.05 md0.045 mi15 mv0.145 sr4.7 sd0.035 sh0.85 sv0.06	engageRadius=10 spawnRadius=16 leashRadius=10.5 eliteHp=21 meleeHp=1.05 meleeDamage=0.045 meleeAttackInterval=15 meleeMoveSpeed=0.145 shooterRange=4.7 shooterDamage=0.035 shooterHp=0.85 shooterMoveSpeed=0.06 phases=18-24-30|9-7-5|1:1/1:1/1:1	6	1	0	0		0.882	0.225	0.390	0.267	0	17.53	0.402		skilled 8/8;I2;I8
R e10/s15 l10 eh19 1:1/1:1/1:1 c18-24-30 i10-8-6 mh1.05 md0.0475 mi15 mv0.14 sr4.7 sd0.035 sh0.85 sv0.055	engageRadius=10 spawnRadius=15 leashRadius=10 eliteHp=19 meleeHp=1.05 meleeDamage=0.0475 meleeAttackInterval=15 meleeMoveSpeed=0.14 shooterRange=4.7 shooterDamage=0.035 shooterHp=0.85 shooterMoveSpeed=0.055 phases=18-24-30|10-8-6|1:1/1:1/1:1	8	3	2	2		0.589	0.176	0.248	0.165	0	13.28	0.394		I3;I8
R e11/s17 l10 eh21 3:2/1:1/1:1 c16-22-28 i9-7-5 mh1 md0.0475 mi17 mv0.135 sr4.6 sd0.045 sh0.85 sv0.06	engageRadius=11 spawnRadius=17 leashRadius=10 eliteHp=21 meleeHp=1 meleeDamage=0.0475 meleeAttackInterval=17 meleeMoveSpeed=0.135 shooterRange=4.6 shooterDamage=0.045 shooterHp=0.85 shooterMoveSpeed=0.06 phases=16-22-28|9-7-5|3:2/1:1/1:1	7	1	0	0		0.885	0.226	0.341	0.318	0	18.16	0.498		skilled 8/8;I2;I8
R e10/s16 l11 eh21 2:1/2:1/1:1 c14-20-26 i10-8-6 mh1 md0.0475 mi17 mv0.135 sr4.8 sd0.04 sh0.8 sv0.055	engageRadius=10 spawnRadius=16 leashRadius=11 eliteHp=21 meleeHp=1 meleeDamage=0.0475 meleeAttackInterval=17 meleeMoveSpeed=0.135 shooterRange=4.8 shooterDamage=0.04 shooterHp=0.8 shooterMoveSpeed=0.055 phases=14-20-26|10-8-6|2:1/2:1/1:1	8	4	1	3		0.595	0.181	0.240	0.174	0	11.23	0.327		I3;I8;I10
R e9/s15 l11 eh19 3:2/1:1/1:2 c14-20-26 i10-8-6 mh1.05 md0.0425 mi16 mv0.14 sr4.8 sd0.045 sh0.8 sv0.055	engageRadius=9 spawnRadius=15 leashRadius=11 eliteHp=19 meleeHp=1.05 meleeDamage=0.0425 meleeAttackInterval=16 meleeMoveSpeed=0.14 shooterRange=4.8 shooterDamage=0.045 shooterHp=0.8 shooterMoveSpeed=0.055 phases=14-20-26|10-8-6|3:2/1:1/1:2	7	3	1	2		0.639	0.202	0.259	0.177	0	11.40	0.477		skilled 8/8;I3;I8
R e9/s15 l11.5 eh18 2:1/2:1/1:1 c16-22-28 i8-7-5 mh1 md0.0425 mi16 mv0.145 sr4.7 sd0.04 sh0.8 sv0.055	engageRadius=9 spawnRadius=15 leashRadius=11.5 eliteHp=18 meleeHp=1 meleeDamage=0.0425 meleeAttackInterval=16 meleeMoveSpeed=0.145 shooterRange=4.7 shooterDamage=0.04 shooterHp=0.8 shooterMoveSpeed=0.055 phases=16-22-28|8-7-5|2:1/2:1/1:1	7	0	0	0		0.889	0.335	0.358	0.195	0	13.81	0.317		skilled 8/8;I2
R e11/s15 l11 eh20 2:1/2:1/1:1 c18-24-30 i8-7-5 mh1.05 md0.045 mi16 mv0.145 sr4.5 sd0.035 sh0.75 sv0.055	engageRadius=11 spawnRadius=15 leashRadius=11 eliteHp=20 meleeHp=1.05 meleeDamage=0.045 meleeAttackInterval=16 meleeMoveSpeed=0.145 shooterRange=4.5 shooterDamage=0.035 shooterHp=0.75 shooterMoveSpeed=0.055 phases=18-24-30|8-7-5|2:1/2:1/1:1	7	2	0	0		0.938	0.326	0.350	0.262	0	15.23	0.285		skilled 8/8;I2;I8
R e9/s14 l10.5 eh21 3:2/1:1/1:2 c14-20-26 i9-8-6 mh1 md0.0475 mi17 mv0.145 sr4.8 sd0.035 sh0.85 sv0.055	engageRadius=9 spawnRadius=14 leashRadius=10.5 eliteHp=21 meleeHp=1 meleeDamage=0.0475 meleeAttackInterval=17 meleeMoveSpeed=0.145 shooterRange=4.8 shooterDamage=0.035 shooterHp=0.85 shooterMoveSpeed=0.055 phases=14-20-26|9-8-6|3:2/1:1/1:2	8	1	1	2		0.688	0.268	0.245	0.175	0	12.21	0.397		I3;I8
R e11/s17 l10 eh18 2:1/2:1/1:1 c16-22-28 i10-8-6 mh1 md0.045 mi17 mv0.135 sr4.8 sd0.045 sh0.8 sv0.055	engageRadius=11 spawnRadius=17 leashRadius=10 eliteHp=18 meleeHp=1 meleeDamage=0.045 meleeAttackInterval=17 meleeMoveSpeed=0.135 shooterRange=4.8 shooterDamage=0.045 shooterHp=0.8 shooterMoveSpeed=0.055 phases=16-22-28|10-8-6|2:1/2:1/1:1	8	3	3	3		0.524	0.158	0.203	0.163	0	12.85	0.386		I2;I3;I8;I10
R e11/s15 l11.5 eh18 1:1/1:1/1:1 c16-22-28 i9-8-6 mh1 md0.0475 mi17 mv0.145 sr4.6 sd0.045 sh0.85 sv0.06	engageRadius=11 spawnRadius=15 leashRadius=11.5 eliteHp=18 meleeHp=1 meleeDamage=0.0475 meleeAttackInterval=17 meleeMoveSpeed=0.145 shooterRange=4.6 shooterDamage=0.045 shooterHp=0.85 shooterMoveSpeed=0.06 phases=16-22-28|9-8-6|1:1/1:1/1:1	8	0	0	0		0.758	0.284	0.287	0.187	0	12.98	0.464		
R e10/s14 l10.5 eh21 1:1/1:1/1:1 c16-22-28 i9-8-6 mh1.05 md0.0475 mi16 mv0.14 sr4.5 sd0.045 sh0.85 sv0.055	engageRadius=10 spawnRadius=14 leashRadius=10.5 eliteHp=21 meleeHp=1.05 meleeDamage=0.0475 meleeAttackInterval=16 meleeMoveSpeed=0.14 shooterRange=4.5 shooterDamage=0.045 shooterHp=0.85 shooterMoveSpeed=0.055 phases=16-22-28|9-8-6|1:1/1:1/1:1	8	0	0	0		0.770	0.247	0.290	0.233	0	13.50	0.460		
R e11/s17 l10 eh18 2:1/1:1/1:1 c18-24-30 i9-8-6 mh1 md0.0475 mi17 mv0.145 sr4.8 sd0.04 sh0.75 sv0.065	engageRadius=11 spawnRadius=17 leashRadius=10 eliteHp=18 meleeHp=1 meleeDamage=0.0475 meleeAttackInterval=17 meleeMoveSpeed=0.145 shooterRange=4.8 shooterDamage=0.04 shooterHp=0.75 shooterMoveSpeed=0.065 phases=18-24-30|9-8-6|2:1/1:1/1:1	8	3	2	2		0.584	0.227	0.233	0.124	0	12.66	0.399		I3;I8
R e10/s14 l10.5 eh21 1:1/1:1/1:1 c18-24-30 i9-7-5 mh1.05 md0.0425 mi15 mv0.14 sr4.7 sd0.04 sh0.8 sv0.06	engageRadius=10 spawnRadius=14 leashRadius=10.5 eliteHp=21 meleeHp=1.05 meleeDamage=0.0425 meleeAttackInterval=15 meleeMoveSpeed=0.14 shooterRange=4.7 shooterDamage=0.04 shooterHp=0.8 shooterMoveSpeed=0.06 phases=18-24-30|9-7-5|1:1/1:1/1:1	7	1	0	0		0.853	0.236	0.310	0.306	0	14.31	0.442		skilled 8/8;I2;I8
R e9/s14 l11.5 eh21 2:1/1:1/1:1 c14-20-26 i8-7-5 mh1.05 md0.0475 mi16 mv0.14 sr4.6 sd0.045 sh0.85 sv0.06	engageRadius=9 spawnRadius=14 leashRadius=11.5 eliteHp=21 meleeHp=1.05 meleeDamage=0.0475 meleeAttackInterval=16 meleeMoveSpeed=0.14 shooterRange=4.6 shooterDamage=0.045 shooterHp=0.85 shooterMoveSpeed=0.06 phases=14-20-26|8-7-5|2:1/1:1/1:1	5	0	0	0		1.128	0.360	0.460	0.308	0	15.94	0.388		skilled 8/8;I2;I2 windows
R e9/s13 l11.5 eh19 2:1/2:1/1:1 c18-24-30 i10-8-6 mh0.95 md0.0475 mi17 mv0.135 sr4.5 sd0.045 sh0.8 sv0.06	engageRadius=9 spawnRadius=13 leashRadius=11.5 eliteHp=19 meleeHp=0.95 meleeDamage=0.0475 meleeAttackInterval=17 meleeMoveSpeed=0.135 shooterRange=4.5 shooterDamage=0.045 shooterHp=0.8 shooterMoveSpeed=0.06 phases=18-24-30|10-8-6|2:1/2:1/1:1	8	5	1	1		0.574	0.196	0.240	0.138	0	7.49	0.361		I3;I8
R e10/s16 l10 eh18 3:2/1:1/1:1 c14-20-26 i8-7-5 mh1.05 md0.0425 mi15 mv0.145 sr4.5 sd0.035 sh0.85 sv0.06	engageRadius=10 spawnRadius=16 leashRadius=10 eliteHp=18 meleeHp=1.05 meleeDamage=0.0425 meleeAttackInterval=15 meleeMoveSpeed=0.145 shooterRange=4.5 shooterDamage=0.035 shooterHp=0.85 shooterMoveSpeed=0.06 phases=14-20-26|8-7-5|3:2/1:1/1:1	7	0	0	0		0.930	0.280	0.363	0.287	0	19.55	0.384		skilled 8/8;I2
R e11/s16 l10 eh20 1:1/1:1/1:1 c16-22-28 i9-7-5 mh1.05 md0.0425 mi16 mv0.145 sr4.5 sd0.045 sh0.75 sv0.06	engageRadius=11 spawnRadius=16 leashRadius=10 eliteHp=20 meleeHp=1.05 meleeDamage=0.0425 meleeAttackInterval=16 meleeMoveSpeed=0.145 shooterRange=4.5 shooterDamage=0.045 shooterHp=0.75 shooterMoveSpeed=0.06 phases=16-22-28|9-7-5|1:1/1:1/1:1	7	1	1	1		0.799	0.220	0.297	0.283	0	15.92	0.460		skilled 8/8;I3;I8
R e11/s15 l11 eh18 3:2/1:1/1:2 c16-22-28 i8-7-5 mh1.05 md0.0425 mi15 mv0.145 sr4.6 sd0.04 sh0.8 sv0.06	engageRadius=11 spawnRadius=15 leashRadius=11 eliteHp=18 meleeHp=1.05 meleeDamage=0.0425 meleeAttackInterval=15 meleeMoveSpeed=0.145 shooterRange=4.6 shooterDamage=0.04 shooterHp=0.8 shooterMoveSpeed=0.06 phases=16-22-28|8-7-5|3:2/1:1/1:2	7	0	0	0		0.864	0.320	0.339	0.205	0	15.34	0.415		skilled 8/8;I2
R e10/s16 l10 eh21 3:2/1:1/1:1 c18-24-30 i10-8-6 mh0.95 md0.0475 mi16 mv0.145 sr4.6 sd0.045 sh0.85 sv0.06	engageRadius=10 spawnRadius=16 leashRadius=10 eliteHp=21 meleeHp=0.95 meleeDamage=0.0475 meleeAttackInterval=16 meleeMoveSpeed=0.145 shooterRange=4.6 shooterDamage=0.045 shooterHp=0.85 shooterMoveSpeed=0.06 phases=18-24-30|10-8-6|3:2/1:1/1:1	8	3	2	2		0.619	0.171	0.232	0.216	0	13.12	0.501		I3;I8
R e11/s17 l10.5 eh21 3:2/1:1/1:1 c16-22-28 i9-8-6 mh1 md0.0425 mi16 mv0.135 sr4.7 sd0.035 sh0.85 sv0.06	engageRadius=11 spawnRadius=17 leashRadius=10.5 eliteHp=21 meleeHp=1 meleeDamage=0.0425 meleeAttackInterval=16 meleeMoveSpeed=0.135 shooterRange=4.7 shooterDamage=0.035 shooterHp=0.85 shooterMoveSpeed=0.06 phases=16-22-28|9-8-6|3:2/1:1/1:1	8	2	2	2		0.629	0.205	0.224	0.200	0	15.31	0.441		I3;I8
R e10/s15 l10 eh21 2:1/1:1/1:1 c14-20-26 i9-7-5 mh0.95 md0.045 mi17 mv0.135 sr4.7 sd0.04 sh0.75 sv0.055	engageRadius=10 spawnRadius=15 leashRadius=10 eliteHp=21 meleeHp=0.95 meleeDamage=0.045 meleeAttackInterval=17 meleeMoveSpeed=0.135 shooterRange=4.7 shooterDamage=0.04 shooterHp=0.75 shooterMoveSpeed=0.055 phases=14-20-26|9-7-5|2:1/1:1/1:1	8	4	2	2		0.601	0.165	0.225	0.210	0	13.27	0.429		I3;I8
R e11/s15 l10 eh19 1:1/1:1/1:1 c14-20-26 i9-8-6 mh1 md0.0425 mi17 mv0.145 sr4.5 sd0.035 sh0.8 sv0.055	engageRadius=11 spawnRadius=15 leashRadius=10 eliteHp=19 meleeHp=1 meleeDamage=0.0425 meleeAttackInterval=17 meleeMoveSpeed=0.145 shooterRange=4.5 shooterDamage=0.035 shooterHp=0.8 shooterMoveSpeed=0.055 phases=14-20-26|9-8-6|1:1/1:1/1:1	8	6	2	2		0.529	0.182	0.217	0.129	0	13.40	0.429		I2;I3;I8
R e10/s16 l10.5 eh21 3:2/1:1/1:1 c14-20-26 i9-8-6 mh0.95 md0.045 mi16 mv0.135 sr4.5 sd0.035 sh0.8 sv0.055	engageRadius=10 spawnRadius=16 leashRadius=10.5 eliteHp=21 meleeHp=0.95 meleeDamage=0.045 meleeAttackInterval=16 meleeMoveSpeed=0.135 shooterRange=4.5 shooterDamage=0.035 shooterHp=0.8 shooterMoveSpeed=0.055 phases=14-20-26|9-8-6|3:2/1:1/1:1	8	6	4	6		0.525	0.181	0.177	0.167	0	13.82	0.409		I2;I3;I8;I10
R e11/s15 l10.5 eh20 3:2/1:1/1:1 c18-24-30 i9-7-5 mh1.05 md0.0475 mi15 mv0.135 sr4.8 sd0.04 sh0.75 sv0.06	engageRadius=11 spawnRadius=15 leashRadius=10.5 eliteHp=20 meleeHp=1.05 meleeDamage=0.0475 meleeAttackInterval=15 meleeMoveSpeed=0.135 shooterRange=4.8 shooterDamage=0.04 shooterHp=0.75 shooterMoveSpeed=0.06 phases=18-24-30|9-7-5|3:2/1:1/1:1	7	1	0	0		0.797	0.225	0.321	0.251	0	13.13	0.398		skilled 8/8;I8
R e9/s13 l11 eh19 1:1/1:1/1:1 c16-22-28 i9-8-6 mh1.05 md0.0475 mi16 mv0.14 sr4.7 sd0.04 sh0.75 sv0.065	engageRadius=9 spawnRadius=13 leashRadius=11 eliteHp=19 meleeHp=1.05 meleeDamage=0.0475 meleeAttackInterval=16 meleeMoveSpeed=0.14 shooterRange=4.7 shooterDamage=0.04 shooterHp=0.75 shooterMoveSpeed=0.065 phases=16-22-28|9-8-6|1:1/1:1/1:1	8	2	0	0		0.667	0.248	0.267	0.152	0	9.08	0.411		I8
R e9/s14 l11 eh21 3:2/1:1/1:1 c14-20-26 i10-8-6 mh1.05 md0.0425 mi15 mv0.145 sr4.8 sd0.04 sh0.8 sv0.06	engageRadius=9 spawnRadius=14 leashRadius=11 eliteHp=21 meleeHp=1.05 meleeDamage=0.0425 meleeAttackInterval=15 meleeMoveSpeed=0.145 shooterRange=4.8 shooterDamage=0.04 shooterHp=0.8 shooterMoveSpeed=0.06 phases=14-20-26|10-8-6|3:2/1:1/1:1	8	3	2	2		0.669	0.217	0.271	0.181	0	9.89	0.397		I3;I8
R e9/s14 l11.5 eh21 2:1/1:1/1:1 c18-24-30 i9-7-5 mh1 md0.0425 mi16 mv0.135 sr4.7 sd0.045 sh0.75 sv0.065	engageRadius=9 spawnRadius=14 leashRadius=11.5 eliteHp=21 meleeHp=1 meleeDamage=0.0425 meleeAttackInterval=16 meleeMoveSpeed=0.135 shooterRange=4.7 shooterDamage=0.045 shooterHp=0.75 shooterMoveSpeed=0.065 phases=18-24-30|9-7-5|2:1/1:1/1:1	7	0	0	0		0.874	0.257	0.355	0.263	0	11.65	0.444		skilled 8/8;I2
R e10/s16 l11 eh19 2:1/2:1/1:1 c14-20-26 i8-7-5 mh1.05 md0.0475 mi15 mv0.14 sr4.7 sd0.04 sh0.8 sv0.065	engageRadius=10 spawnRadius=16 leashRadius=11 eliteHp=19 meleeHp=1.05 meleeDamage=0.0475 meleeAttackInterval=15 meleeMoveSpeed=0.14 shooterRange=4.7 shooterDamage=0.04 shooterHp=0.8 shooterMoveSpeed=0.065 phases=14-20-26|8-7-5|2:1/2:1/1:1	6	0	0	0		1.029	0.320	0.420	0.289	0	16.65	0.340		skilled 8/8;I2
R e11/s17 l10 eh21 3:2/1:1/1:2 c18-24-30 i9-7-5 mh1.05 md0.045 mi17 mv0.14 sr4.8 sd0.035 sh0.8 sv0.065	engageRadius=11 spawnRadius=17 leashRadius=10 eliteHp=21 meleeHp=1.05 meleeDamage=0.045 meleeAttackInterval=17 meleeMoveSpeed=0.14 shooterRange=4.8 shooterDamage=0.035 shooterHp=0.8 shooterMoveSpeed=0.065 phases=18-24-30|9-7-5|3:2/1:1/1:2	7	2	2	2		0.790	0.202	0.304	0.284	0	17.08	0.467		skilled 8/8;I3;I8
R e9/s15 l10 eh21 3:2/1:1/1:1 c18-24-30 i10-8-6 mh1 md0.0425 mi17 mv0.135 sr4.5 sd0.035 sh0.75 sv0.06	engageRadius=9 spawnRadius=15 leashRadius=10 eliteHp=21 meleeHp=1 meleeDamage=0.0425 meleeAttackInterval=17 meleeMoveSpeed=0.135 shooterRange=4.5 shooterDamage=0.035 shooterHp=0.75 shooterMoveSpeed=0.06 phases=18-24-30|10-8-6|3:2/1:1/1:1	8	6	4	4		0.519	0.152	0.183	0.185	0	10.99	0.429		I2;I3;I8;I10
R e11/s16 l10 eh20 1:1/1:1/1:1 c16-22-28 i10-8-6 mh1 md0.0475 mi16 mv0.135 sr4.7 sd0.035 sh0.8 sv0.055	engageRadius=11 spawnRadius=16 leashRadius=10 eliteHp=20 meleeHp=1 meleeDamage=0.0475 meleeAttackInterval=16 meleeMoveSpeed=0.135 shooterRange=4.7 shooterDamage=0.035 shooterHp=0.8 shooterMoveSpeed=0.055 phases=16-22-28|10-8-6|1:1/1:1/1:1	8	5	4	4		0.498	0.152	0.211	0.134	0	13.47	0.438		I2;I3;I8;I10
R e9/s15 l11 eh17 2:1/2:1/1:1 c14-20-26 i10-8-6 mh1 md0.0425 mi16 mv0.135 sr4.7 sd0.04 sh0.85 sv0.055	engageRadius=9 spawnRadius=15 leashRadius=11 eliteHp=17 meleeHp=1 meleeDamage=0.0425 meleeAttackInterval=16 meleeMoveSpeed=0.135 shooterRange=4.7 shooterDamage=0.04 shooterHp=0.85 shooterMoveSpeed=0.055 phases=14-20-26|10-8-6|2:1/2:1/1:1	8	3	2	2		0.565	0.192	0.250	0.123	0	11.06	0.337		I3;I8
R e10/s14 l11.5 eh20 1:1/1:1/1:1 c14-20-26 i8-7-5 mh1.05 md0.045 mi16 mv0.135 sr4.8 sd0.035 sh0.8 sv0.065	engageRadius=10 spawnRadius=14 leashRadius=11.5 eliteHp=20 meleeHp=1.05 meleeDamage=0.045 meleeAttackInterval=16 meleeMoveSpeed=0.135 shooterRange=4.8 shooterDamage=0.035 shooterHp=0.8 shooterMoveSpeed=0.065 phases=14-20-26|8-7-5|1:1/1:1/1:1	7	1	0	0		0.831	0.285	0.318	0.228	0	13.91	0.422		skilled 8/8;I2;I8
R e11/s16 l10.5 eh17 2:1/2:1/1:1 c18-24-30 i9-8-6 mh0.95 md0.045 mi17 mv0.145 sr4.7 sd0.045 sh0.85 sv0.065	engageRadius=11 spawnRadius=16 leashRadius=10.5 eliteHp=17 meleeHp=0.95 meleeDamage=0.045 meleeAttackInterval=17 meleeMoveSpeed=0.145 shooterRange=4.7 shooterDamage=0.045 shooterHp=0.85 shooterMoveSpeed=0.065 phases=18-24-30|9-8-6|2:1/2:1/1:1	8	3	2	2		0.594	0.221	0.228	0.145	0	10.98	0.402		I3;I8
R e9/s14 l10 eh20 2:1/2:1/1:1 c14-20-26 i9-8-6 mh0.95 md0.0475 mi16 mv0.145 sr4.6 sd0.04 sh0.8 sv0.065	engageRadius=9 spawnRadius=14 leashRadius=10 eliteHp=20 meleeHp=0.95 meleeDamage=0.0475 meleeAttackInterval=16 meleeMoveSpeed=0.145 shooterRange=4.6 shooterDamage=0.04 shooterHp=0.8 shooterMoveSpeed=0.065 phases=14-20-26|9-8-6|2:1/2:1/1:1	8	5	4	4		0.617	0.221	0.213	0.182	0	9.53	0.349		I3;I8;I10
R e9/s13 l10.5 eh20 1:1/1:1/1:1 c18-24-30 i8-7-5 mh0.95 md0.0475 mi17 mv0.145 sr4.8 sd0.045 sh0.75 sv0.065	engageRadius=9 spawnRadius=13 leashRadius=10.5 eliteHp=20 meleeHp=0.95 meleeDamage=0.0475 meleeAttackInterval=17 meleeMoveSpeed=0.145 shooterRange=4.8 shooterDamage=0.045 shooterHp=0.75 shooterMoveSpeed=0.065 phases=18-24-30|8-7-5|1:1/1:1/1:1	7	0	0	0		0.881	0.286	0.308	0.287	0	12.21	0.498		skilled 8/8;I2
R e11/s17 l10 eh18 1:1/1:1/1:1 c16-22-28 i8-7-5 mh0.95 md0.0475 mi16 mv0.14 sr4.5 sd0.045 sh0.8 sv0.065	engageRadius=11 spawnRadius=17 leashRadius=10 eliteHp=18 meleeHp=0.95 meleeDamage=0.0475 meleeAttackInterval=16 meleeMoveSpeed=0.14 shooterRange=4.5 shooterDamage=0.045 shooterHp=0.8 shooterMoveSpeed=0.065 phases=16-22-28|8-7-5|1:1/1:1/1:1	8	1	1	1		0.808	0.247	0.334	0.227	0	18.24	0.515		I2;I3;I8
R e10/s16 l10.5 eh21 1:1/1:1/1:1 c14-20-26 i9-8-6 mh1.05 md0.0425 mi15 mv0.135 sr4.5 sd0.035 sh0.8 sv0.06	engageRadius=10 spawnRadius=16 leashRadius=10.5 eliteHp=21 meleeHp=1.05 meleeDamage=0.0425 meleeAttackInterval=15 meleeMoveSpeed=0.135 shooterRange=4.5 shooterDamage=0.035 shooterHp=0.8 shooterMoveSpeed=0.06 phases=14-20-26|9-8-6|1:1/1:1/1:1	8	3	2	2		0.629	0.198	0.235	0.196	0	14.72	0.411		I3;I8
R e11/s16 l11 eh18 2:1/1:1/1:1 c16-22-28 i8-7-5 mh0.95 md0.0425 mi17 mv0.145 sr4.6 sd0.045 sh0.8 sv0.055	engageRadius=11 spawnRadius=16 leashRadius=11 eliteHp=18 meleeHp=0.95 meleeDamage=0.0425 meleeAttackInterval=17 meleeMoveSpeed=0.145 shooterRange=4.6 shooterDamage=0.045 shooterHp=0.8 shooterMoveSpeed=0.055 phases=16-22-28|8-7-5|2:1/1:1/1:1	8	1	1	1		0.674	0.260	0.270	0.144	0	14.71	0.413		I3;I8
R e11/s17 l10 eh17 3:2/1:1/1:1 c18-24-30 i8-7-5 mh1.05 md0.0475 mi17 mv0.14 sr4.7 sd0.035 sh0.8 sv0.055	engageRadius=11 spawnRadius=17 leashRadius=10 eliteHp=17 meleeHp=1.05 meleeDamage=0.0475 meleeAttackInterval=17 meleeMoveSpeed=0.14 shooterRange=4.7 shooterDamage=0.035 shooterHp=0.8 shooterMoveSpeed=0.055 phases=18-24-30|8-7-5|3:2/1:1/1:1	8	1	0	1		0.716	0.255	0.287	0.174	0	18.59	0.361		I8
R e9/s13 l10.5 eh21 2:1/1:1/1:1 c18-24-30 i8-7-5 mh1 md0.045 mi15 mv0.145 sr4.8 sd0.045 sh0.85 sv0.055	engageRadius=9 spawnRadius=13 leashRadius=10.5 eliteHp=21 meleeHp=1 meleeDamage=0.045 meleeAttackInterval=15 meleeMoveSpeed=0.145 shooterRange=4.8 shooterDamage=0.045 shooterHp=0.85 shooterMoveSpeed=0.055 phases=18-24-30|8-7-5|2:1/1:1/1:1	4	0	0	0		1.120	0.386	0.432	0.302	0	15.64	0.394		skilled 8/8;I2
R e10/s14 l11.5 eh21 3:2/1:1/1:2 c16-22-28 i9-8-6 mh1.05 md0.045 mi16 mv0.145 sr4.6 sd0.035 sh0.75 sv0.055	engageRadius=10 spawnRadius=14 leashRadius=11.5 eliteHp=21 meleeHp=1.05 meleeDamage=0.045 meleeAttackInterval=16 meleeMoveSpeed=0.145 shooterRange=4.6 shooterDamage=0.035 shooterHp=0.75 shooterMoveSpeed=0.055 phases=16-22-28|9-8-6|3:2/1:1/1:2	8	2	2	2		0.665	0.275	0.225	0.165	0	10.32	0.364		I3;I8
R e11/s16 l10 eh20 2:1/2:1/1:1 c16-22-28 i10-8-6 mh0.95 md0.0425 mi17 mv0.145 sr4.5 sd0.035 sh0.85 sv0.065	engageRadius=11 spawnRadius=16 leashRadius=10 eliteHp=20 meleeHp=0.95 meleeDamage=0.0425 meleeAttackInterval=17 meleeMoveSpeed=0.145 shooterRange=4.5 shooterDamage=0.035 shooterHp=0.85 shooterMoveSpeed=0.065 phases=16-22-28|10-8-6|2:1/2:1/1:1	8	7	5	7		0.485	0.146	0.199	0.139	0	11.22	0.344		I2;I3;I8;I10
R e9/s13 l10.5 eh17 3:2/1:1/1:1 c14-20-26 i9-7-5 mh0.95 md0.0475 mi15 mv0.135 sr4.6 sd0.04 sh0.75 sv0.055	engageRadius=9 spawnRadius=13 leashRadius=10.5 eliteHp=17 meleeHp=0.95 meleeDamage=0.0475 meleeAttackInterval=15 meleeMoveSpeed=0.135 shooterRange=4.6 shooterDamage=0.04 shooterHp=0.75 shooterMoveSpeed=0.055 phases=14-20-26|9-7-5|3:2/1:1/1:1	8	3	1	1		0.630	0.207	0.271	0.152	0	9.63	0.417		I3;I8
R e9/s14 l10.5 eh17 2:1/1:1/1:1 c14-20-26 i9-7-5 mh1.05 md0.0425 mi17 mv0.135 sr4.7 sd0.04 sh0.8 sv0.055	engageRadius=9 spawnRadius=14 leashRadius=10.5 eliteHp=17 meleeHp=1.05 meleeDamage=0.0425 meleeAttackInterval=17 meleeMoveSpeed=0.135 shooterRange=4.7 shooterDamage=0.04 shooterHp=0.8 shooterMoveSpeed=0.055 phases=14-20-26|9-7-5|2:1/1:1/1:1	8	3	1	1		0.659	0.226	0.305	0.127	0	12.77	0.431		I3;I8
R e9/s15 l10.5 eh20 1:1/1:1/1:1 c14-20-26 i10-8-6 mh0.95 md0.0425 mi16 mv0.135 sr4.8 sd0.045 sh0.75 sv0.06	engageRadius=9 spawnRadius=15 leashRadius=10.5 eliteHp=20 meleeHp=0.95 meleeDamage=0.0425 meleeAttackInterval=16 meleeMoveSpeed=0.135 shooterRange=4.8 shooterDamage=0.045 shooterHp=0.75 shooterMoveSpeed=0.06 phases=14-20-26|10-8-6|1:1/1:1/1:1	8	4	3	3		0.554	0.157	0.225	0.172	0	11.32	0.551		I3;I8;I10
R e11/s17 l10.5 eh20 3:2/1:1/1:1 c16-22-28 i10-8-6 mh1.05 md0.045 mi15 mv0.135 sr4.6 sd0.04 sh0.85 sv0.06	engageRadius=11 spawnRadius=17 leashRadius=10.5 eliteHp=20 meleeHp=1.05 meleeDamage=0.045 meleeAttackInterval=15 meleeMoveSpeed=0.135 shooterRange=4.6 shooterDamage=0.04 shooterHp=0.85 shooterMoveSpeed=0.06 phases=16-22-28|10-8-6|3:2/1:1/1:1	8	1	1	1		0.668	0.206	0.252	0.210	0	14.01	0.433		I3;I8
R e9/s15 l10 eh17 3:2/1:1/1:2 c16-22-28 i9-7-5 mh1.05 md0.045 mi16 mv0.135 sr4.5 sd0.045 sh0.8 sv0.065	engageRadius=9 spawnRadius=15 leashRadius=10 eliteHp=17 meleeHp=1.05 meleeDamage=0.045 meleeAttackInterval=16 meleeMoveSpeed=0.135 shooterRange=4.5 shooterDamage=0.045 shooterHp=0.8 shooterMoveSpeed=0.065 phases=16-22-28|9-7-5|3:2/1:1/1:2	8	1	0	0		0.711	0.210	0.318	0.183	0	13.59	0.493		I8
R e11/s16 l10.5 eh21 3:2/1:1/1:2 c18-24-30 i10-8-6 mh0.95 md0.045 mi15 mv0.135 sr4.5 sd0.04 sh0.85 sv0.065	engageRadius=11 spawnRadius=16 leashRadius=10.5 eliteHp=21 meleeHp=0.95 meleeDamage=0.045 meleeAttackInterval=15 meleeMoveSpeed=0.135 shooterRange=4.5 shooterDamage=0.04 shooterHp=0.85 shooterMoveSpeed=0.065 phases=18-24-30|10-8-6|3:2/1:1/1:2	8	4	3	3		0.547	0.171	0.220	0.155	0	11.59	0.486		I2;I3;I8;I10
R e11/s15 l11.5 eh19 3:2/1:1/1:2 c16-22-28 i9-7-5 mh1 md0.0475 mi16 mv0.145 sr4.7 sd0.045 sh0.75 sv0.065	engageRadius=11 spawnRadius=15 leashRadius=11.5 eliteHp=19 meleeHp=1 meleeDamage=0.0475 meleeAttackInterval=16 meleeMoveSpeed=0.145 shooterRange=4.7 shooterDamage=0.045 shooterHp=0.75 shooterMoveSpeed=0.065 phases=16-22-28|9-7-5|3:2/1:1/1:2	7	0	0	0		0.919	0.294	0.345	0.280	0	13.27	0.466		skilled 8/8;I2
R e10/s16 l10.5 eh17 3:2/1:1/1:2 c18-24-30 i8-7-5 mh1.05 md0.0425 mi17 mv0.135 sr4.6 sd0.035 sh0.75 sv0.065	engageRadius=10 spawnRadius=16 leashRadius=10.5 eliteHp=17 meleeHp=1.05 meleeDamage=0.0425 meleeAttackInterval=17 meleeMoveSpeed=0.135 shooterRange=4.6 shooterDamage=0.035 shooterHp=0.75 shooterMoveSpeed=0.065 phases=18-24-30|8-7-5|3:2/1:1/1:2	8	2	1	1		0.750	0.272	0.304	0.174	0	15.94	0.449		I3;I8
R e11/s15 l11 eh18 3:2/1:1/1:2 c16-22-28 i9-8-6 mh1.05 md0.045 mi17 mv0.135 sr4.7 sd0.035 sh0.8 sv0.055	engageRadius=11 spawnRadius=15 leashRadius=11 eliteHp=18 meleeHp=1.05 meleeDamage=0.045 meleeAttackInterval=17 meleeMoveSpeed=0.135 shooterRange=4.7 shooterDamage=0.035 shooterHp=0.8 shooterMoveSpeed=0.055 phases=16-22-28|9-8-6|3:2/1:1/1:2	8	5	2	2		0.551	0.205	0.216	0.129	0	12.00	0.418		I3;I8
R e11/s15 l11.5 eh19 3:2/1:1/1:2 c14-20-26 i9-7-5 mh1 md0.0475 mi17 mv0.135 sr4.7 sd0.045 sh0.8 sv0.055	engageRadius=11 spawnRadius=15 leashRadius=11.5 eliteHp=19 meleeHp=1 meleeDamage=0.0475 meleeAttackInterval=17 meleeMoveSpeed=0.135 shooterRange=4.7 shooterDamage=0.045 shooterHp=0.8 shooterMoveSpeed=0.055 phases=14-20-26|9-7-5|3:2/1:1/1:2	8	1	0	0		0.806	0.253	0.361	0.193	0	13.58	0.476		I2;I8
R e10/s15 l11 eh18 2:1/1:1/1:1 c16-22-28 i8-7-5 mh1 md0.0475 mi16 mv0.135 sr4.8 sd0.04 sh0.75 sv0.06	engageRadius=10 spawnRadius=15 leashRadius=11 eliteHp=18 meleeHp=1 meleeDamage=0.0475 meleeAttackInterval=16 meleeMoveSpeed=0.135 shooterRange=4.8 shooterDamage=0.04 shooterHp=0.75 shooterMoveSpeed=0.06 phases=16-22-28|8-7-5|2:1/1:1/1:1	7	1	0	0		0.794	0.304	0.293	0.197	0	15.13	0.385		skilled 8/8;I8
R e10/s16 l11.5 eh18 3:2/1:1/1:2 c16-22-28 i9-8-6 mh0.95 md0.045 mi16 mv0.145 sr4.5 sd0.04 sh0.75 sv0.06	engageRadius=10 spawnRadius=16 leashRadius=11.5 eliteHp=18 meleeHp=0.95 meleeDamage=0.045 meleeAttackInterval=16 meleeMoveSpeed=0.145 shooterRange=4.5 shooterDamage=0.04 shooterHp=0.75 shooterMoveSpeed=0.06 phases=16-22-28|9-8-6|3:2/1:1/1:2	8	4	3	3		0.543	0.201	0.222	0.119	0	10.61	0.430		I2;I3;I8;I10
R e11/s15 l10 eh19 3:2/1:1/1:2 c18-24-30 i9-8-6 mh1.05 md0.045 mi16 mv0.145 sr4.6 sd0.04 sh0.75 sv0.06	engageRadius=11 spawnRadius=15 leashRadius=10 eliteHp=19 meleeHp=1.05 meleeDamage=0.045 meleeAttackInterval=16 meleeMoveSpeed=0.145 shooterRange=4.6 shooterDamage=0.04 shooterHp=0.75 shooterMoveSpeed=0.06 phases=18-24-30|9-8-6|3:2/1:1/1:2	8	1	2	2		0.629	0.238	0.217	0.174	0	11.63	0.422		I3;I8
R e9/s15 l10 eh18 2:1/2:1/1:1 c16-22-28 i9-8-6 mh1.05 md0.0475 mi15 mv0.14 sr4.6 sd0.045 sh0.8 sv0.065	engageRadius=9 spawnRadius=15 leashRadius=10 eliteHp=18 meleeHp=1.05 meleeDamage=0.0475 meleeAttackInterval=15 meleeMoveSpeed=0.14 shooterRange=4.6 shooterDamage=0.045 shooterHp=0.8 shooterMoveSpeed=0.065 phases=16-22-28|9-8-6|2:1/2:1/1:1	8	1	1	0		0.721	0.263	0.269	0.189	0	11.29	0.349		I3;I8
R e9/s14 l11.5 eh17 2:1/2:1/1:1 c18-24-30 i8-7-5 mh1 md0.045 mi16 mv0.145 sr4.7 sd0.035 sh0.8 sv0.065	engageRadius=9 spawnRadius=14 leashRadius=11.5 eliteHp=17 meleeHp=1 meleeDamage=0.045 meleeAttackInterval=16 meleeMoveSpeed=0.145 shooterRange=4.7 shooterDamage=0.035 shooterHp=0.8 shooterMoveSpeed=0.065 phases=18-24-30|8-7-5|2:1/2:1/1:1	6	0	0	0		0.988	0.336	0.389	0.263	0	13.41	0.294		skilled 8/8;I2
R e10/s14 l10.5 eh17 3:2/1:1/1:1 c18-24-30 i9-8-6 mh1.05 md0.045 mi17 mv0.135 sr4.5 sd0.045 sh0.75 sv0.06	engageRadius=10 spawnRadius=14 leashRadius=10.5 eliteHp=17 meleeHp=1.05 meleeDamage=0.045 meleeAttackInterval=17 meleeMoveSpeed=0.135 shooterRange=4.5 shooterDamage=0.045 shooterHp=0.75 shooterMoveSpeed=0.06 phases=18-24-30|9-8-6|3:2/1:1/1:1	8	3	1	2		0.631	0.225	0.228	0.178	0	10.26	0.427		I3;I8
R e10/s16 l11 eh18 2:1/2:1/1:1 c18-24-30 i10-8-6 mh0.95 md0.0475 mi15 mv0.14 sr4.6 sd0.045 sh0.75 sv0.065	engageRadius=10 spawnRadius=16 leashRadius=11 eliteHp=18 meleeHp=0.95 meleeDamage=0.0475 meleeAttackInterval=15 meleeMoveSpeed=0.14 shooterRange=4.6 shooterDamage=0.045 shooterHp=0.75 shooterMoveSpeed=0.065 phases=18-24-30|10-8-6|2:1/2:1/1:1	8	6	3	4		0.560	0.190	0.229	0.140	0	9.78	0.353		I3;I8;I10
R e11/s16 l10.5 eh19 3:2/1:1/1:2 c16-22-28 i9-7-5 mh0.95 md0.045 mi17 mv0.145 sr4.8 sd0.045 sh0.8 sv0.055	engageRadius=11 spawnRadius=16 leashRadius=10.5 eliteHp=19 meleeHp=0.95 meleeDamage=0.045 meleeAttackInterval=17 meleeMoveSpeed=0.145 shooterRange=4.8 shooterDamage=0.045 shooterHp=0.8 shooterMoveSpeed=0.055 phases=16-22-28|9-7-5|3:2/1:1/1:2	8	1	1	1		0.692	0.196	0.302	0.193	0	14.46	0.516		I3;I8
R e10/s15 l11 eh20 2:1/2:1/1:1 c18-24-30 i10-8-6 mh1 md0.045 mi15 mv0.14 sr4.8 sd0.035 sh0.75 sv0.065	engageRadius=10 spawnRadius=15 leashRadius=11 eliteHp=20 meleeHp=1 meleeDamage=0.045 meleeAttackInterval=15 meleeMoveSpeed=0.14 shooterRange=4.8 shooterDamage=0.035 shooterHp=0.75 shooterMoveSpeed=0.065 phases=18-24-30|10-8-6|2:1/2:1/1:1	8	3	2	2		0.618	0.211	0.262	0.145	0	9.86	0.291		I3;I8
R e11/s17 l11.5 eh21 2:1/1:1/1:1 c18-24-30 i9-8-6 mh1 md0.045 mi16 mv0.145 sr4.7 sd0.04 sh0.75 sv0.06	engageRadius=11 spawnRadius=17 leashRadius=11.5 eliteHp=21 meleeHp=1 meleeDamage=0.045 meleeAttackInterval=16 meleeMoveSpeed=0.145 shooterRange=4.7 shooterDamage=0.04 shooterHp=0.75 shooterMoveSpeed=0.06 phases=18-24-30|9-8-6|2:1/1:1/1:1	8	1	2	2		0.700	0.256	0.252	0.192	0	13.36	0.340		I3;I8
R e11/s16 l11.5 eh17 3:2/1:1/1:2 c16-22-28 i9-8-6 mh1 md0.0475 mi17 mv0.135 sr4.7 sd0.04 sh0.75 sv0.055	engageRadius=11 spawnRadius=16 leashRadius=11.5 eliteHp=17 meleeHp=1 meleeDamage=0.0475 meleeAttackInterval=17 meleeMoveSpeed=0.135 shooterRange=4.7 shooterDamage=0.04 shooterHp=0.75 shooterMoveSpeed=0.055 phases=16-22-28|9-8-6|3:2/1:1/1:2	8	2	2	2		0.590	0.238	0.224	0.128	0	12.66	0.441		I3;I8
R e11/s15 l11 eh17 3:2/1:1/1:2 c18-24-30 i9-8-6 mh1.05 md0.0425 mi15 mv0.135 sr4.8 sd0.04 sh0.75 sv0.065	engageRadius=11 spawnRadius=15 leashRadius=11 eliteHp=17 meleeHp=1.05 meleeDamage=0.0425 meleeAttackInterval=15 meleeMoveSpeed=0.135 shooterRange=4.8 shooterDamage=0.04 shooterHp=0.75 shooterMoveSpeed=0.065 phases=18-24-30|9-8-6|3:2/1:1/1:2	8	3	2	2		0.586	0.228	0.236	0.122	0	11.16	0.463		I3;I8
R e10/s15 l10.5 eh17 3:2/1:1/1:2 c18-24-30 i10-8-6 mh1 md0.0475 mi17 mv0.145 sr4.6 sd0.04 sh0.85 sv0.065	engageRadius=10 spawnRadius=15 leashRadius=10.5 eliteHp=17 meleeHp=1 meleeDamage=0.0475 meleeAttackInterval=17 meleeMoveSpeed=0.145 shooterRange=4.6 shooterDamage=0.04 shooterHp=0.85 shooterMoveSpeed=0.065 phases=18-24-30|10-8-6|3:2/1:1/1:2	8	2	2	2		0.614	0.217	0.281	0.117	0	11.93	0.444		I3;I8
R e9/s14 l10 eh20 1:1/1:1/1:1 c14-20-26 i9-8-6 mh1.05 md0.0425 mi16 mv0.145 sr4.8 sd0.04 sh0.75 sv0.055	engageRadius=9 spawnRadius=14 leashRadius=10 eliteHp=20 meleeHp=1.05 meleeDamage=0.0425 meleeAttackInterval=16 meleeMoveSpeed=0.145 shooterRange=4.8 shooterDamage=0.04 shooterHp=0.75 shooterMoveSpeed=0.055 phases=14-20-26|9-8-6|1:1/1:1/1:1	8	3	2	2		0.581	0.208	0.235	0.139	0	11.13	0.443		I3;I8
R e9/s15 l11 eh17 3:2/1:1/1:1 c16-22-28 i10-8-6 mh1.05 md0.045 mi17 mv0.14 sr4.7 sd0.04 sh0.75 sv0.065	engageRadius=9 spawnRadius=15 leashRadius=11 eliteHp=17 meleeHp=1.05 meleeDamage=0.045 meleeAttackInterval=17 meleeMoveSpeed=0.14 shooterRange=4.7 shooterDamage=0.04 shooterHp=0.75 shooterMoveSpeed=0.065 phases=16-22-28|10-8-6|3:2/1:1/1:1	8	4	2	2		0.603	0.208	0.237	0.158	0	10.51	0.437		I3;I8
R e11/s16 l11.5 eh20 1:1/1:1/1:1 c18-24-30 i8-7-5 mh0.95 md0.0475 mi16 mv0.14 sr4.7 sd0.035 sh0.8 sv0.06	engageRadius=11 spawnRadius=16 leashRadius=11.5 eliteHp=20 meleeHp=0.95 meleeDamage=0.0475 meleeAttackInterval=16 meleeMoveSpeed=0.14 shooterRange=4.7 shooterDamage=0.035 shooterHp=0.8 shooterMoveSpeed=0.06 phases=18-24-30|8-7-5|1:1/1:1/1:1	8	0	1	1		0.750	0.252	0.293	0.205	0	16.20	0.416		I3
R e10/s15 l11 eh20 1:1/1:1/1:1 c18-24-30 i10-8-6 mh1 md0.045 mi17 mv0.14 sr4.6 sd0.045 sh0.85 sv0.06	engageRadius=10 spawnRadius=15 leashRadius=11 eliteHp=20 meleeHp=1 meleeDamage=0.045 meleeAttackInterval=17 meleeMoveSpeed=0.14 shooterRange=4.6 shooterDamage=0.045 shooterHp=0.85 shooterMoveSpeed=0.06 phases=18-24-30|10-8-6|1:1/1:1/1:1	8	2	0	1		0.679	0.208	0.303	0.168	0	12.36	0.481		I8
R e10/s14 l10.5 eh20 3:2/1:1/1:2 c18-24-30 i9-7-5 mh1.05 md0.045 mi16 mv0.145 sr4.6 sd0.035 sh0.75 sv0.055	engageRadius=10 spawnRadius=14 leashRadius=10.5 eliteHp=20 meleeHp=1.05 meleeDamage=0.045 meleeAttackInterval=16 meleeMoveSpeed=0.145 shooterRange=4.6 shooterDamage=0.035 shooterHp=0.75 shooterMoveSpeed=0.055 phases=18-24-30|9-7-5|3:2/1:1/1:2	8	2	1	1		0.758	0.234	0.307	0.217	0	12.89	0.404		I3;I8
R e10/s15 l11.5 eh21 3:2/1:1/1:1 c18-24-30 i9-8-6 mh1 md0.045 mi16 mv0.14 sr4.8 sd0.045 sh0.75 sv0.065	engageRadius=10 spawnRadius=15 leashRadius=11.5 eliteHp=21 meleeHp=1 meleeDamage=0.045 meleeAttackInterval=16 meleeMoveSpeed=0.14 shooterRange=4.8 shooterDamage=0.045 shooterHp=0.75 shooterMoveSpeed=0.065 phases=18-24-30|9-8-6|3:2/1:1/1:1	6	1	0	0		0.832	0.275	0.287	0.270	0	12.22	0.470		skilled 8/8;I2;I8
R e9/s14 l10 eh19 3:2/1:1/1:1 c16-22-28 i10-8-6 mh1.05 md0.0475 mi16 mv0.145 sr4.7 sd0.045 sh0.75 sv0.06	engageRadius=9 spawnRadius=14 leashRadius=10 eliteHp=19 meleeHp=1.05 meleeDamage=0.0475 meleeAttackInterval=16 meleeMoveSpeed=0.145 shooterRange=4.7 shooterDamage=0.045 shooterHp=0.75 shooterMoveSpeed=0.06 phases=16-22-28|10-8-6|3:2/1:1/1:1	8	2	2	2		0.619	0.221	0.245	0.153	0	9.77	0.419		I3;I8
R e10/s14 l11.5 eh18 3:2/1:1/1:2 c14-20-26 i10-8-6 mh1.05 md0.0475 mi16 mv0.145 sr4.7 sd0.035 sh0.85 sv0.055	engageRadius=10 spawnRadius=14 leashRadius=11.5 eliteHp=18 meleeHp=1.05 meleeDamage=0.0475 meleeAttackInterval=16 meleeMoveSpeed=0.145 shooterRange=4.7 shooterDamage=0.035 shooterHp=0.85 shooterMoveSpeed=0.055 phases=14-20-26|10-8-6|3:2/1:1/1:2	8	3	2	2		0.621	0.225	0.291	0.104	0	9.94	0.349		I3;I8
R e11/s16 l10.5 eh17 2:1/1:1/1:1 c18-24-30 i10-8-6 mh1.05 md0.045 mi16 mv0.145 sr4.5 sd0.045 sh0.8 sv0.055	engageRadius=11 spawnRadius=16 leashRadius=10.5 eliteHp=17 meleeHp=1.05 meleeDamage=0.045 meleeAttackInterval=16 meleeMoveSpeed=0.145 shooterRange=4.5 shooterDamage=0.045 shooterHp=0.8 shooterMoveSpeed=0.055 phases=18-24-30|10-8-6|2:1/1:1/1:1	8	2	2	2		0.595	0.204	0.252	0.139	0	11.68	0.398		I3;I8
R e9/s15 l10 eh17 3:2/1:1/1:1 c14-20-26 i10-8-6 mh1.05 md0.0425 mi16 mv0.145 sr4.7 sd0.035 sh0.85 sv0.065	engageRadius=9 spawnRadius=15 leashRadius=10 eliteHp=17 meleeHp=1.05 meleeDamage=0.0425 meleeAttackInterval=16 meleeMoveSpeed=0.145 shooterRange=4.7 shooterDamage=0.035 shooterHp=0.85 shooterMoveSpeed=0.065 phases=14-20-26|10-8-6|3:2/1:1/1:1	8	3	2	2		0.570	0.197	0.238	0.136	0	11.16	0.406		I3;I8
R e10/s14 l10 eh21 3:2/1:1/1:1 c16-22-28 i8-7-5 mh1.05 md0.045 mi16 mv0.14 sr4.6 sd0.04 sh0.85 sv0.065	engageRadius=10 spawnRadius=14 leashRadius=10 eliteHp=21 meleeHp=1.05 meleeDamage=0.045 meleeAttackInterval=16 meleeMoveSpeed=0.14 shooterRange=4.6 shooterDamage=0.04 shooterHp=0.85 shooterMoveSpeed=0.065 phases=16-22-28|8-7-5|3:2/1:1/1:1	4	0	0	0		1.063	0.329	0.425	0.309	0	16.46	0.457		skilled 8/8;I2
R e10/s15 l11.5 eh18 3:2/1:1/1:1 c14-20-26 i9-8-6 mh1 md0.0425 mi16 mv0.135 sr4.6 sd0.035 sh0.8 sv0.06	engageRadius=10 spawnRadius=15 leashRadius=11.5 eliteHp=18 meleeHp=1 meleeDamage=0.0425 meleeAttackInterval=16 meleeMoveSpeed=0.135 shooterRange=4.6 shooterDamage=0.035 shooterHp=0.8 shooterMoveSpeed=0.06 phases=14-20-26|9-8-6|3:2/1:1/1:1	8	3	3	3		0.552	0.222	0.218	0.113	0	11.03	0.387		I3;I8;I10
R e10/s15 l11 eh20 2:1/2:1/1:1 c16-22-28 i8-7-5 mh0.95 md0.0425 mi16 mv0.14 sr4.6 sd0.04 sh0.8 sv0.06	engageRadius=10 spawnRadius=15 leashRadius=11 eliteHp=20 meleeHp=0.95 meleeDamage=0.0425 meleeAttackInterval=16 meleeMoveSpeed=0.14 shooterRange=4.6 shooterDamage=0.04 shooterHp=0.8 shooterMoveSpeed=0.06 phases=16-22-28|8-7-5|2:1/2:1/1:1	8	2	1	1		0.733	0.247	0.282	0.204	0	12.24	0.376		I3;I8
R e11/s15 l11.5 eh17 1:1/1:1/1:1 c18-24-30 i9-8-6 mh1 md0.045 mi17 mv0.145 sr4.7 sd0.035 sh0.75 sv0.065	engageRadius=11 spawnRadius=15 leashRadius=11.5 eliteHp=17 meleeHp=1 meleeDamage=0.045 meleeAttackInterval=17 meleeMoveSpeed=0.145 shooterRange=4.7 shooterDamage=0.035 shooterHp=0.75 shooterMoveSpeed=0.065 phases=18-24-30|9-8-6|1:1/1:1/1:1	8	2	2	2		0.614	0.217	0.245	0.152	0	11.53	0.428		I3;I8
R e10/s15 l11 eh20 2:1/2:1/1:1 c18-24-30 i9-8-6 mh1 md0.045 mi15 mv0.14 sr4.5 sd0.035 sh0.8 sv0.055	engageRadius=10 spawnRadius=15 leashRadius=11 eliteHp=20 meleeHp=1 meleeDamage=0.045 meleeAttackInterval=15 meleeMoveSpeed=0.14 shooterRange=4.5 shooterDamage=0.035 shooterHp=0.8 shooterMoveSpeed=0.055 phases=18-24-30|9-8-6|2:1/2:1/1:1	8	2	1	1		0.652	0.238	0.249	0.165	0	10.73	0.269		I3;I8
R e9/s15 l11 eh19 2:1/2:1/1:1 c16-22-28 i9-8-6 mh1.05 md0.045 mi15 mv0.14 sr4.5 sd0.035 sh0.75 sv0.065	engageRadius=9 spawnRadius=15 leashRadius=11 eliteHp=19 meleeHp=1.05 meleeDamage=0.045 meleeAttackInterval=15 meleeMoveSpeed=0.14 shooterRange=4.5 shooterDamage=0.035 shooterHp=0.75 shooterMoveSpeed=0.065 phases=16-22-28|9-8-6|2:1/2:1/1:1	8	3	1	1		0.674	0.256	0.245	0.173	0	10.84	0.293		I3;I8
R e11/s15 l10 eh19 3:2/1:1/1:2 c18-24-30 i10-8-6 mh1 md0.045 mi17 mv0.14 sr4.5 sd0.04 sh0.8 sv0.06	engageRadius=11 spawnRadius=15 leashRadius=10 eliteHp=19 meleeHp=1 meleeDamage=0.045 meleeAttackInterval=17 meleeMoveSpeed=0.14 shooterRange=4.5 shooterDamage=0.04 shooterHp=0.8 shooterMoveSpeed=0.06 phases=18-24-30|10-8-6|3:2/1:1/1:2	8	4	3	3		0.521	0.174	0.208	0.139	0	10.98	0.470		I2;I3;I8;I10
R e9/s14 l10 eh19 1:1/1:1/1:1 c18-24-30 i9-8-6 mh1 md0.0425 mi16 mv0.135 sr4.6 sd0.035 sh0.8 sv0.065	engageRadius=9 spawnRadius=14 leashRadius=10 eliteHp=19 meleeHp=1 meleeDamage=0.0425 meleeAttackInterval=16 meleeMoveSpeed=0.135 shooterRange=4.6 shooterDamage=0.035 shooterHp=0.8 shooterMoveSpeed=0.065 phases=18-24-30|9-8-6|1:1/1:1/1:1	8	2	2	2		0.541	0.192	0.208	0.141	0	10.97	0.449		I2;I3;I8
R e10/s15 l10.5 eh21 1:1/1:1/1:1 c14-20-26 i8-7-5 mh1 md0.0475 mi16 mv0.14 sr4.7 sd0.045 sh0.75 sv0.065	engageRadius=10 spawnRadius=15 leashRadius=10.5 eliteHp=21 meleeHp=1 meleeDamage=0.0475 meleeAttackInterval=16 meleeMoveSpeed=0.14 shooterRange=4.7 shooterDamage=0.045 shooterHp=0.75 shooterMoveSpeed=0.065 phases=14-20-26|8-7-5|1:1/1:1/1:1	5	0	0	0		0.989	0.315	0.375	0.299	0	15.90	0.467		skilled 8/8;I2
R e9/s13 l11 eh20 2:1/2:1/1:1 c16-22-28 i8-7-5 mh0.95 md0.045 mi17 mv0.135 sr4.8 sd0.035 sh0.8 sv0.055	engageRadius=9 spawnRadius=13 leashRadius=11 eliteHp=20 meleeHp=0.95 meleeDamage=0.045 meleeAttackInterval=17 meleeMoveSpeed=0.135 shooterRange=4.8 shooterDamage=0.035 shooterHp=0.8 shooterMoveSpeed=0.055 phases=16-22-28|8-7-5|2:1/2:1/1:1	8	3	1	1		0.653	0.250	0.254	0.150	0	10.33	0.332		I3;I8
R e10/s14 l10 eh19 1:1/1:1/1:1 c14-20-26 i8-7-5 mh1 md0.0425 mi16 mv0.14 sr4.6 sd0.035 sh0.85 sv0.065	engageRadius=10 spawnRadius=14 leashRadius=10 eliteHp=19 meleeHp=1 meleeDamage=0.0425 meleeAttackInterval=16 meleeMoveSpeed=0.14 shooterRange=4.6 shooterDamage=0.035 shooterHp=0.85 shooterMoveSpeed=0.065 phases=14-20-26|8-7-5|1:1/1:1/1:1	7	0	0	0		0.886	0.294	0.342	0.250	0	16.77	0.472		skilled 8/8;I2
R e10/s16 l11.5 eh21 3:2/1:1/1:2 c18-24-30 i10-8-6 mh1 md0.0475 mi17 mv0.145 sr4.8 sd0.035 sh0.85 sv0.06	engageRadius=10 spawnRadius=16 leashRadius=11.5 eliteHp=21 meleeHp=1 meleeDamage=0.0475 meleeAttackInterval=17 meleeMoveSpeed=0.145 shooterRange=4.8 shooterDamage=0.035 shooterHp=0.85 shooterMoveSpeed=0.06 phases=18-24-30|10-8-6|3:2/1:1/1:2	7	3	1	2		0.658	0.213	0.267	0.179	0	12.48	0.438		skilled 8/8;I3;I8
R e10/s15 l11.5 eh17 2:1/2:1/1:1 c14-20-26 i9-8-6 mh1.05 md0.045 mi15 mv0.14 sr4.5 sd0.045 sh0.85 sv0.065	engageRadius=10 spawnRadius=15 leashRadius=11.5 eliteHp=17 meleeHp=1.05 meleeDamage=0.045 meleeAttackInterval=15 meleeMoveSpeed=0.14 shooterRange=4.5 shooterDamage=0.045 shooterHp=0.85 shooterMoveSpeed=0.065 phases=14-20-26|9-8-6|2:1/2:1/1:1	8	2	0	0		0.797	0.303	0.305	0.189	0	11.22	0.328		I8
R e9/s13 l10.5 eh17 2:1/1:1/1:1 c18-24-30 i10-8-6 mh1.05 md0.045 mi17 mv0.135 sr4.6 sd0.04 sh0.8 sv0.055	engageRadius=9 spawnRadius=13 leashRadius=10.5 eliteHp=17 meleeHp=1.05 meleeDamage=0.045 meleeAttackInterval=17 meleeMoveSpeed=0.135 shooterRange=4.6 shooterDamage=0.04 shooterHp=0.8 shooterMoveSpeed=0.055 phases=18-24-30|10-8-6|2:1/1:1/1:1	8	5	3	4		0.566	0.200	0.234	0.133	0	9.14	0.395		I3;I8;I10
R e11/s17 l10.5 eh21 2:1/1:1/1:1 c14-20-26 i8-7-5 mh0.95 md0.045 mi17 mv0.135 sr4.7 sd0.04 sh0.8 sv0.06	engageRadius=11 spawnRadius=17 leashRadius=10.5 eliteHp=21 meleeHp=0.95 meleeDamage=0.045 meleeAttackInterval=17 meleeMoveSpeed=0.135 shooterRange=4.7 shooterDamage=0.04 shooterHp=0.8 shooterMoveSpeed=0.06 phases=14-20-26|8-7-5|2:1/1:1/1:1	8	1	1	1		0.655	0.214	0.255	0.186	0	16.16	0.435		I3;I8
R e11/s15 l10 eh17 1:1/1:1/1:1 c18-24-30 i8-7-5 mh1 md0.0475 mi16 mv0.145 sr4.8 sd0.04 sh0.75 sv0.06	engageRadius=11 spawnRadius=15 leashRadius=10 eliteHp=17 meleeHp=1 meleeDamage=0.0475 meleeAttackInterval=16 meleeMoveSpeed=0.145 shooterRange=4.8 shooterDamage=0.04 shooterHp=0.75 shooterMoveSpeed=0.06 phases=18-24-30|8-7-5|1:1/1:1/1:1	5	0	0	0		0.916	0.291	0.342	0.283	0	17.11	0.437		skilled 8/8;I2
R e11/s15 l10 eh19 3:2/1:1/1:1 c14-20-26 i9-7-5 mh1.05 md0.045 mi15 mv0.145 sr4.8 sd0.035 sh0.85 sv0.055	engageRadius=11 spawnRadius=15 leashRadius=10 eliteHp=19 meleeHp=1.05 meleeDamage=0.045 meleeAttackInterval=15 meleeMoveSpeed=0.145 shooterRange=4.8 shooterDamage=0.035 shooterHp=0.85 shooterMoveSpeed=0.055 phases=14-20-26|9-7-5|3:2/1:1/1:1	7	1	0	0		0.900	0.248	0.379	0.273	0	15.96	0.379		skilled 8/8;I2;I8
R e11/s16 l10.5 eh17 3:2/1:1/1:2 c14-20-26 i10-8-6 mh1 md0.045 mi17 mv0.145 sr4.5 sd0.045 sh0.75 sv0.06	engageRadius=11 spawnRadius=16 leashRadius=10.5 eliteHp=17 meleeHp=1 meleeDamage=0.045 meleeAttackInterval=17 meleeMoveSpeed=0.145 shooterRange=4.5 shooterDamage=0.045 shooterHp=0.75 shooterMoveSpeed=0.06 phases=14-20-26|10-8-6|3:2/1:1/1:2	8	2	2	2		0.520	0.178	0.240	0.102	0	11.54	0.461		I2;I3;I8
R e10/s14 l11 eh21 3:2/1:1/1:2 c14-20-26 i9-8-6 mh1 md0.045 mi16 mv0.14 sr4.7 sd0.045 sh0.8 sv0.065	engageRadius=10 spawnRadius=14 leashRadius=11 eliteHp=21 meleeHp=1 meleeDamage=0.045 meleeAttackInterval=16 meleeMoveSpeed=0.14 shooterRange=4.7 shooterDamage=0.045 shooterHp=0.8 shooterMoveSpeed=0.065 phases=14-20-26|9-8-6|3:2/1:1/1:2	8	1	0	0		0.691	0.257	0.247	0.187	0	10.75	0.485		I8
R e10/s16 l10.5 eh21 3:2/1:1/1:1 c16-22-28 i8-7-5 mh1.05 md0.0475 mi17 mv0.135 sr4.7 sd0.045 sh0.8 sv0.06	engageRadius=10 spawnRadius=16 leashRadius=10.5 eliteHp=21 meleeHp=1.05 meleeDamage=0.0475 meleeAttackInterval=17 meleeMoveSpeed=0.135 shooterRange=4.7 shooterDamage=0.045 shooterHp=0.8 shooterMoveSpeed=0.06 phases=16-22-28|8-7-5|3:2/1:1/1:1	7	0	0	0		0.916	0.305	0.308	0.303	0	18.16	0.449		skilled 8/8;I2
R e10/s14 l10.5 eh18 2:1/1:1/1:1 c14-20-26 i9-7-5 mh0.95 md0.045 mi15 mv0.135 sr4.6 sd0.035 sh0.85 sv0.055	engageRadius=10 spawnRadius=14 leashRadius=10.5 eliteHp=18 meleeHp=0.95 meleeDamage=0.045 meleeAttackInterval=15 meleeMoveSpeed=0.135 shooterRange=4.6 shooterDamage=0.035 shooterHp=0.85 shooterMoveSpeed=0.055 phases=14-20-26|9-7-5|2:1/1:1/1:1	8	3	1	1		0.657	0.209	0.274	0.174	0	11.97	0.376		I3;I8
R e9/s15 l11 eh21 2:1/2:1/1:1 c16-22-28 i8-7-5 mh1 md0.0475 mi15 mv0.145 sr4.8 sd0.04 sh0.85 sv0.065	engageRadius=9 spawnRadius=15 leashRadius=11 eliteHp=21 meleeHp=1 meleeDamage=0.0475 meleeAttackInterval=15 meleeMoveSpeed=0.145 shooterRange=4.8 shooterDamage=0.04 shooterHp=0.85 shooterMoveSpeed=0.065 phases=16-22-28|8-7-5|2:1/2:1/1:1	4	0	0	0		1.107	0.379	0.479	0.249	0	15.73	0.309		skilled 8/8;I2;I2 windows
R e11/s15 l11 eh20 1:1/1:1/1:1 c16-22-28 i9-7-5 mh0.95 md0.0475 mi15 mv0.145 sr4.5 sd0.04 sh0.75 sv0.065	engageRadius=11 spawnRadius=15 leashRadius=11 eliteHp=20 meleeHp=0.95 meleeDamage=0.0475 meleeAttackInterval=15 meleeMoveSpeed=0.145 shooterRange=4.5 shooterDamage=0.04 shooterHp=0.75 shooterMoveSpeed=0.065 phases=16-22-28|9-7-5|1:1/1:1/1:1	8	3	2	2		0.800	0.222	0.307	0.270	0	12.93	0.437		I3;I8
R e11/s15 l10.5 eh17 3:2/1:1/1:1 c16-22-28 i9-7-5 mh1.05 md0.0425 mi16 mv0.14 sr4.6 sd0.045 sh0.75 sv0.055	engageRadius=11 spawnRadius=15 leashRadius=10.5 eliteHp=17 meleeHp=1.05 meleeDamage=0.0425 meleeAttackInterval=16 meleeMoveSpeed=0.14 shooterRange=4.6 shooterDamage=0.045 shooterHp=0.75 shooterMoveSpeed=0.055 phases=16-22-28|9-7-5|3:2/1:1/1:1	7	2	0	1		0.759	0.225	0.320	0.214	0	13.64	0.451		skilled 8/8;I8
R e10/s15 l10 eh17 2:1/1:1/1:1 c14-20-26 i9-7-5 mh1.05 md0.0475 mi16 mv0.145 sr4.8 sd0.04 sh0.8 sv0.065	engageRadius=10 spawnRadius=15 leashRadius=10 eliteHp=17 meleeHp=1.05 meleeDamage=0.0475 meleeAttackInterval=16 meleeMoveSpeed=0.145 shooterRange=4.8 shooterDamage=0.04 shooterHp=0.8 shooterMoveSpeed=0.065 phases=14-20-26|9-7-5|2:1/1:1/1:1	8	2	0	0		0.810	0.259	0.327	0.224	0	13.86	0.384		I2;I8
R e10/s14 l10.5 eh18 2:1/1:1/1:1 c18-24-30 i9-8-6 mh1.05 md0.0475 mi17 mv0.145 sr4.6 sd0.035 sh0.85 sv0.065	engageRadius=10 spawnRadius=14 leashRadius=10.5 eliteHp=18 meleeHp=1.05 meleeDamage=0.0475 meleeAttackInterval=17 meleeMoveSpeed=0.145 shooterRange=4.6 shooterDamage=0.035 shooterHp=0.85 shooterMoveSpeed=0.065 phases=18-24-30|9-8-6|2:1/1:1/1:1	8	2	1	1		0.691	0.277	0.252	0.162	0	10.64	0.342		I3;I8
R e11/s15 l11.5 eh17 3:2/1:1/1:2 c16-22-28 i10-8-6 mh1.05 md0.045 mi17 mv0.145 sr4.6 sd0.04 sh0.85 sv0.06	engageRadius=11 spawnRadius=15 leashRadius=11.5 eliteHp=17 meleeHp=1.05 meleeDamage=0.045 meleeAttackInterval=17 meleeMoveSpeed=0.145 shooterRange=4.6 shooterDamage=0.04 shooterHp=0.85 shooterMoveSpeed=0.06 phases=16-22-28|10-8-6|3:2/1:1/1:2	8	3	2	2		0.630	0.223	0.261	0.146	0	11.44	0.452		I3;I8
R e11/s16 l11.5 eh18 1:1/1:1/1:1 c16-22-28 i9-8-6 mh1 md0.045 mi17 mv0.135 sr4.5 sd0.035 sh0.85 sv0.065	engageRadius=11 spawnRadius=16 leashRadius=11.5 eliteHp=18 meleeHp=1 meleeDamage=0.045 meleeAttackInterval=17 meleeMoveSpeed=0.135 shooterRange=4.5 shooterDamage=0.035 shooterHp=0.85 shooterMoveSpeed=0.065 phases=16-22-28|9-8-6|1:1/1:1/1:1	8	3	2	2		0.603	0.219	0.241	0.143	0	12.98	0.441		I3;I8
R e9/s13 l11.5 eh17 3:2/1:1/1:2 c16-22-28 i9-8-6 mh1 md0.0425 mi16 mv0.145 sr4.7 sd0.04 sh0.8 sv0.06	engageRadius=9 spawnRadius=13 leashRadius=11.5 eliteHp=17 meleeHp=1 meleeDamage=0.0425 meleeAttackInterval=16 meleeMoveSpeed=0.145 shooterRange=4.7 shooterDamage=0.04 shooterHp=0.8 shooterMoveSpeed=0.06 phases=16-22-28|9-8-6|3:2/1:1/1:2	8	2	1	1		0.644	0.270	0.238	0.136	0	8.83	0.407		I3;I8
R e9/s14 l11 eh17 3:2/1:1/1:1 c16-22-28 i8-7-5 mh0.95 md0.0475 mi16 mv0.135 sr4.5 sd0.045 sh0.85 sv0.055	engageRadius=9 spawnRadius=14 leashRadius=11 eliteHp=17 meleeHp=0.95 meleeDamage=0.0475 meleeAttackInterval=16 meleeMoveSpeed=0.135 shooterRange=4.5 shooterDamage=0.045 shooterHp=0.85 shooterMoveSpeed=0.055 phases=16-22-28|8-7-5|3:2/1:1/1:1	8	0	0	0		0.749	0.289	0.301	0.159	0	13.51	0.449		
R e9/s13 l10 eh21 1:1/1:1/1:1 c18-24-30 i10-8-6 mh0.95 md0.045 mi17 mv0.14 sr4.7 sd0.035 sh0.8 sv0.06	engageRadius=9 spawnRadius=13 leashRadius=10 eliteHp=21 meleeHp=0.95 meleeDamage=0.045 meleeAttackInterval=17 meleeMoveSpeed=0.14 shooterRange=4.7 shooterDamage=0.035 shooterHp=0.8 shooterMoveSpeed=0.06 phases=18-24-30|10-8-6|1:1/1:1/1:1	8	7	4	7		0.474	0.148	0.194	0.132	0	8.55	0.437		I2;I3;I8;I10
R e10/s15 l11.5 eh19 3:2/1:1/1:1 c16-22-28 i9-8-6 mh1 md0.0475 mi16 mv0.14 sr4.8 sd0.045 sh0.75 sv0.055	engageRadius=10 spawnRadius=15 leashRadius=11.5 eliteHp=19 meleeHp=1 meleeDamage=0.0475 meleeAttackInterval=16 meleeMoveSpeed=0.14 shooterRange=4.8 shooterDamage=0.045 shooterHp=0.75 shooterMoveSpeed=0.055 phases=16-22-28|9-8-6|3:2/1:1/1:1	8	2	0	0		0.679	0.262	0.237	0.180	0	10.97	0.402		I8
R e9/s14 l11.5 eh19 2:1/1:1/1:1 c18-24-30 i9-7-5 mh1.05 md0.045 mi17 mv0.145 sr4.6 sd0.035 sh0.75 sv0.055	engageRadius=9 spawnRadius=14 leashRadius=11.5 eliteHp=19 meleeHp=1.05 meleeDamage=0.045 meleeAttackInterval=17 meleeMoveSpeed=0.145 shooterRange=4.6 shooterDamage=0.035 shooterHp=0.75 shooterMoveSpeed=0.055 phases=18-24-30|9-7-5|2:1/1:1/1:1	7	2	0	1		0.826	0.272	0.299	0.256	0	12.90	0.353		skilled 8/8;I2;I8
R e11/s16 l10 eh17 3:2/1:1/1:1 c16-22-28 i10-8-6 mh0.95 md0.0475 mi15 mv0.14 sr4.8 sd0.04 sh0.85 sv0.055	engageRadius=11 spawnRadius=16 leashRadius=10 eliteHp=17 meleeHp=0.95 meleeDamage=0.0475 meleeAttackInterval=15 meleeMoveSpeed=0.14 shooterRange=4.8 shooterDamage=0.04 shooterHp=0.85 shooterMoveSpeed=0.055 phases=16-22-28|10-8-6|3:2/1:1/1:1	8	4	2	3		0.527	0.173	0.226	0.128	0	13.17	0.458		I2;I3;I8;I10
R e11/s15 l10.5 eh19 2:1/1:1/1:1 c14-20-26 i9-7-5 mh1.05 md0.0425 mi17 mv0.145 sr4.5 sd0.04 sh0.8 sv0.055	engageRadius=11 spawnRadius=15 leashRadius=10.5 eliteHp=19 meleeHp=1.05 meleeDamage=0.0425 meleeAttackInterval=17 meleeMoveSpeed=0.145 shooterRange=4.5 shooterDamage=0.04 shooterHp=0.8 shooterMoveSpeed=0.055 phases=14-20-26|9-7-5|2:1/1:1/1:1	8	1	2	2		0.725	0.225	0.284	0.216	0	14.62	0.423		I3;I8
R e10/s16 l10.5 eh17 3:2/1:1/1:2 c18-24-30 i10-8-6 mh0.95 md0.0475 mi16 mv0.14 sr4.6 sd0.035 sh0.8 sv0.055	engageRadius=10 spawnRadius=16 leashRadius=10.5 eliteHp=17 meleeHp=0.95 meleeDamage=0.0475 meleeAttackInterval=16 meleeMoveSpeed=0.14 shooterRange=4.6 shooterDamage=0.035 shooterHp=0.8 shooterMoveSpeed=0.055 phases=18-24-30|10-8-6|3:2/1:1/1:2	8	7	6	7		0.439	0.158	0.186	0.095	0	11.53	0.423		I2;I2 windows;I3;I8;I10
R e11/s16 l10.5 eh18 3:2/1:1/1:2 c18-24-30 i9-7-5 mh0.95 md0.045 mi17 mv0.135 sr4.8 sd0.045 sh0.8 sv0.06	engageRadius=11 spawnRadius=16 leashRadius=10.5 eliteHp=18 meleeHp=0.95 meleeDamage=0.045 meleeAttackInterval=17 meleeMoveSpeed=0.135 shooterRange=4.8 shooterDamage=0.045 shooterHp=0.8 shooterMoveSpeed=0.06 phases=18-24-30|9-7-5|3:2/1:1/1:2	8	2	1	1		0.655	0.195	0.265	0.195	0	14.28	0.542		I3;I8
R e10/s15 l11 eh18 2:1/1:1/1:1 c16-22-28 i9-7-5 mh1.05 md0.0425 mi15 mv0.145 sr4.8 sd0.045 sh0.85 sv0.055	engageRadius=10 spawnRadius=15 leashRadius=11 eliteHp=18 meleeHp=1.05 meleeDamage=0.0425 meleeAttackInterval=15 meleeMoveSpeed=0.145 shooterRange=4.8 shooterDamage=0.045 shooterHp=0.85 shooterMoveSpeed=0.055 phases=16-22-28|9-7-5|2:1/1:1/1:1	7	0	0	0		0.894	0.268	0.380	0.246	0	15.27	0.418		skilled 8/8;I2
R e9/s15 l11.5 eh20 1:1/1:1/1:1 c18-24-30 i10-8-6 mh1.05 md0.0425 mi15 mv0.145 sr4.8 sd0.035 sh0.75 sv0.06	engageRadius=9 spawnRadius=15 leashRadius=11.5 eliteHp=20 meleeHp=1.05 meleeDamage=0.0425 meleeAttackInterval=15 meleeMoveSpeed=0.145 shooterRange=4.8 shooterDamage=0.035 shooterHp=0.75 shooterMoveSpeed=0.06 phases=18-24-30|10-8-6|1:1/1:1/1:1	8	5	2	2		0.601	0.189	0.245	0.166	0	10.96	0.414		I3;I8
R e11/s17 l10.5 eh19 2:1/1:1/1:1 c14-20-26 i10-8-6 mh1.05 md0.0425 mi16 mv0.14 sr4.5 sd0.04 sh0.8 sv0.06	engageRadius=11 spawnRadius=17 leashRadius=10.5 eliteHp=19 meleeHp=1.05 meleeDamage=0.0425 meleeAttackInterval=16 meleeMoveSpeed=0.14 shooterRange=4.5 shooterDamage=0.04 shooterHp=0.8 shooterMoveSpeed=0.06 phases=14-20-26|10-8-6|2:1/1:1/1:1	8	6	2	3		0.575	0.181	0.226	0.168	0	13.71	0.387		I3;I8;I10
R e11/s15 l10 eh21 3:2/1:1/1:2 c18-24-30 i9-8-6 mh1.05 md0.0475 mi15 mv0.145 sr4.8 sd0.035 sh0.75 sv0.065	engageRadius=11 spawnRadius=15 leashRadius=10 eliteHp=21 meleeHp=1.05 meleeDamage=0.0475 meleeAttackInterval=15 meleeMoveSpeed=0.145 shooterRange=4.8 shooterDamage=0.035 shooterHp=0.75 shooterMoveSpeed=0.065 phases=18-24-30|9-8-6|3:2/1:1/1:2	8	2	2	2		0.688	0.241	0.253	0.194	0	11.65	0.396		I3;I8
R e10/s14 l11 eh18 2:1/2:1/1:1 c18-24-30 i8-7-5 mh1 md0.0475 mi17 mv0.14 sr4.5 sd0.045 sh0.8 sv0.065	engageRadius=10 spawnRadius=14 leashRadius=11 eliteHp=18 meleeHp=1 meleeDamage=0.0475 meleeAttackInterval=17 meleeMoveSpeed=0.14 shooterRange=4.5 shooterDamage=0.045 shooterHp=0.8 shooterMoveSpeed=0.065 phases=18-24-30|8-7-5|2:1/2:1/1:1	6	0	0	0		0.961	0.337	0.382	0.241	0	12.66	0.343		skilled 8/8;I2
R e10/s16 l11.5 eh18 3:2/1:1/1:1 c14-20-26 i8-7-5 mh1 md0.0425 mi16 mv0.135 sr4.6 sd0.04 sh0.75 sv0.065	engageRadius=10 spawnRadius=16 leashRadius=11.5 eliteHp=18 meleeHp=1 meleeDamage=0.0425 meleeAttackInterval=16 meleeMoveSpeed=0.135 shooterRange=4.6 shooterDamage=0.04 shooterHp=0.75 shooterMoveSpeed=0.065 phases=14-20-26|8-7-5|3:2/1:1/1:1	8	0	0	0		0.804	0.284	0.327	0.193	0	15.65	0.441		I2
R e10/s14 l10 eh21 1:1/1:1/1:1 c16-22-28 i9-7-5 mh1.05 md0.0475 mi16 mv0.145 sr4.8 sd0.035 sh0.75 sv0.065	engageRadius=10 spawnRadius=14 leashRadius=10 eliteHp=21 meleeHp=1.05 meleeDamage=0.0475 meleeAttackInterval=16 meleeMoveSpeed=0.145 shooterRange=4.8 shooterDamage=0.035 shooterHp=0.75 shooterMoveSpeed=0.065 phases=16-22-28|9-7-5|1:1/1:1/1:1	7	2	1	1		0.806	0.216	0.315	0.275	0	13.60	0.410		skilled 8/8;I2;I3;I8
R e11/s16 l11 eh18 1:1/1:1/1:1 c16-22-28 i9-8-6 mh1.05 md0.0425 mi17 mv0.14 sr4.7 sd0.035 sh0.8 sv0.06	engageRadius=11 spawnRadius=16 leashRadius=11 eliteHp=18 meleeHp=1.05 meleeDamage=0.0425 meleeAttackInterval=17 meleeMoveSpeed=0.14 shooterRange=4.7 shooterDamage=0.035 shooterHp=0.8 shooterMoveSpeed=0.06 phases=16-22-28|9-8-6|1:1/1:1/1:1	8	4	2	2		0.571	0.197	0.238	0.135	0	13.19	0.428		I3;I8
R e9/s14 l11 eh20 3:2/1:1/1:1 c16-22-28 i8-7-5 mh1 md0.045 mi16 mv0.14 sr4.5 sd0.045 sh0.8 sv0.055	engageRadius=9 spawnRadius=14 leashRadius=11 eliteHp=20 meleeHp=1 meleeDamage=0.045 meleeAttackInterval=16 meleeMoveSpeed=0.14 shooterRange=4.5 shooterDamage=0.045 shooterHp=0.8 shooterMoveSpeed=0.055 phases=16-22-28|8-7-5|3:2/1:1/1:1	6	0	0	0		0.974	0.305	0.337	0.333	0	14.74	0.422		skilled 8/8;I2
R e10/s14 l10 eh17 3:2/1:1/1:2 c16-22-28 i9-8-6 mh0.95 md0.0475 mi16 mv0.135 sr4.7 sd0.045 sh0.75 sv0.055	engageRadius=10 spawnRadius=14 leashRadius=10 eliteHp=17 meleeHp=0.95 meleeDamage=0.0475 meleeAttackInterval=16 meleeMoveSpeed=0.135 shooterRange=4.7 shooterDamage=0.045 shooterHp=0.75 shooterMoveSpeed=0.055 phases=16-22-28|9-8-6|3:2/1:1/1:2	8	5	3	3		0.508	0.190	0.209	0.110	0	9.87	0.490		I2;I3;I8;I10
R e11/s15 l10.5 eh21 2:1/2:1/1:1 c14-20-26 i9-7-5 mh0.95 md0.0475 mi17 mv0.145 sr4.8 sd0.035 sh0.85 sv0.06	engageRadius=11 spawnRadius=15 leashRadius=10.5 eliteHp=21 meleeHp=0.95 meleeDamage=0.0475 meleeAttackInterval=17 meleeMoveSpeed=0.145 shooterRange=4.8 shooterDamage=0.035 shooterHp=0.85 shooterMoveSpeed=0.06 phases=14-20-26|9-7-5|2:1/2:1/1:1	8	3	1	1		0.737	0.218	0.286	0.232	0	12.26	0.332		I3;I8
R e10/s14 l11.5 eh20 2:1/2:1/1:1 c16-22-28 i9-8-6 mh1 md0.0425 mi17 mv0.135 sr4.6 sd0.04 sh0.8 sv0.055	engageRadius=10 spawnRadius=14 leashRadius=11.5 eliteHp=20 meleeHp=1 meleeDamage=0.0425 meleeAttackInterval=17 meleeMoveSpeed=0.135 shooterRange=4.6 shooterDamage=0.04 shooterHp=0.8 shooterMoveSpeed=0.055 phases=16-22-28|9-8-6|2:1/2:1/1:1	8	3	0	1		0.613	0.240	0.249	0.124	0	9.88	0.315		I8
R e9/s13 l11.5 eh19 3:2/1:1/1:1 c18-24-30 i9-8-6 mh1 md0.0475 mi15 mv0.135 sr4.8 sd0.04 sh0.85 sv0.06	engageRadius=9 spawnRadius=13 leashRadius=11.5 eliteHp=19 meleeHp=1 meleeDamage=0.0475 meleeAttackInterval=15 meleeMoveSpeed=0.135 shooterRange=4.8 shooterDamage=0.04 shooterHp=0.85 shooterMoveSpeed=0.06 phases=18-24-30|9-8-6|3:2/1:1/1:1	8	0	0	0		0.750	0.275	0.260	0.215	0	10.21	0.365		
R e10/s14 l11 eh19 3:2/1:1/1:1 c18-24-30 i10-8-6 mh0.95 md0.0475 mi16 mv0.145 sr4.8 sd0.045 sh0.75 sv0.065	engageRadius=10 spawnRadius=14 leashRadius=11 eliteHp=19 meleeHp=0.95 meleeDamage=0.0475 meleeAttackInterval=16 meleeMoveSpeed=0.145 shooterRange=4.8 shooterDamage=0.045 shooterHp=0.75 shooterMoveSpeed=0.065 phases=18-24-30|10-8-6|3:2/1:1/1:1	8	3	2	2		0.611	0.204	0.255	0.152	0	8.89	0.459		I3;I8
R e11/s15 l11 eh18 2:1/1:1/1:1 c14-20-26 i9-7-5 mh1.05 md0.045 mi17 mv0.14 sr4.7 sd0.045 sh0.8 sv0.06	engageRadius=11 spawnRadius=15 leashRadius=11 eliteHp=18 meleeHp=1.05 meleeDamage=0.045 meleeAttackInterval=17 meleeMoveSpeed=0.14 shooterRange=4.7 shooterDamage=0.045 shooterHp=0.8 shooterMoveSpeed=0.06 phases=14-20-26|9-7-5|2:1/1:1/1:1	8	2	0	0		0.783	0.253	0.331	0.198	0	13.30	0.428		I8
R e9/s13 l11 eh17 3:2/1:1/1:2 c14-20-26 i9-8-6 mh1.05 md0.0475 mi17 mv0.145 sr4.7 sd0.04 sh0.8 sv0.06	engageRadius=9 spawnRadius=13 leashRadius=11 eliteHp=17 meleeHp=1.05 meleeDamage=0.0475 meleeAttackInterval=17 meleeMoveSpeed=0.145 shooterRange=4.7 shooterDamage=0.04 shooterHp=0.8 shooterMoveSpeed=0.06 phases=14-20-26|9-8-6|3:2/1:1/1:2	8	2	1	1		0.708	0.292	0.249	0.167	0	9.34	0.391		I3;I8
R e9/s14 l11 eh21 2:1/1:1/1:1 c18-24-30 i8-7-5 mh1.05 md0.045 mi16 mv0.145 sr4.6 sd0.035 sh0.75 sv0.06	engageRadius=9 spawnRadius=14 leashRadius=11 eliteHp=21 meleeHp=1.05 meleeDamage=0.045 meleeAttackInterval=16 meleeMoveSpeed=0.145 shooterRange=4.6 shooterDamage=0.035 shooterHp=0.75 shooterMoveSpeed=0.06 phases=18-24-30|8-7-5|2:1/1:1/1:1	6	2	0	0		0.906	0.332	0.351	0.223	0	14.48	0.332		skilled 8/8;I2;I8
R e9/s14 l10.5 eh17 3:2/1:1/1:1 c14-20-26 i9-7-5 mh1.05 md0.0475 mi15 mv0.135 sr4.7 sd0.035 sh0.8 sv0.065	engageRadius=9 spawnRadius=14 leashRadius=10.5 eliteHp=17 meleeHp=1.05 meleeDamage=0.0475 meleeAttackInterval=15 meleeMoveSpeed=0.135 shooterRange=4.7 shooterDamage=0.035 shooterHp=0.8 shooterMoveSpeed=0.065 phases=14-20-26|9-7-5|3:2/1:1/1:1	7	2	0	0		0.765	0.230	0.311	0.224	0	12.81	0.392		skilled 8/8;I8
R e10/s16 l10 eh19 2:1/2:1/1:1 c18-24-30 i9-8-6 mh0.95 md0.0425 mi17 mv0.14 sr4.8 sd0.035 sh0.8 sv0.06	engageRadius=10 spawnRadius=16 leashRadius=10 eliteHp=19 meleeHp=0.95 meleeDamage=0.0425 meleeAttackInterval=17 meleeMoveSpeed=0.14 shooterRange=4.8 shooterDamage=0.035 shooterHp=0.8 shooterMoveSpeed=0.06 phases=18-24-30|9-8-6|2:1/2:1/1:1	8	6	6	7		0.475	0.158	0.184	0.133	0	11.65	0.350		I2;I3;I8;I10
R e10/s15 l10.5 eh21 3:2/1:1/1:1 c16-22-28 i10-8-6 mh1.05 md0.0475 mi15 mv0.14 sr4.6 sd0.035 sh0.75 sv0.055	engageRadius=10 spawnRadius=15 leashRadius=10.5 eliteHp=21 meleeHp=1.05 meleeDamage=0.0475 meleeAttackInterval=15 meleeMoveSpeed=0.14 shooterRange=4.6 shooterDamage=0.035 shooterHp=0.75 shooterMoveSpeed=0.055 phases=16-22-28|10-8-6|3:2/1:1/1:1	7	3	3	3		0.637	0.192	0.223	0.223	0	11.50	0.349		skilled 8/8;I3;I8;I10
R e9/s14 l10 eh17 3:2/1:1/1:2 c18-24-30 i9-8-6 mh1 md0.0475 mi17 mv0.135 sr4.6 sd0.04 sh0.85 sv0.055	engageRadius=9 spawnRadius=14 leashRadius=10 eliteHp=17 meleeHp=1 meleeDamage=0.0475 meleeAttackInterval=17 meleeMoveSpeed=0.135 shooterRange=4.6 shooterDamage=0.04 shooterHp=0.85 shooterMoveSpeed=0.055 phases=18-24-30|9-8-6|3:2/1:1/1:2	8	1	1	1		0.578	0.231	0.225	0.122	0	11.81	0.465		I3;I8
R e9/s14 l11.5 eh19 2:1/1:1/1:1 c16-22-28 i10-8-6 mh0.95 md0.0425 mi16 mv0.145 sr4.8 sd0.04 sh0.85 sv0.065	engageRadius=9 spawnRadius=14 leashRadius=11.5 eliteHp=19 meleeHp=0.95 meleeDamage=0.0425 meleeAttackInterval=16 meleeMoveSpeed=0.145 shooterRange=4.8 shooterDamage=0.04 shooterHp=0.85 shooterMoveSpeed=0.065 phases=16-22-28|10-8-6|2:1/1:1/1:1	8	6	3	3		0.593	0.198	0.240	0.155	0	9.28	0.438		I3;I8;I10
R e9/s13 l10.5 eh17 3:2/1:1/1:1 c14-20-26 i9-8-6 mh1 md0.045 mi16 mv0.14 sr4.5 sd0.04 sh0.85 sv0.065	engageRadius=9 spawnRadius=13 leashRadius=10.5 eliteHp=17 meleeHp=1 meleeDamage=0.045 meleeAttackInterval=16 meleeMoveSpeed=0.14 shooterRange=4.5 shooterDamage=0.04 shooterHp=0.85 shooterMoveSpeed=0.065 phases=14-20-26|9-8-6|3:2/1:1/1:1	8	2	0	1		0.670	0.273	0.265	0.132	0	9.69	0.408		I8
R e10/s15 l10 eh20 1:1/1:1/1:1 c18-24-30 i8-7-5 mh0.95 md0.0425 mi17 mv0.145 sr4.6 sd0.045 sh0.85 sv0.055	engageRadius=10 spawnRadius=15 leashRadius=10 eliteHp=20 meleeHp=0.95 meleeDamage=0.0425 meleeAttackInterval=17 meleeMoveSpeed=0.145 shooterRange=4.6 shooterDamage=0.045 shooterHp=0.85 shooterMoveSpeed=0.055 phases=18-24-30|8-7-5|1:1/1:1/1:1	7	0	0	0		0.852	0.268	0.325	0.258	0	17.18	0.502		skilled 8/8;I2
R e9/s13 l11 eh20 1:1/1:1/1:1 c14-20-26 i8-7-5 mh1.05 md0.045 mi15 mv0.135 sr4.6 sd0.045 sh0.85 sv0.06	engageRadius=9 spawnRadius=13 leashRadius=11 eliteHp=20 meleeHp=1.05 meleeDamage=0.045 meleeAttackInterval=15 meleeMoveSpeed=0.135 shooterRange=4.6 shooterDamage=0.045 shooterHp=0.85 shooterMoveSpeed=0.06 phases=14-20-26|8-7-5|1:1/1:1/1:1	4	0	0	0		1.104	0.322	0.441	0.342	0	16.34	0.458		skilled 8/8;I2
R e10/s14 l10 eh21 3:2/1:1/1:1 c14-20-26 i9-7-5 mh1.05 md0.0425 mi16 mv0.135 sr4.8 sd0.04 sh0.75 sv0.065	engageRadius=10 spawnRadius=14 leashRadius=10 eliteHp=21 meleeHp=1.05 meleeDamage=0.0425 meleeAttackInterval=16 meleeMoveSpeed=0.135 shooterRange=4.8 shooterDamage=0.04 shooterHp=0.75 shooterMoveSpeed=0.065 phases=14-20-26|9-7-5|3:2/1:1/1:1	8	1	1	1		0.808	0.215	0.289	0.305	0	13.92	0.486		I2;I3;I8
R e10/s15 l11 eh20 2:1/2:1/1:1 c14-20-26 i9-7-5 mh0.95 md0.045 mi15 mv0.145 sr4.7 sd0.035 sh0.85 sv0.055	engageRadius=10 spawnRadius=15 leashRadius=11 eliteHp=20 meleeHp=0.95 meleeDamage=0.045 meleeAttackInterval=15 meleeMoveSpeed=0.145 shooterRange=4.7 shooterDamage=0.035 shooterHp=0.85 shooterMoveSpeed=0.055 phases=14-20-26|9-7-5|2:1/2:1/1:1	7	2	0	0		0.767	0.236	0.300	0.232	0	12.64	0.314		skilled 8/8;I8
R e9/s14 l10 eh21 2:1/1:1/1:1 c16-22-28 i8-7-5 mh0.95 md0.045 mi16 mv0.14 sr4.6 sd0.04 sh0.8 sv0.06	engageRadius=9 spawnRadius=14 leashRadius=10 eliteHp=21 meleeHp=0.95 meleeDamage=0.045 meleeAttackInterval=16 meleeMoveSpeed=0.14 shooterRange=4.6 shooterDamage=0.04 shooterHp=0.8 shooterMoveSpeed=0.06 phases=16-22-28|8-7-5|2:1/1:1/1:1	8	1	1	1		0.741	0.236	0.254	0.251	0	12.71	0.403		I3;I8
R e11/s16 l10 eh21 3:2/1:1/1:1 c18-24-30 i10-8-6 mh1.05 md0.0475 mi16 mv0.135 sr4.6 sd0.04 sh0.8 sv0.055	engageRadius=11 spawnRadius=16 leashRadius=10 eliteHp=21 meleeHp=1.05 meleeDamage=0.0475 meleeAttackInterval=16 meleeMoveSpeed=0.135 shooterRange=4.6 shooterDamage=0.04 shooterHp=0.8 shooterMoveSpeed=0.055 phases=18-24-30|10-8-6|3:2/1:1/1:1	8	3	3	3		0.566	0.185	0.222	0.159	0	13.43	0.426		I3;I8;I10
R e9/s13 l10.5 eh19 2:1/1:1/1:1 c18-24-30 i9-8-6 mh0.95 md0.045 mi17 mv0.135 sr4.8 sd0.045 sh0.75 sv0.06	engageRadius=9 spawnRadius=13 leashRadius=10.5 eliteHp=19 meleeHp=0.95 meleeDamage=0.045 meleeAttackInterval=17 meleeMoveSpeed=0.135 shooterRange=4.8 shooterDamage=0.045 shooterHp=0.75 shooterMoveSpeed=0.06 phases=18-24-30|9-8-6|2:1/1:1/1:1	8	4	2	2		0.551	0.214	0.190	0.147	0	8.31	0.461		I3;I8
R e11/s17 l10.5 eh21 2:1/1:1/1:1 c16-22-28 i9-7-5 mh1.05 md0.045 mi17 mv0.135 sr4.7 sd0.045 sh0.85 sv0.06	engageRadius=11 spawnRadius=17 leashRadius=10.5 eliteHp=21 meleeHp=1.05 meleeDamage=0.045 meleeAttackInterval=17 meleeMoveSpeed=0.135 shooterRange=4.7 shooterDamage=0.045 shooterHp=0.85 shooterMoveSpeed=0.06 phases=16-22-28|9-7-5|2:1/1:1/1:1	7	0	0	0		0.882	0.230	0.349	0.303	0	18.03	0.482		skilled 8/8;I2
R e9/s13 l10 eh18 3:2/1:1/1:2 c14-20-26 i9-8-6 mh1.05 md0.0475 mi15 mv0.14 sr4.6 sd0.045 sh0.8 sv0.055	engageRadius=9 spawnRadius=13 leashRadius=10 eliteHp=18 meleeHp=1.05 meleeDamage=0.0475 meleeAttackInterval=15 meleeMoveSpeed=0.14 shooterRange=4.6 shooterDamage=0.045 shooterHp=0.8 shooterMoveSpeed=0.055 phases=14-20-26|9-8-6|3:2/1:1/1:2	8	2	0	0		0.667	0.253	0.244	0.170	0	9.52	0.442		I8
R e11/s17 l10.5 eh20 3:2/1:1/1:2 c18-24-30 i9-8-6 mh0.95 md0.045 mi16 mv0.135 sr4.8 sd0.04 sh0.85 sv0.055	engageRadius=11 spawnRadius=17 leashRadius=10.5 eliteHp=20 meleeHp=0.95 meleeDamage=0.045 meleeAttackInterval=16 meleeMoveSpeed=0.135 shooterRange=4.8 shooterDamage=0.04 shooterHp=0.85 shooterMoveSpeed=0.055 phases=18-24-30|9-8-6|3:2/1:1/1:2	8	4	2	2		0.538	0.201	0.190	0.147	0	14.72	0.463		I2;I3;I8
R e9/s13 l11 eh17 2:1/1:1/1:1 c14-20-26 i9-8-6 mh1.05 md0.045 mi16 mv0.145 sr4.8 sd0.045 sh0.8 sv0.055	engageRadius=9 spawnRadius=13 leashRadius=11 eliteHp=17 meleeHp=1.05 meleeDamage=0.045 meleeAttackInterval=16 meleeMoveSpeed=0.145 shooterRange=4.8 shooterDamage=0.045 shooterHp=0.8 shooterMoveSpeed=0.055 phases=14-20-26|9-8-6|2:1/1:1/1:1	8	1	1	1		0.710	0.290	0.283	0.137	0	9.18	0.368		I3;I8
R e9/s13 l11 eh21 3:2/1:1/1:1 c16-22-28 i10-8-6 mh1 md0.0475 mi15 mv0.145 sr4.5 sd0.04 sh0.85 sv0.06	engageRadius=9 spawnRadius=13 leashRadius=11 eliteHp=21 meleeHp=1 meleeDamage=0.0475 meleeAttackInterval=15 meleeMoveSpeed=0.145 shooterRange=4.5 shooterDamage=0.04 shooterHp=0.85 shooterMoveSpeed=0.06 phases=16-22-28|10-8-6|3:2/1:1/1:1	8	1	0	0		0.754	0.265	0.278	0.212	0	9.53	0.346		I8
R e11/s17 l11.5 eh18 1:1/1:1/1:1 c14-20-26 i8-7-5 mh1 md0.0475 mi17 mv0.14 sr4.7 sd0.045 sh0.85 sv0.055	engageRadius=11 spawnRadius=17 leashRadius=11.5 eliteHp=18 meleeHp=1 meleeDamage=0.0475 meleeAttackInterval=17 meleeMoveSpeed=0.14 shooterRange=4.7 shooterDamage=0.045 shooterHp=0.85 shooterMoveSpeed=0.055 phases=14-20-26|8-7-5|1:1/1:1/1:1	6	0	0	0		1.011	0.310	0.401	0.300	0	22.12	0.484		skilled 8/8;I2
R e10/s14 l11.5 eh19 3:2/1:1/1:1 c16-22-28 i9-7-5 mh1 md0.0425 mi15 mv0.145 sr4.6 sd0.035 sh0.75 sv0.065	engageRadius=10 spawnRadius=14 leashRadius=11.5 eliteHp=19 meleeHp=1 meleeDamage=0.0425 meleeAttackInterval=15 meleeMoveSpeed=0.145 shooterRange=4.6 shooterDamage=0.035 shooterHp=0.75 shooterMoveSpeed=0.065 phases=16-22-28|9-7-5|3:2/1:1/1:1	8	2	0	0		0.744	0.250	0.274	0.219	0	11.95	0.359		I8
R e11/s16 l10.5 eh19 3:2/1:1/1:2 c18-24-30 i10-8-6 mh1.05 md0.0475 mi16 mv0.14 sr4.7 sd0.045 sh0.8 sv0.065	engageRadius=11 spawnRadius=16 leashRadius=10.5 eliteHp=19 meleeHp=1.05 meleeDamage=0.0475 meleeAttackInterval=16 meleeMoveSpeed=0.14 shooterRange=4.7 shooterDamage=0.045 shooterHp=0.8 shooterMoveSpeed=0.065 phases=18-24-30|10-8-6|3:2/1:1/1:2	8	2	0	0		0.649	0.202	0.280	0.166	0	12.21	0.488		I8
R e9/s15 l10 eh17 2:1/2:1/1:1 c18-24-30 i8-7-5 mh1.05 md0.045 mi15 mv0.145 sr4.5 sd0.04 sh0.75 sv0.06	engageRadius=9 spawnRadius=15 leashRadius=10 eliteHp=17 meleeHp=1.05 meleeDamage=0.045 meleeAttackInterval=15 meleeMoveSpeed=0.145 shooterRange=4.5 shooterDamage=0.04 shooterHp=0.75 shooterMoveSpeed=0.06 phases=18-24-30|8-7-5|2:1/2:1/1:1	8	1	1	1		0.849	0.315	0.335	0.199	0	14.16	0.297		I2;I3;I8
R e9/s15 l11.5 eh17 3:2/1:1/1:2 c16-22-28 i8-7-5 mh1 md0.0425 mi15 mv0.145 sr4.7 sd0.035 sh0.85 sv0.06	engageRadius=9 spawnRadius=15 leashRadius=11.5 eliteHp=17 meleeHp=1 meleeDamage=0.0425 meleeAttackInterval=15 meleeMoveSpeed=0.145 shooterRange=4.7 shooterDamage=0.035 shooterHp=0.85 shooterMoveSpeed=0.06 phases=16-22-28|8-7-5|3:2/1:1/1:2	6	0	0	0		0.931	0.320	0.399	0.212	0	16.92	0.402		skilled 8/8;I2
R e11/s15 l11.5 eh20 3:2/1:1/1:2 c18-24-30 i9-7-5 mh1 md0.0475 mi17 mv0.145 sr4.6 sd0.04 sh0.8 sv0.065	engageRadius=11 spawnRadius=15 leashRadius=11.5 eliteHp=20 meleeHp=1 meleeDamage=0.0475 meleeAttackInterval=17 meleeMoveSpeed=0.145 shooterRange=4.6 shooterDamage=0.04 shooterHp=0.8 shooterMoveSpeed=0.065 phases=18-24-30|9-7-5|3:2/1:1/1:2	7	0	0	0		0.860	0.261	0.341	0.258	0	13.47	0.437		skilled 8/8;I2
R e10/s16 l11 eh20 3:2/1:1/1:2 c14-20-26 i9-7-5 mh0.95 md0.0425 mi15 mv0.14 sr4.7 sd0.04 sh0.85 sv0.055	engageRadius=10 spawnRadius=16 leashRadius=11 eliteHp=20 meleeHp=0.95 meleeDamage=0.0425 meleeAttackInterval=15 meleeMoveSpeed=0.14 shooterRange=4.7 shooterDamage=0.04 shooterHp=0.85 shooterMoveSpeed=0.055 phases=14-20-26|9-7-5|3:2/1:1/1:2	8	2	1	1		0.706	0.210	0.282	0.214	0	15.04	0.468		I3;I8
R e11/s17 l11 eh18 3:2/1:1/1:1 c14-20-26 i10-8-6 mh1.05 md0.0425 mi17 mv0.135 sr4.5 sd0.04 sh0.8 sv0.065	engageRadius=11 spawnRadius=17 leashRadius=11 eliteHp=18 meleeHp=1.05 meleeDamage=0.0425 meleeAttackInterval=17 meleeMoveSpeed=0.135 shooterRange=4.5 shooterDamage=0.04 shooterHp=0.8 shooterMoveSpeed=0.065 phases=14-20-26|10-8-6|3:2/1:1/1:1	8	7	3	4		0.575	0.182	0.238	0.154	0	12.88	0.443		I3;I8;I10
R e12/s15 6:1/3:1/2:1 c17-23-29 i9-7-5 R12 R9.5 H20 MS0.136 AI16 MS0.065 AI26 ST1500 TT48 BR2.4 D0.4 AR3.5 EC50 S10 DPT3 R15 CT50	engageRadius=12 leashRadius=9.5 eliteHp=20 meleeMoveSpeed=0.136 meleeAttackInterval=16 shooterMoveSpeed=0.065 shooterAttackInterval=26 eliteSpawnTick=1500 eliteTelegraphTicks=48 eliteBlastRadius=2.4 eliteDamage=0.4 eliteApproachRange=3.5 absoluteEnemyCap=50 backlogSize=10 backlogDrainPerTick=3 spawnRadius=15 eliteCooldownTicks=50 phases=17-23-29|9-7-5|6:1/3:1/2:1	8	5	3	2		0.572	0.199	0.368	0.005	0	11.35	0.191		I2 windows;I3;I8
R e11/s13 9:2/3:1/2:1 c12-18-24 i10-8-6 R11 R10.5 H20 MS0.128 AI14 MS0.055 AI30 ST1650 TT62 BR3 D0.5 AR4.5 EC70 S12 DPT3 R13 CT64	engageRadius=11 leashRadius=10.5 eliteHp=20 meleeMoveSpeed=0.128 meleeAttackInterval=14 shooterMoveSpeed=0.055 shooterAttackInterval=30 eliteSpawnTick=1650 eliteTelegraphTicks=62 eliteBlastRadius=3 eliteDamage=0.5 eliteApproachRange=4.5 absoluteEnemyCap=70 backlogSize=12 backlogDrainPerTick=3 spawnRadius=13 eliteCooldownTicks=64 phases=12-18-24|10-8-6|9:2/3:1/2:1	8	5	2	3		0.548	0.177	0.306	0.065	0	7.43	0.162		I2;I2 windows;I3;I8;I10
R e10/s14 5:1/3:1/1:1 c16-22-28 i7-6-5 R10 R8.5 H21 MS0.14 AI14 MS0.07 AI26 ST1500 TT40 BR2.4 D0.4 AR4.5 EC70 S10 DPT2 R14 CT42	engageRadius=10 leashRadius=8.5 eliteHp=21 meleeMoveSpeed=0.14 meleeAttackInterval=14 shooterMoveSpeed=0.07 shooterAttackInterval=26 eliteSpawnTick=1500 eliteTelegraphTicks=40 eliteBlastRadius=2.4 eliteDamage=0.4 eliteApproachRange=4.5 absoluteEnemyCap=70 backlogSize=10 backlogDrainPerTick=2 spawnRadius=14 eliteCooldownTicks=42 phases=16-22-28|7-6-5|5:1/3:1/1:1	4	0	0	0		0.992	0.371	0.598	0.023	0	17.12	0.220		skilled 8/8;I2;I2 windows
R e11/s16 7:1/3:1/1:1 c12-18-24 i10-7-5 R11 R8.5 H20 MS0.128 AI15 MS0.06 AI34 ST1500 TT40 BR3 D0.5 AR4.5 EC70 S16 DPT3 R16 CT42	engageRadius=11 leashRadius=8.5 eliteHp=20 meleeMoveSpeed=0.128 meleeAttackInterval=15 shooterMoveSpeed=0.06 shooterAttackInterval=34 eliteSpawnTick=1500 eliteTelegraphTicks=40 eliteBlastRadius=3 eliteDamage=0.5 eliteApproachRange=4.5 absoluteEnemyCap=70 backlogSize=16 backlogDrainPerTick=3 spawnRadius=16 eliteCooldownTicks=42 phases=12-18-24|10-7-5|7:1/3:1/1:1	8	8	8	8		0.464	0.111	0.351	0.003	0	11.66	0.184		I2;I2 windows;I3;I8;I10
R e11/s13 6:1/2:1/1:1 c14-20-26 i9-7-5 R11 R10 H22 MS0.128 AI17 MS0.05 AI32 ST1500 TT40 BR3.4 D0.5 AR4.9 EC60 S10 DPT3 R13 CT42	engageRadius=11 leashRadius=10 eliteHp=22 meleeMoveSpeed=0.128 meleeAttackInterval=17 shooterMoveSpeed=0.05 shooterAttackInterval=32 eliteSpawnTick=1500 eliteTelegraphTicks=40 eliteBlastRadius=3.4 eliteDamage=0.5 eliteApproachRange=4.9 absoluteEnemyCap=60 backlogSize=10 backlogDrainPerTick=3 spawnRadius=13 eliteCooldownTicks=42 phases=14-20-26|9-7-5|6:1/2:1/1:1	8	4	2	2		0.604	0.200	0.397	0.007	0	10.21	0.201		I2 windows;I3;I8
R e10/s14 6:1/3:1/2:1 c14-20-26 i8-7-5 R10 R11 H22 MS0.145 AI16 MS0.065 AI34 ST1500 TT48 BR2.4 D0.5 AR4.9 EC60 S12 DPT2 R14 CT50	engageRadius=10 leashRadius=11 eliteHp=22 meleeMoveSpeed=0.145 meleeAttackInterval=16 shooterMoveSpeed=0.065 shooterAttackInterval=34 eliteSpawnTick=1500 eliteTelegraphTicks=48 eliteBlastRadius=2.4 eliteDamage=0.5 eliteApproachRange=4.9 absoluteEnemyCap=60 backlogSize=12 backlogDrainPerTick=2 spawnRadius=14 eliteCooldownTicks=50 phases=14-20-26|8-7-5|6:1/3:1/2:1	7	2	0	1		0.861	0.342	0.493	0.026	0	12.12	0.142		skilled 8/8;I2;I2 windows;I8
R e13/s17 5:1/3:2/1:1 c17-23-29 i7-6-5 R13 R11 H19 MS0.136 AI15 MS0.05 AI26 ST1650 TT54 BR3.4 D0.4 AR3.5 EC60 S16 DPT2 R17 CT56	engageRadius=13 leashRadius=11 eliteHp=19 meleeMoveSpeed=0.136 meleeAttackInterval=15 shooterMoveSpeed=0.05 shooterAttackInterval=26 eliteSpawnTick=1650 eliteTelegraphTicks=54 eliteBlastRadius=3.4 eliteDamage=0.4 eliteApproachRange=3.5 absoluteEnemyCap=60 backlogSize=16 backlogDrainPerTick=2 spawnRadius=17 eliteCooldownTicks=56 phases=17-23-29|7-6-5|5:1/3:2/1:1	5	2	1	1		1.028	0.329	0.518	0.181	0	20.75	0.283		skilled 8/8;I2;I2 windows;I3;I8
R e12/s17 5:1/3:1/1:1 c12-18-24 i10-8-6 R12 R9.5 H18 MS0.14 AI17 MS0.065 AI32 ST1650 TT62 BR2 D0.4 AR4.9 EC70 S16 DPT2 R17 CT64	engageRadius=12 leashRadius=9.5 eliteHp=18 meleeMoveSpeed=0.14 meleeAttackInterval=17 shooterMoveSpeed=0.065 shooterAttackInterval=32 eliteSpawnTick=1650 eliteTelegraphTicks=62 eliteBlastRadius=2 eliteDamage=0.4 eliteApproachRange=4.9 absoluteEnemyCap=70 backlogSize=16 backlogDrainPerTick=2 spawnRadius=17 eliteCooldownTicks=64 phases=12-18-24|10-8-6|5:1/3:1/1:1	8	7	7	7		0.411	0.153	0.213	0.045	0	10.35	0.207		I2;I2 windows;I3;I8;I10
R e11/s15 7:1/3:1/1:1 c16-22-28 i9-8-6 R11 R10 H18 MS0.132 AI18 MS0.055 AI34 ST1500 TT40 BR3 D0.4 AR4.9 EC50 S10 DPT2 R15 CT42	engageRadius=11 leashRadius=10 eliteHp=18 meleeMoveSpeed=0.132 meleeAttackInterval=18 shooterMoveSpeed=0.055 shooterAttackInterval=34 eliteSpawnTick=1500 eliteTelegraphTicks=40 eliteBlastRadius=3 eliteDamage=0.4 eliteApproachRange=4.9 absoluteEnemyCap=50 backlogSize=10 backlogDrainPerTick=2 spawnRadius=15 eliteCooldownTicks=42 phases=16-22-28|9-8-6|7:1/3:1/1:1	8	8	8	7		0.445	0.179	0.266	0.000	0	9.48	0.149		I2;I2 windows;I3;I8;I10
R e10/s14 7:1/3:1/1:1 c16-22-28 i9-7-5 R10 R9.5 H18 MS0.132 AI14 MS0.07 AI32 ST1800 TT54 BR2.4 D0.3 AR4.9 EC50 S10 DPT2 R14 CT56	engageRadius=10 leashRadius=9.5 eliteHp=18 meleeMoveSpeed=0.132 meleeAttackInterval=14 shooterMoveSpeed=0.07 shooterAttackInterval=32 eliteSpawnTick=1800 eliteTelegraphTicks=54 eliteBlastRadius=2.4 eliteDamage=0.3 eliteApproachRange=4.9 absoluteEnemyCap=50 backlogSize=10 backlogDrainPerTick=2 spawnRadius=14 eliteCooldownTicks=56 phases=16-22-28|9-7-5|7:1/3:1/1:1	8	3	1	1		0.706	0.205	0.318	0.183	0	11.12	0.203		I3;I8
R e11/s15 6:1/3:1/2:1 c17-23-29 i7-6-5 R11 R10.5 H18 MS0.136 AI15 MS0.05 AI26 ST1500 TT54 BR3 D0.3 AR4.9 EC70 S10 DPT2 R15 CT56	engageRadius=11 leashRadius=10.5 eliteHp=18 meleeMoveSpeed=0.136 meleeAttackInterval=15 shooterMoveSpeed=0.05 shooterAttackInterval=26 eliteSpawnTick=1500 eliteTelegraphTicks=54 eliteBlastRadius=3 eliteDamage=0.3 eliteApproachRange=4.9 absoluteEnemyCap=70 backlogSize=10 backlogDrainPerTick=2 spawnRadius=15 eliteCooldownTicks=56 phases=17-23-29|7-6-5|6:1/3:1/2:1	5	3	0	0		0.963	0.358	0.605	0.000	0	17.81	0.192		skilled 8/8;I2;I2 windows;I8
R e11/s13 5:1/3:2/2:3 c14-20-26 i9-7-5 R11 R9 H18 MS0.136 AI15 MS0.07 AI34 ST1500 TT40 BR2 D0.5 AR4.5 EC50 S10 DPT3 R13 CT42	engageRadius=11 leashRadius=9 eliteHp=18 meleeMoveSpeed=0.136 meleeAttackInterval=15 shooterMoveSpeed=0.07 shooterAttackInterval=34 eliteSpawnTick=1500 eliteTelegraphTicks=40 eliteBlastRadius=2 eliteDamage=0.5 eliteApproachRange=4.5 absoluteEnemyCap=50 backlogSize=10 backlogDrainPerTick=3 spawnRadius=13 eliteCooldownTicks=42 phases=14-20-26|9-7-5|5:1/3:2/2:3	8	5	2	2		0.545	0.212	0.326	0.007	0	9.41	0.246		I2;I2 windows;I3;I8
R e10/s12 7:1/3:1/1:1 c17-23-29 i9-8-6 R10 R11 H21 MS0.132 AI17 MS0.06 AI34 ST1650 TT48 BR3.4 D0.5 AR3.5 EC50 S10 DPT3 R12 CT50	engageRadius=10 leashRadius=11 eliteHp=21 meleeMoveSpeed=0.132 meleeAttackInterval=17 shooterMoveSpeed=0.06 shooterAttackInterval=34 eliteSpawnTick=1650 eliteTelegraphTicks=48 eliteBlastRadius=3.4 eliteDamage=0.5 eliteApproachRange=3.5 absoluteEnemyCap=50 backlogSize=10 backlogDrainPerTick=3 spawnRadius=12 eliteCooldownTicks=50 phases=17-23-29|9-8-6|7:1/3:1/1:1	8	5	2	3		0.625	0.272	0.290	0.064	0	7.56	0.130		I2 windows;I3;I8;I10
R e11/s14 5:1/3:1/1:1 c14-20-26 i8-7-5 R11 R10 H20 MS0.128 AI16 MS0.065 AI30 ST1650 TT40 BR3 D0.5 AR4.9 EC70 S10 DPT3 R14 CT42	engageRadius=11 leashRadius=10 eliteHp=20 meleeMoveSpeed=0.128 meleeAttackInterval=16 shooterMoveSpeed=0.065 shooterAttackInterval=30 eliteSpawnTick=1650 eliteTelegraphTicks=40 eliteBlastRadius=3 eliteDamage=0.5 eliteApproachRange=4.9 absoluteEnemyCap=70 backlogSize=10 backlogDrainPerTick=3 spawnRadius=14 eliteCooldownTicks=42 phases=14-20-26|8-7-5|5:1/3:1/1:1	8	3	2	2		0.646	0.251	0.316	0.079	0	12.01	0.196		I2 windows;I3;I8
R e11/s13 9:2/3:1/2:1 c14-20-26 i10-8-6 R11 R11 H18 MS0.145 AI18 MS0.06 AI34 ST1500 TT40 BR3.4 D0.3 AR4.5 EC60 S16 DPT2 R13 CT42	engageRadius=11 leashRadius=11 eliteHp=18 meleeMoveSpeed=0.145 meleeAttackInterval=18 shooterMoveSpeed=0.06 shooterAttackInterval=34 eliteSpawnTick=1500 eliteTelegraphTicks=40 eliteBlastRadius=3.4 eliteDamage=0.3 eliteApproachRange=4.5 absoluteEnemyCap=60 backlogSize=16 backlogDrainPerTick=2 spawnRadius=13 eliteCooldownTicks=42 phases=14-20-26|10-8-6|9:2/3:1/2:1	8	7	5	5		0.544	0.230	0.303	0.012	0	7.68	0.154		I2;I2 windows;I3;I8;I10
R e10/s15 5:1/3:1/2:1 c16-22-28 i10-8-6 R10 R10.5 H19 MS0.14 AI18 MS0.07 AI34 ST1500 TT40 BR2 D0.5 AR4.9 EC60 S12 DPT2 R15 CT42	engageRadius=10 leashRadius=10.5 eliteHp=19 meleeMoveSpeed=0.14 meleeAttackInterval=18 shooterMoveSpeed=0.07 shooterAttackInterval=34 eliteSpawnTick=1500 eliteTelegraphTicks=40 eliteBlastRadius=2 eliteDamage=0.5 eliteApproachRange=4.9 absoluteEnemyCap=60 backlogSize=12 backlogDrainPerTick=2 spawnRadius=15 eliteCooldownTicks=42 phases=16-22-28|10-8-6|5:1/3:1/2:1	8	8	7	7		0.449	0.165	0.267	0.018	0	8.41	0.173		I2;I2 windows;I3;I8;I10
R e13/s15 5:1/3:1/2:1 c12-18-24 i9-7-5 R13 R8.5 H22 MS0.128 AI18 MS0.055 AI28 ST1500 TT62 BR2 D0.4 AR4.9 EC50 S12 DPT3 R15 CT64	engageRadius=13 leashRadius=8.5 eliteHp=22 meleeMoveSpeed=0.128 meleeAttackInterval=18 shooterMoveSpeed=0.055 shooterAttackInterval=28 eliteSpawnTick=1500 eliteTelegraphTicks=62 eliteBlastRadius=2 eliteDamage=0.4 eliteApproachRange=4.9 absoluteEnemyCap=50 backlogSize=12 backlogDrainPerTick=3 spawnRadius=15 eliteCooldownTicks=64 phases=12-18-24|9-7-5|5:1/3:1/2:1	8	7	7	7		0.448	0.140	0.305	0.003	0	11.92	0.236		I2;I2 windows;I3;I8;I10
R e10/s12 5:1/2:1/2:3 c14-20-26 i8-7-5 R10 R8.5 H22 MS0.14 AI15 MS0.065 AI32 ST1800 TT62 BR2.4 D0.4 AR4.9 EC70 S16 DPT2 R12 CT64	engageRadius=10 leashRadius=8.5 eliteHp=22 meleeMoveSpeed=0.14 meleeAttackInterval=15 shooterMoveSpeed=0.065 shooterAttackInterval=32 eliteSpawnTick=1800 eliteTelegraphTicks=62 eliteBlastRadius=2.4 eliteDamage=0.4 eliteApproachRange=4.9 absoluteEnemyCap=70 backlogSize=16 backlogDrainPerTick=2 spawnRadius=12 eliteCooldownTicks=64 phases=14-20-26|8-7-5|5:1/2:1/2:3	7	1	1	1		0.799	0.282	0.294	0.223	0	10.52	0.253		skilled 8/8;I3;I8
R e11/s16 5:1/2:1/1:1 c14-20-26 i9-8-6 R11 R9.5 H22 MS0.14 AI16 MS0.05 AI28 ST1650 TT62 BR2.4 D0.5 AR3.5 EC70 S12 DPT2 R16 CT64	engageRadius=11 leashRadius=9.5 eliteHp=22 meleeMoveSpeed=0.14 meleeAttackInterval=16 shooterMoveSpeed=0.05 shooterAttackInterval=28 eliteSpawnTick=1650 eliteTelegraphTicks=62 eliteBlastRadius=2.4 eliteDamage=0.5 eliteApproachRange=3.5 absoluteEnemyCap=70 backlogSize=12 backlogDrainPerTick=2 spawnRadius=16 eliteCooldownTicks=64 phases=14-20-26|9-8-6|5:1/2:1/1:1	8	4	3	4		0.490	0.184	0.225	0.081	0	11.06	0.210		I2;I2 windows;I3;I8;I10
R e13/s15 6:1/3:1/2:1 c17-23-29 i8-6-5 R13 R8.5 H22 MS0.132 AI17 MS0.05 AI30 ST1650 TT62 BR3.4 D0.5 AR4.5 EC50 S12 DPT3 R15 CT64	engageRadius=13 leashRadius=8.5 eliteHp=22 meleeMoveSpeed=0.132 meleeAttackInterval=17 shooterMoveSpeed=0.05 shooterAttackInterval=30 eliteSpawnTick=1650 eliteTelegraphTicks=62 eliteBlastRadius=3.4 eliteDamage=0.5 eliteApproachRange=4.5 absoluteEnemyCap=50 backlogSize=12 backlogDrainPerTick=3 spawnRadius=15 eliteCooldownTicks=64 phases=17-23-29|8-6-5|6:1/3:1/2:1	7	3	3	3		0.733	0.191	0.410	0.132	0	16.62	0.231		skilled 8/8;I3;I8;I10
R e13/s18 5:1/3:2/1:1 c17-23-29 i9-7-5 R13 R9.5 H22 MS0.128 AI15 MS0.065 AI28 ST1650 TT48 BR2 D0.5 AR4.9 EC50 S10 DPT3 R18 CT50	engageRadius=13 leashRadius=9.5 eliteHp=22 meleeMoveSpeed=0.128 meleeAttackInterval=15 shooterMoveSpeed=0.065 shooterAttackInterval=28 eliteSpawnTick=1650 eliteTelegraphTicks=48 eliteBlastRadius=2 eliteDamage=0.5 eliteApproachRange=4.9 absoluteEnemyCap=50 backlogSize=10 backlogDrainPerTick=3 spawnRadius=18 eliteCooldownTicks=50 phases=17-23-29|9-7-5|5:1/3:2/1:1	8	5	4	3		0.550	0.159	0.261	0.131	0	15.62	0.325		I3;I8;I10
R e13/s16 5:1/3:2/1:1 c16-22-28 i8-6-5 R13 R10 H20 MS0.14 AI14 MS0.065 AI28 ST1500 TT48 BR3 D0.5 AR4.5 EC70 S12 DPT3 R16 CT50	engageRadius=13 leashRadius=10 eliteHp=20 meleeMoveSpeed=0.14 meleeAttackInterval=14 shooterMoveSpeed=0.065 shooterAttackInterval=28 eliteSpawnTick=1500 eliteTelegraphTicks=48 eliteBlastRadius=3 eliteDamage=0.5 eliteApproachRange=4.5 absoluteEnemyCap=70 backlogSize=12 backlogDrainPerTick=3 spawnRadius=16 eliteCooldownTicks=50 phases=16-22-28|8-6-5|5:1/3:2/1:1	6	1	0	1		0.857	0.295	0.549	0.013	0	16.42	0.276		skilled 8/8;I2;I2 windows;I8
R e12/s17 7:1/3:1/1:1 c14-20-26 i9-7-5 R12 R9 H18 MS0.132 AI14 MS0.06 AI26 ST1500 TT48 BR2 D0.3 AR4.9 EC70 S16 DPT3 R17 CT50	engageRadius=12 leashRadius=9 eliteHp=18 meleeMoveSpeed=0.132 meleeAttackInterval=14 shooterMoveSpeed=0.06 shooterAttackInterval=26 eliteSpawnTick=1500 eliteTelegraphTicks=48 eliteBlastRadius=2 eliteDamage=0.3 eliteApproachRange=4.9 absoluteEnemyCap=70 backlogSize=16 backlogDrainPerTick=3 spawnRadius=17 eliteCooldownTicks=50 phases=14-20-26|9-7-5|7:1/3:1/1:1	8	7	4	5		0.559	0.163	0.385	0.011	0	13.03	0.189		I2 windows;I3;I8;I10
R e11/s14 5:1/2:1/3:2 c14-20-26 i9-8-6 R11 R10.5 H20 MS0.128 AI16 MS0.05 AI28 ST1800 TT40 BR2.4 D0.4 AR4.5 EC50 S16 DPT2 R14 CT42	engageRadius=11 leashRadius=10.5 eliteHp=20 meleeMoveSpeed=0.128 meleeAttackInterval=16 shooterMoveSpeed=0.05 shooterAttackInterval=28 eliteSpawnTick=1800 eliteTelegraphTicks=40 eliteBlastRadius=2.4 eliteDamage=0.4 eliteApproachRange=4.5 absoluteEnemyCap=50 backlogSize=16 backlogDrainPerTick=2 spawnRadius=14 eliteCooldownTicks=42 phases=14-20-26|9-8-6|5:1/2:1/3:2	8	4	1	2		0.580	0.217	0.207	0.155	0	9.56	0.223		I3;I8
R e10/s15 7:1/3:1/1:1 c16-22-28 i9-7-5 R10 R8.5 H21 MS0.145 AI17 MS0.05 AI26 ST1500 TT48 BR3.4 D0.3 AR4.5 EC70 S10 DPT3 R15 CT50	engageRadius=10 leashRadius=8.5 eliteHp=21 meleeMoveSpeed=0.145 meleeAttackInterval=17 shooterMoveSpeed=0.05 shooterAttackInterval=26 eliteSpawnTick=1500 eliteTelegraphTicks=48 eliteBlastRadius=3.4 eliteDamage=0.3 eliteApproachRange=4.5 absoluteEnemyCap=70 backlogSize=10 backlogDrainPerTick=3 spawnRadius=15 eliteCooldownTicks=50 phases=16-22-28|9-7-5|7:1/3:1/1:1	8	5	4	5		0.510	0.171	0.318	0.021	0	10.95	0.181		I2;I2 windows;I3;I8;I10
R e11/s14 5:1/3:1/1:1 c16-22-28 i8-7-5 R11 R9.5 H22 MS0.14 AI16 MS0.05 AI34 ST1650 TT54 BR2 D0.5 AR3.5 EC60 S12 DPT2 R14 CT56	engageRadius=11 leashRadius=9.5 eliteHp=22 meleeMoveSpeed=0.14 meleeAttackInterval=16 shooterMoveSpeed=0.05 shooterAttackInterval=34 eliteSpawnTick=1650 eliteTelegraphTicks=54 eliteBlastRadius=2 eliteDamage=0.5 eliteApproachRange=3.5 absoluteEnemyCap=60 backlogSize=12 backlogDrainPerTick=2 spawnRadius=14 eliteCooldownTicks=56 phases=16-22-28|8-7-5|5:1/3:1/1:1	8	3	1	1		0.707	0.279	0.293	0.134	0	12.45	0.177		I3;I8
R e13/s17 9:2/3:1/2:1 c12-18-24 i10-7-5 R13 R10 H21 MS0.132 AI15 MS0.06 AI28 ST1650 TT48 BR3 D0.3 AR4.5 EC60 S16 DPT3 R17 CT50	engageRadius=13 leashRadius=10 eliteHp=21 meleeMoveSpeed=0.132 meleeAttackInterval=15 shooterMoveSpeed=0.06 shooterAttackInterval=28 eliteSpawnTick=1650 eliteTelegraphTicks=48 eliteBlastRadius=3 eliteDamage=0.3 eliteApproachRange=4.5 absoluteEnemyCap=60 backlogSize=16 backlogDrainPerTick=3 spawnRadius=17 eliteCooldownTicks=50 phases=12-18-24|10-7-5|9:2/3:1/2:1	8	6	2	3		0.612	0.155	0.319	0.138	0	12.83	0.206		I3;I8;I10
R e12/s15 5:1/3:2/2:3 c12-18-24 i8-6-5 R12 R11 H20 MS0.128 AI15 MS0.05 AI28 ST1500 TT62 BR2.4 D0.5 AR4.5 EC50 S16 DPT2 R15 CT64	engageRadius=12 leashRadius=11 eliteHp=20 meleeMoveSpeed=0.128 meleeAttackInterval=15 shooterMoveSpeed=0.05 shooterAttackInterval=28 eliteSpawnTick=1500 eliteTelegraphTicks=62 eliteBlastRadius=2.4 eliteDamage=0.5 eliteApproachRange=4.5 absoluteEnemyCap=50 backlogSize=16 backlogDrainPerTick=2 spawnRadius=15 eliteCooldownTicks=64 phases=12-18-24|8-6-5|5:1/3:2/2:3	8	5	1	2		0.710	0.265	0.446	0.000	0	14.96	0.262		I2 windows;I3;I8
R e13/s15 6:1/2:1/1:1 c14-20-26 i8-6-5 R13 R8.5 H18 MS0.136 AI18 MS0.05 AI34 ST1800 TT40 BR2.4 D0.4 AR4.5 EC70 S12 DPT3 R15 CT42	engageRadius=13 leashRadius=8.5 eliteHp=18 meleeMoveSpeed=0.136 meleeAttackInterval=18 shooterMoveSpeed=0.05 shooterAttackInterval=34 eliteSpawnTick=1800 eliteTelegraphTicks=40 eliteBlastRadius=2.4 eliteDamage=0.4 eliteApproachRange=4.5 absoluteEnemyCap=70 backlogSize=12 backlogDrainPerTick=3 spawnRadius=15 eliteCooldownTicks=42 phases=14-20-26|8-6-5|6:1/2:1/1:1	6	2	2	2		0.828	0.201	0.376	0.251	0	16.72	0.278		skilled 8/8;I2;I3;I8
R e12/s16 5:1/3:1/2:1 c14-20-26 i9-8-6 R12 R8.5 H21 MS0.14 AI16 MS0.05 AI26 ST1650 TT54 BR3 D0.4 AR3.5 EC50 S16 DPT2 R16 CT56	engageRadius=12 leashRadius=8.5 eliteHp=21 meleeMoveSpeed=0.14 meleeAttackInterval=16 shooterMoveSpeed=0.05 shooterAttackInterval=26 eliteSpawnTick=1650 eliteTelegraphTicks=54 eliteBlastRadius=3 eliteDamage=0.4 eliteApproachRange=3.5 absoluteEnemyCap=50 backlogSize=16 backlogDrainPerTick=2 spawnRadius=16 eliteCooldownTicks=56 phases=14-20-26|9-8-6|5:1/3:1/2:1	8	6	4	6		0.513	0.159	0.200	0.153	0	11.44	0.182		I2;I3;I8;I10
R e12/s14 6:1/2:1/1:1 c16-22-28 i9-8-6 R12 R8.5 H18 MS0.14 AI14 MS0.05 AI32 ST1800 TT54 BR2.4 D0.4 AR3.5 EC50 S16 DPT2 R14 CT56	engageRadius=12 leashRadius=8.5 eliteHp=18 meleeMoveSpeed=0.14 meleeAttackInterval=14 shooterMoveSpeed=0.05 shooterAttackInterval=32 eliteSpawnTick=1800 eliteTelegraphTicks=54 eliteBlastRadius=2.4 eliteDamage=0.4 eliteApproachRange=3.5 absoluteEnemyCap=50 backlogSize=16 backlogDrainPerTick=2 spawnRadius=14 eliteCooldownTicks=56 phases=16-22-28|9-8-6|6:1/2:1/1:1	8	6	3	5		0.512	0.187	0.177	0.148	0	9.40	0.221		I2;I3;I8;I10
R e10/s14 5:1/3:1/1:1 c14-20-26 i10-7-5 R10 R10 H19 MS0.145 AI17 MS0.07 AI34 ST1650 TT62 BR2.4 D0.3 AR3.5 EC50 S16 DPT2 R14 CT64	engageRadius=10 leashRadius=10 eliteHp=19 meleeMoveSpeed=0.145 meleeAttackInterval=17 shooterMoveSpeed=0.07 shooterAttackInterval=34 eliteSpawnTick=1650 eliteTelegraphTicks=62 eliteBlastRadius=2.4 eliteDamage=0.3 eliteApproachRange=3.5 absoluteEnemyCap=50 backlogSize=16 backlogDrainPerTick=2 spawnRadius=14 eliteCooldownTicks=64 phases=14-20-26|10-7-5|5:1/3:1/1:1	8	5	2	3		0.634	0.199	0.358	0.077	0	9.73	0.181		I2 windows;I3;I8;I10
R e12/s14 6:1/2:1/1:1 c12-18-24 i9-8-6 R12 R10 H21 MS0.132 AI14 MS0.065 AI34 ST1500 TT40 BR2.4 D0.5 AR4.5 EC70 S10 DPT3 R14 CT42	engageRadius=12 leashRadius=10 eliteHp=21 meleeMoveSpeed=0.132 meleeAttackInterval=14 shooterMoveSpeed=0.065 shooterAttackInterval=34 eliteSpawnTick=1500 eliteTelegraphTicks=40 eliteBlastRadius=2.4 eliteDamage=0.5 eliteApproachRange=4.5 absoluteEnemyCap=70 backlogSize=10 backlogDrainPerTick=3 spawnRadius=14 eliteCooldownTicks=42 phases=12-18-24|9-8-6|6:1/2:1/1:1	8	7	2	3		0.521	0.239	0.282	0.000	0	9.33	0.176		I2;I2 windows;I3;I8;I10
R e10/s14 5:1/2:1/1:1 c17-23-29 i10-7-5 R10 R9.5 H18 MS0.136 AI18 MS0.055 AI26 ST1500 TT48 BR3.4 D0.5 AR4.9 EC60 S12 DPT2 R14 CT50	engageRadius=10 leashRadius=9.5 eliteHp=18 meleeMoveSpeed=0.136 meleeAttackInterval=18 shooterMoveSpeed=0.055 shooterAttackInterval=26 eliteSpawnTick=1500 eliteTelegraphTicks=48 eliteBlastRadius=3.4 eliteDamage=0.5 eliteApproachRange=4.9 absoluteEnemyCap=60 backlogSize=12 backlogDrainPerTick=2 spawnRadius=14 eliteCooldownTicks=50 phases=17-23-29|10-7-5|5:1/2:1/1:1	8	7	5	6		0.470	0.157	0.313	0.000	0	9.73	0.236		I2;I2 windows;I3;I8;I10
R e12/s17 7:1/3:1/1:1 c16-22-28 i9-7-5 R12 R9.5 H22 MS0.136 AI17 MS0.06 AI34 ST1500 TT54 BR3.4 D0.3 AR4.9 EC50 S10 DPT3 R17 CT56	engageRadius=12 leashRadius=9.5 eliteHp=22 meleeMoveSpeed=0.136 meleeAttackInterval=17 shooterMoveSpeed=0.06 shooterAttackInterval=34 eliteSpawnTick=1500 eliteTelegraphTicks=54 eliteBlastRadius=3.4 eliteDamage=0.3 eliteApproachRange=4.9 absoluteEnemyCap=50 backlogSize=10 backlogDrainPerTick=3 spawnRadius=17 eliteCooldownTicks=56 phases=16-22-28|9-7-5|7:1/3:1/1:1	8	7	5	6		0.554	0.164	0.373	0.016	0	13.56	0.171		I2 windows;I3;I8;I10
R e10/s12 5:1/2:1/3:2 c17-23-29 i10-8-6 R10 R9 H19 MS0.145 AI15 MS0.06 AI30 ST1650 TT48 BR2.4 D0.4 AR4.9 EC60 S10 DPT2 R12 CT50	engageRadius=10 leashRadius=9 eliteHp=19 meleeMoveSpeed=0.145 meleeAttackInterval=15 shooterMoveSpeed=0.06 shooterAttackInterval=30 eliteSpawnTick=1650 eliteTelegraphTicks=48 eliteBlastRadius=2.4 eliteDamage=0.4 eliteApproachRange=4.9 absoluteEnemyCap=60 backlogSize=10 backlogDrainPerTick=2 spawnRadius=12 eliteCooldownTicks=50 phases=17-23-29|10-8-6|5:1/2:1/3:2	8	5	3	4		0.509	0.189	0.265	0.055	0	6.42	0.194		I2;I2 windows;I3;I8;I10
R e13/s16 5:1/2:1/2:3 c16-22-28 i9-7-5 R13 R10 H22 MS0.128 AI18 MS0.055 AI28 ST1800 TT40 BR2 D0.5 AR4.5 EC70 S16 DPT2 R16 CT42	engageRadius=13 leashRadius=10 eliteHp=22 meleeMoveSpeed=0.128 meleeAttackInterval=18 shooterMoveSpeed=0.055 shooterAttackInterval=28 eliteSpawnTick=1800 eliteTelegraphTicks=40 eliteBlastRadius=2 eliteDamage=0.5 eliteApproachRange=4.5 absoluteEnemyCap=70 backlogSize=16 backlogDrainPerTick=2 spawnRadius=16 eliteCooldownTicks=42 phases=16-22-28|9-7-5|5:1/2:1/2:3	8	3	2	2		0.642	0.175	0.267	0.200	0	14.26	0.317		I3;I8
R e11/s14 6:1/3:1/2:1 c16-22-28 i10-7-5 R11 R10.5 H18 MS0.145 AI14 MS0.06 AI26 ST1500 TT54 BR3.4 D0.5 AR4.5 EC60 S12 DPT2 R14 CT56	engageRadius=11 leashRadius=10.5 eliteHp=18 meleeMoveSpeed=0.145 meleeAttackInterval=14 shooterMoveSpeed=0.06 shooterAttackInterval=26 eliteSpawnTick=1500 eliteTelegraphTicks=54 eliteBlastRadius=3.4 eliteDamage=0.5 eliteApproachRange=4.5 absoluteEnemyCap=60 backlogSize=12 backlogDrainPerTick=2 spawnRadius=14 eliteCooldownTicks=56 phases=16-22-28|10-7-5|6:1/3:1/2:1	8	4	1	1		0.678	0.241	0.437	0.000	0	9.00	0.156		I2 windows;I3;I8
R e13/s17 5:1/3:1/2:1 c17-23-29 i8-7-5 R13 R9 H19 MS0.136 AI18 MS0.055 AI28 ST1500 TT40 BR2.4 D0.4 AR4.9 EC60 S12 DPT2 R17 CT42	engageRadius=13 leashRadius=9 eliteHp=19 meleeMoveSpeed=0.136 meleeAttackInterval=18 shooterMoveSpeed=0.055 shooterAttackInterval=28 eliteSpawnTick=1500 eliteTelegraphTicks=40 eliteBlastRadius=2.4 eliteDamage=0.4 eliteApproachRange=4.9 absoluteEnemyCap=60 backlogSize=12 backlogDrainPerTick=2 spawnRadius=17 eliteCooldownTicks=42 phases=17-23-29|8-7-5|5:1/3:1/2:1	8	6	5	5		0.532	0.204	0.321	0.008	0	14.80	0.212		I2;I2 windows;I3;I8;I10
R e10/s14 5:1/2:1/2:3 c14-20-26 i7-6-5 R10 R9 H18 MS0.14 AI15 MS0.05 AI32 ST1800 TT62 BR2 D0.3 AR4.5 EC60 S12 DPT2 R14 CT64	engageRadius=10 leashRadius=9 eliteHp=18 meleeMoveSpeed=0.14 meleeAttackInterval=15 shooterMoveSpeed=0.05 shooterAttackInterval=32 eliteSpawnTick=1800 eliteTelegraphTicks=62 eliteBlastRadius=2 eliteDamage=0.3 eliteApproachRange=4.5 absoluteEnemyCap=60 backlogSize=12 backlogDrainPerTick=2 spawnRadius=14 eliteCooldownTicks=64 phases=14-20-26|7-6-5|5:1/2:1/2:3	3	0	0	0		1.092	0.362	0.473	0.257	0	18.33	0.230		skilled 8/8;I2;I2 windows
R e10/s13 5:1/3:1/3:2 c16-22-28 i10-8-6 R10 R10 H21 MS0.128 AI14 MS0.05 AI30 ST1800 TT48 BR3.4 D0.4 AR3.5 EC50 S12 DPT2 R13 CT50	engageRadius=10 leashRadius=10 eliteHp=21 meleeMoveSpeed=0.128 meleeAttackInterval=14 shooterMoveSpeed=0.05 shooterAttackInterval=30 eliteSpawnTick=1800 eliteTelegraphTicks=48 eliteBlastRadius=3.4 eliteDamage=0.4 eliteApproachRange=3.5 absoluteEnemyCap=50 backlogSize=12 backlogDrainPerTick=2 spawnRadius=13 eliteCooldownTicks=50 phases=16-22-28|10-8-6|5:1/3:1/3:2	8	6	2	2		0.629	0.184	0.233	0.212	0	8.14	0.174		I3;I8
R e11/s14 5:1/3:1/2:1 c17-23-29 i8-7-5 R11 R8.5 H19 MS0.145 AI16 MS0.07 AI32 ST1800 TT40 BR2 D0.4 AR4.9 EC50 S16 DPT3 R14 CT42	engageRadius=11 leashRadius=8.5 eliteHp=19 meleeMoveSpeed=0.145 meleeAttackInterval=16 shooterMoveSpeed=0.07 shooterAttackInterval=32 eliteSpawnTick=1800 eliteTelegraphTicks=40 eliteBlastRadius=2 eliteDamage=0.4 eliteApproachRange=4.9 absoluteEnemyCap=50 backlogSize=16 backlogDrainPerTick=3 spawnRadius=14 eliteCooldownTicks=42 phases=17-23-29|8-7-5|5:1/3:1/2:1	8	2	1	0		0.783	0.267	0.272	0.244	0	11.99	0.189		I3;I8
R e13/s16 5:1/3:1/3:2 c12-18-24 i8-7-5 R13 R9 H19 MS0.128 AI16 MS0.065 AI26 ST1800 TT48 BR2 D0.3 AR3.5 EC70 S12 DPT2 R16 CT50	engageRadius=13 leashRadius=9 eliteHp=19 meleeMoveSpeed=0.128 meleeAttackInterval=16 shooterMoveSpeed=0.065 shooterAttackInterval=26 eliteSpawnTick=1800 eliteTelegraphTicks=48 eliteBlastRadius=2 eliteDamage=0.3 eliteApproachRange=3.5 absoluteEnemyCap=70 backlogSize=12 backlogDrainPerTick=2 spawnRadius=16 eliteCooldownTicks=50 phases=12-18-24|8-7-5|5:1/3:1/3:2	8	3	2	2		0.586	0.205	0.223	0.159	0	14.61	0.265		I3;I8
R e10/s14 5:1/2:1/2:3 c12-18-24 i9-8-6 R10 R9 H19 MS0.136 AI17 MS0.07 AI26 ST1800 TT62 BR3 D0.4 AR3.5 EC70 S16 DPT2 R14 CT64	engageRadius=10 leashRadius=9 eliteHp=19 meleeMoveSpeed=0.136 meleeAttackInterval=17 shooterMoveSpeed=0.07 shooterAttackInterval=26 eliteSpawnTick=1800 eliteTelegraphTicks=62 eliteBlastRadius=3 eliteDamage=0.4 eliteApproachRange=3.5 absoluteEnemyCap=70 backlogSize=16 backlogDrainPerTick=2 spawnRadius=14 eliteCooldownTicks=64 phases=12-18-24|9-8-6|5:1/2:1/2:3	8	6	3	3		0.547	0.178	0.194	0.174	0	9.76	0.314		I2;I3;I8;I10
R e13/s15 6:1/3:1/2:1 c14-20-26 i9-7-5 R13 R10.5 H18 MS0.14 AI15 MS0.07 AI30 ST1500 TT48 BR3.4 D0.5 AR3.5 EC60 S16 DPT3 R15 CT50	engageRadius=13 leashRadius=10.5 eliteHp=18 meleeMoveSpeed=0.14 meleeAttackInterval=15 shooterMoveSpeed=0.07 shooterAttackInterval=30 eliteSpawnTick=1500 eliteTelegraphTicks=48 eliteBlastRadius=3.4 eliteDamage=0.5 eliteApproachRange=3.5 absoluteEnemyCap=60 backlogSize=16 backlogDrainPerTick=3 spawnRadius=15 eliteCooldownTicks=50 phases=14-20-26|9-7-5|6:1/3:1/2:1	8	4	2	3		0.731	0.258	0.470	0.002	0	10.96	0.150		I2 windows;I3;I8;I10
R e10/s14 7:1/3:1/1:1 c17-23-29 i9-7-5 R10 R10.5 H20 MS0.145 AI17 MS0.07 AI26 ST1650 TT40 BR3.4 D0.5 AR4.9 EC60 S16 DPT3 R14 CT42	engageRadius=10 leashRadius=10.5 eliteHp=20 meleeMoveSpeed=0.145 meleeAttackInterval=17 shooterMoveSpeed=0.07 shooterAttackInterval=26 eliteSpawnTick=1650 eliteTelegraphTicks=40 eliteBlastRadius=3.4 eliteDamage=0.5 eliteApproachRange=4.9 absoluteEnemyCap=60 backlogSize=16 backlogDrainPerTick=3 spawnRadius=14 eliteCooldownTicks=42 phases=17-23-29|9-7-5|7:1/3:1/1:1	8	2	2	2		0.749	0.246	0.402	0.101	0	10.27	0.179		I3;I8
R e11/s15 6:1/2:1/1:1 c12-18-24 i9-7-5 R11 R9.5 H18 MS0.136 AI15 MS0.06 AI26 ST1650 TT62 BR2.4 D0.4 AR3.5 EC70 S10 DPT3 R15 CT64	engageRadius=11 leashRadius=9.5 eliteHp=18 meleeMoveSpeed=0.136 meleeAttackInterval=15 shooterMoveSpeed=0.06 shooterAttackInterval=26 eliteSpawnTick=1650 eliteTelegraphTicks=62 eliteBlastRadius=2.4 eliteDamage=0.4 eliteApproachRange=3.5 absoluteEnemyCap=70 backlogSize=10 backlogDrainPerTick=3 spawnRadius=15 eliteCooldownTicks=64 phases=12-18-24|9-7-5|6:1/2:1/1:1	8	5	2	2		0.549	0.186	0.331	0.032	0	11.17	0.212		I2;I2 windows;I3;I8
R e13/s17 5:1/3:2/1:1 c17-23-29 i8-6-5 R13 R8.5 H20 MS0.128 AI17 MS0.05 AI30 ST1800 TT40 BR2 D0.3 AR4.5 EC50 S10 DPT2 R17 CT42	engageRadius=13 leashRadius=8.5 eliteHp=20 meleeMoveSpeed=0.128 meleeAttackInterval=17 shooterMoveSpeed=0.05 shooterAttackInterval=30 eliteSpawnTick=1800 eliteTelegraphTicks=40 eliteBlastRadius=2 eliteDamage=0.3 eliteApproachRange=4.5 absoluteEnemyCap=50 backlogSize=10 backlogDrainPerTick=2 spawnRadius=17 eliteCooldownTicks=42 phases=17-23-29|8-6-5|5:1/3:2/1:1	6	3	2	3		0.780	0.179	0.351	0.250	0	20.37	0.331		skilled 8/8;I3;I8;I10
R e13/s18 5:1/3:1/2:1 c17-23-29 i10-8-6 R13 R9.5 H20 MS0.132 AI17 MS0.07 AI34 ST1500 TT40 BR3.4 D0.4 AR4.5 EC70 S16 DPT2 R18 CT42	engageRadius=13 leashRadius=9.5 eliteHp=20 meleeMoveSpeed=0.132 meleeAttackInterval=17 shooterMoveSpeed=0.07 shooterAttackInterval=34 eliteSpawnTick=1500 eliteTelegraphTicks=40 eliteBlastRadius=3.4 eliteDamage=0.4 eliteApproachRange=4.5 absoluteEnemyCap=70 backlogSize=16 backlogDrainPerTick=2 spawnRadius=18 eliteCooldownTicks=42 phases=17-23-29|10-8-6|5:1/3:1/2:1	8	8	8	8		0.455	0.129	0.293	0.033	0	11.43	0.173		I2;I2 windows;I3;I8;I10
R e12/s14 5:1/2:1/1:1 c16-22-28 i8-6-5 R12 R9 H21 MS0.136 AI18 MS0.055 AI32 ST1500 TT62 BR3 D0.3 AR4.5 EC50 S10 DPT2 R14 CT64	engageRadius=12 leashRadius=9 eliteHp=21 meleeMoveSpeed=0.136 meleeAttackInterval=18 shooterMoveSpeed=0.055 shooterAttackInterval=32 eliteSpawnTick=1500 eliteTelegraphTicks=62 eliteBlastRadius=3 eliteDamage=0.3 eliteApproachRange=4.5 absoluteEnemyCap=50 backlogSize=10 backlogDrainPerTick=2 spawnRadius=14 eliteCooldownTicks=64 phases=16-22-28|8-6-5|5:1/2:1/1:1	8	3	2	2		0.651	0.223	0.410	0.018	0	14.62	0.238		I2 windows;I3;I8
R e10/s12 5:1/2:1/2:3 c12-18-24 i9-8-6 R10 R10.5 H21 MS0.132 AI14 MS0.06 AI30 ST1500 TT54 BR3 D0.4 AR3.5 EC70 S10 DPT3 R12 CT56	engageRadius=10 leashRadius=10.5 eliteHp=21 meleeMoveSpeed=0.132 meleeAttackInterval=14 shooterMoveSpeed=0.06 shooterAttackInterval=30 eliteSpawnTick=1500 eliteTelegraphTicks=54 eliteBlastRadius=3 eliteDamage=0.4 eliteApproachRange=3.5 absoluteEnemyCap=70 backlogSize=10 backlogDrainPerTick=3 spawnRadius=12 eliteCooldownTicks=56 phases=12-18-24|9-8-6|5:1/2:1/2:3	8	6	2	2		0.634	0.290	0.333	0.011	0	7.84	0.167		I2 windows;I3;I8
R e13/s15 5:1/3:2/2:3 c16-22-28 i7-6-5 R13 R9 H20 MS0.145 AI18 MS0.06 AI32 ST1800 TT62 BR2 D0.4 AR4.9 EC50 S16 DPT2 R15 CT64	engageRadius=13 leashRadius=9 eliteHp=20 meleeMoveSpeed=0.145 meleeAttackInterval=18 shooterMoveSpeed=0.06 shooterAttackInterval=32 eliteSpawnTick=1800 eliteTelegraphTicks=62 eliteBlastRadius=2 eliteDamage=0.4 eliteApproachRange=4.9 absoluteEnemyCap=50 backlogSize=16 backlogDrainPerTick=2 spawnRadius=15 eliteCooldownTicks=64 phases=16-22-28|7-6-5|5:1/3:2/2:3	4	1	0	0		1.055	0.325	0.448	0.282	0	19.51	0.330		skilled 8/8;I2;I8
R e13/s16 5:1/3:2/1:1 c14-20-26 i9-8-6 R13 R10 H19 MS0.145 AI14 MS0.05 AI32 ST1650 TT54 BR2.4 D0.3 AR4.9 EC50 S12 DPT2 R16 CT56	engageRadius=13 leashRadius=10 eliteHp=19 meleeMoveSpeed=0.145 meleeAttackInterval=14 shooterMoveSpeed=0.05 shooterAttackInterval=32 eliteSpawnTick=1650 eliteTelegraphTicks=54 eliteBlastRadius=2.4 eliteDamage=0.3 eliteApproachRange=4.9 absoluteEnemyCap=50 backlogSize=12 backlogDrainPerTick=2 spawnRadius=16 eliteCooldownTicks=56 phases=14-20-26|9-8-6|5:1/3:2/1:1	8	5	2	2		0.522	0.220	0.243	0.059	0	11.70	0.205		I2;I2 windows;I3;I8
R e10/s14 6:1/2:1/1:1 c12-18-24 i9-8-6 R10 R8.5 H18 MS0.145 AI17 MS0.065 AI34 ST1800 TT54 BR3 D0.5 AR3.5 EC60 S16 DPT3 R14 CT56	engageRadius=10 leashRadius=8.5 eliteHp=18 meleeMoveSpeed=0.145 meleeAttackInterval=17 shooterMoveSpeed=0.065 shooterAttackInterval=34 eliteSpawnTick=1800 eliteTelegraphTicks=54 eliteBlastRadius=3 eliteDamage=0.5 eliteApproachRange=3.5 absoluteEnemyCap=60 backlogSize=16 backlogDrainPerTick=3 spawnRadius=14 eliteCooldownTicks=56 phases=12-18-24|9-8-6|6:1/2:1/1:1	8	4	5	6		0.458	0.166	0.159	0.134	0	8.68	0.238		I2;I3;I8;I10
R e12/s16 5:1/2:1/3:2 c14-20-26 i9-8-6 R12 R8.5 H18 MS0.145 AI14 MS0.07 AI26 ST1500 TT62 BR3.4 D0.5 AR3.5 EC60 S16 DPT2 R16 CT64	engageRadius=12 leashRadius=8.5 eliteHp=18 meleeMoveSpeed=0.145 meleeAttackInterval=14 shooterMoveSpeed=0.07 shooterAttackInterval=26 eliteSpawnTick=1500 eliteTelegraphTicks=62 eliteBlastRadius=3.4 eliteDamage=0.5 eliteApproachRange=3.5 absoluteEnemyCap=60 backlogSize=16 backlogDrainPerTick=2 spawnRadius=16 eliteCooldownTicks=64 phases=14-20-26|9-8-6|5:1/2:1/3:2	8	8	6	7		0.487	0.198	0.289	0.000	0	9.98	0.196		I2;I2 windows;I3;I8;I10
R e11/s14 5:1/2:1/2:3 c17-23-29 i8-6-5 R11 R10.5 H18 MS0.132 AI14 MS0.06 AI28 ST1650 TT62 BR3.4 D0.4 AR4.5 EC70 S10 DPT2 R14 CT64	engageRadius=11 leashRadius=10.5 eliteHp=18 meleeMoveSpeed=0.132 meleeAttackInterval=14 shooterMoveSpeed=0.06 shooterAttackInterval=28 eliteSpawnTick=1650 eliteTelegraphTicks=62 eliteBlastRadius=3.4 eliteDamage=0.4 eliteApproachRange=4.5 absoluteEnemyCap=70 backlogSize=10 backlogDrainPerTick=2 spawnRadius=14 eliteCooldownTicks=64 phases=17-23-29|8-6-5|5:1/2:1/2:3	5	2	0	0		1.025	0.328	0.571	0.126	0	15.15	0.243		skilled 8/8;I2;I2 windows;I8
R e13/s17 5:1/3:1/1:1 c12-18-24 i10-8-6 R13 R10 H19 MS0.136 AI14 MS0.05 AI34 ST1500 TT48 BR2.4 D0.3 AR3.5 EC50 S12 DPT2 R17 CT50	engageRadius=13 leashRadius=10 eliteHp=19 meleeMoveSpeed=0.136 meleeAttackInterval=14 shooterMoveSpeed=0.05 shooterAttackInterval=34 eliteSpawnTick=1500 eliteTelegraphTicks=48 eliteBlastRadius=2.4 eliteDamage=0.3 eliteApproachRange=3.5 absoluteEnemyCap=50 backlogSize=12 backlogDrainPerTick=2 spawnRadius=17 eliteCooldownTicks=50 phases=12-18-24|10-8-6|5:1/3:1/1:1	8	8	8	8		0.434	0.157	0.264	0.013	0	10.68	0.170		I2;I2 windows;I3;I8;I10
R e10/s15 5:1/3:2/2:3 c17-23-29 i9-8-6 R10 R11 H20 MS0.128 AI15 MS0.05 AI28 ST1650 TT62 BR2.4 D0.4 AR4.9 EC70 S12 DPT3 R15 CT64	engageRadius=10 leashRadius=11 eliteHp=20 meleeMoveSpeed=0.128 meleeAttackInterval=15 shooterMoveSpeed=0.05 shooterAttackInterval=28 eliteSpawnTick=1650 eliteTelegraphTicks=62 eliteBlastRadius=2.4 eliteDamage=0.4 eliteApproachRange=4.9 absoluteEnemyCap=70 backlogSize=12 backlogDrainPerTick=3 spawnRadius=15 eliteCooldownTicks=64 phases=17-23-29|9-8-6|5:1/3:2/2:3	8	6	3	3		0.488	0.222	0.224	0.042	0	10.27	0.232		I2;I2 windows;I3;I8;I10
R e13/s15 5:1/3:1/3:2 c12-18-24 i10-7-5 R13 R11 H20 MS0.145 AI18 MS0.05 AI30 ST1650 TT62 BR2 D0.5 AR4.9 EC60 S16 DPT3 R15 CT64	engageRadius=13 leashRadius=11 eliteHp=20 meleeMoveSpeed=0.145 meleeAttackInterval=18 shooterMoveSpeed=0.05 shooterAttackInterval=30 eliteSpawnTick=1650 eliteTelegraphTicks=62 eliteBlastRadius=2 eliteDamage=0.5 eliteApproachRange=4.9 absoluteEnemyCap=60 backlogSize=16 backlogDrainPerTick=3 spawnRadius=15 eliteCooldownTicks=64 phases=12-18-24|10-7-5|5:1/3:1/3:2	8	5	2	2		0.633	0.208	0.355	0.070	0	10.20	0.176		I2 windows;I3;I8
R e11/s15 5:1/2:1/1:1 c14-20-26 i8-6-5 R11 R10 H20 MS0.14 AI18 MS0.05 AI26 ST1650 TT40 BR2.4 D0.5 AR4.9 EC70 S10 DPT3 R15 CT42	engageRadius=11 leashRadius=10 eliteHp=20 meleeMoveSpeed=0.14 meleeAttackInterval=18 shooterMoveSpeed=0.05 shooterAttackInterval=26 eliteSpawnTick=1650 eliteTelegraphTicks=40 eliteBlastRadius=2.4 eliteDamage=0.5 eliteApproachRange=4.9 absoluteEnemyCap=70 backlogSize=10 backlogDrainPerTick=3 spawnRadius=15 eliteCooldownTicks=42 phases=14-20-26|8-6-5|5:1/2:1/1:1	5	3	0	0		0.949	0.268	0.493	0.188	0	16.67	0.263		skilled 8/8;I2;I2 windows;I8
R e12/s15 7:1/3:1/1:1 c12-18-24 i10-8-6 R12 R10 H22 MS0.128 AI18 MS0.06 AI30 ST1800 TT48 BR3 D0.5 AR4.9 EC60 S10 DPT3 R15 CT50	engageRadius=12 leashRadius=10 eliteHp=22 meleeMoveSpeed=0.128 meleeAttackInterval=18 shooterMoveSpeed=0.06 shooterAttackInterval=30 eliteSpawnTick=1800 eliteTelegraphTicks=48 eliteBlastRadius=3 eliteDamage=0.5 eliteApproachRange=4.9 absoluteEnemyCap=60 backlogSize=10 backlogDrainPerTick=3 spawnRadius=15 eliteCooldownTicks=50 phases=12-18-24|10-8-6|7:1/3:1/1:1	8	8	6	6		0.493	0.136	0.180	0.177	0	9.50	0.236		I2;I3;I8;I10
R e13/s18 9:2/3:1/2:1 c14-20-26 i7-6-5 R13 R11 H18 MS0.145 AI18 MS0.055 AI26 ST1650 TT40 BR3.4 D0.4 AR4.9 EC70 S10 DPT3 R18 CT42	engageRadius=13 leashRadius=11 eliteHp=18 meleeMoveSpeed=0.145 meleeAttackInterval=18 shooterMoveSpeed=0.055 shooterAttackInterval=26 eliteSpawnTick=1650 eliteTelegraphTicks=40 eliteBlastRadius=3.4 eliteDamage=0.4 eliteApproachRange=4.9 absoluteEnemyCap=70 backlogSize=10 backlogDrainPerTick=3 spawnRadius=18 eliteCooldownTicks=42 phases=14-20-26|7-6-5|9:2/3:1/2:1	5	3	1	1		0.962	0.343	0.498	0.121	0	20.31	0.225		skilled 8/8;I2;I2 windows;I3;I8
R e11/s16 9:2/3:1/2:1 c16-22-28 i10-8-6 R11 R9.5 H19 MS0.128 AI18 MS0.07 AI32 ST1650 TT54 BR3.4 D0.4 AR4.5 EC60 S10 DPT3 R16 CT56	engageRadius=11 leashRadius=9.5 eliteHp=19 meleeMoveSpeed=0.128 meleeAttackInterval=18 shooterMoveSpeed=0.07 shooterAttackInterval=32 eliteSpawnTick=1650 eliteTelegraphTicks=54 eliteBlastRadius=3.4 eliteDamage=0.4 eliteApproachRange=4.5 absoluteEnemyCap=60 backlogSize=10 backlogDrainPerTick=3 spawnRadius=16 eliteCooldownTicks=56 phases=16-22-28|10-8-6|9:2/3:1/2:1	8	7	6	7		0.385	0.131	0.192	0.062	0	9.78	0.224		I2;I2 windows;I3;I8;I10
R e12/s17 5:1/2:1/3:2 c14-20-26 i8-7-5 R12 R11 H20 MS0.14 AI14 MS0.06 AI32 ST1650 TT54 BR2.4 D0.5 AR4.9 EC60 S16 DPT2 R17 CT56	engageRadius=12 leashRadius=11 eliteHp=20 meleeMoveSpeed=0.14 meleeAttackInterval=14 shooterMoveSpeed=0.06 shooterAttackInterval=32 eliteSpawnTick=1650 eliteTelegraphTicks=54 eliteBlastRadius=2.4 eliteDamage=0.5 eliteApproachRange=4.9 absoluteEnemyCap=60 backlogSize=16 backlogDrainPerTick=2 spawnRadius=17 eliteCooldownTicks=56 phases=14-20-26|8-7-5|5:1/2:1/3:2	8	4	2	2		0.825	0.309	0.358	0.158	0	14.14	0.180		I2;I3;I8
R e11/s13 5:1/3:1/2:1 c14-20-26 i8-6-5 R11 R9.5 H22 MS0.14 AI18 MS0.055 AI34 ST1500 TT62 BR3 D0.4 AR3.5 EC50 S16 DPT2 R13 CT64	engageRadius=11 leashRadius=9.5 eliteHp=22 meleeMoveSpeed=0.14 meleeAttackInterval=18 shooterMoveSpeed=0.055 shooterAttackInterval=34 eliteSpawnTick=1500 eliteTelegraphTicks=62 eliteBlastRadius=3 eliteDamage=0.4 eliteApproachRange=3.5 absoluteEnemyCap=50 backlogSize=16 backlogDrainPerTick=2 spawnRadius=13 eliteCooldownTicks=64 phases=14-20-26|8-6-5|5:1/3:1/2:1	7	2	1	2		0.845	0.252	0.550	0.043	0	13.96	0.201		skilled 8/8;I2;I2 windows;I3;I8
R e12/s16 6:1/3:1/2:1 c14-20-26 i8-6-5 R12 R8.5 H22 MS0.128 AI15 MS0.05 AI32 ST1650 TT40 BR2.4 D0.3 AR4.9 EC60 S12 DPT3 R16 CT42	engageRadius=12 leashRadius=8.5 eliteHp=22 meleeMoveSpeed=0.128 meleeAttackInterval=15 shooterMoveSpeed=0.05 shooterAttackInterval=32 eliteSpawnTick=1650 eliteTelegraphTicks=40 eliteBlastRadius=2.4 eliteDamage=0.3 eliteApproachRange=4.9 absoluteEnemyCap=60 backlogSize=12 backlogDrainPerTick=3 spawnRadius=16 eliteCooldownTicks=42 phases=14-20-26|8-6-5|6:1/3:1/2:1	8	4	3	3		0.739	0.201	0.391	0.147	0	17.74	0.218		I3;I8;I10
R e10/s14 5:1/3:1/1:1 c12-18-24 i7-6-5 R10 R10.5 H21 MS0.128 AI14 MS0.06 AI32 ST1800 TT54 BR3 D0.4 AR3.5 EC50 S12 DPT2 R14 CT56	engageRadius=10 leashRadius=10.5 eliteHp=21 meleeMoveSpeed=0.128 meleeAttackInterval=14 shooterMoveSpeed=0.06 shooterAttackInterval=32 eliteSpawnTick=1800 eliteTelegraphTicks=54 eliteBlastRadius=3 eliteDamage=0.4 eliteApproachRange=3.5 absoluteEnemyCap=50 backlogSize=12 backlogDrainPerTick=2 spawnRadius=14 eliteCooldownTicks=56 phases=12-18-24|7-6-5|5:1/3:1/1:1	3	1	0	0		1.172	0.362	0.590	0.220	0	17.79	0.202		skilled 8/8;I2;I2 windows;I8
R e10/s13 5:1/3:1/1:1 c14-20-26 i10-7-5 R10 R10.5 H20 MS0.128 AI18 MS0.06 AI28 ST1650 TT48 BR2 D0.4 AR3.5 EC70 S10 DPT3 R13 CT50	engageRadius=10 leashRadius=10.5 eliteHp=20 meleeMoveSpeed=0.128 meleeAttackInterval=18 shooterMoveSpeed=0.06 shooterAttackInterval=28 eliteSpawnTick=1650 eliteTelegraphTicks=48 eliteBlastRadius=2 eliteDamage=0.4 eliteApproachRange=3.5 absoluteEnemyCap=70 backlogSize=10 backlogDrainPerTick=3 spawnRadius=13 eliteCooldownTicks=50 phases=14-20-26|10-7-5|5:1/3:1/1:1	8	5	2	2		0.540	0.168	0.283	0.089	0	9.30	0.224		I2;I2 windows;I3;I8
R e12/s15 5:1/2:1/2:3 c14-20-26 i10-7-5 R12 R9.5 H19 MS0.132 AI16 MS0.065 AI26 ST1800 TT62 BR2.4 D0.3 AR4.5 EC70 S16 DPT2 R15 CT64	engageRadius=12 leashRadius=9.5 eliteHp=19 meleeMoveSpeed=0.132 meleeAttackInterval=16 shooterMoveSpeed=0.065 shooterAttackInterval=26 eliteSpawnTick=1800 eliteTelegraphTicks=62 eliteBlastRadius=2.4 eliteDamage=0.3 eliteApproachRange=4.5 absoluteEnemyCap=70 backlogSize=16 backlogDrainPerTick=2 spawnRadius=15 eliteCooldownTicks=64 phases=14-20-26|10-7-5|5:1/2:1/2:3	8	3	3	3		0.599	0.150	0.290	0.159	0	11.22	0.327		I3;I8;I10
R e12/s17 5:1/2:1/2:3 c12-18-24 i7-6-5 R12 R10 H21 MS0.136 AI14 MS0.05 AI32 ST1650 TT40 BR2.4 D0.5 AR4.9 EC50 S10 DPT3 R17 CT42	engageRadius=12 leashRadius=10 eliteHp=21 meleeMoveSpeed=0.136 meleeAttackInterval=14 shooterMoveSpeed=0.05 shooterAttackInterval=32 eliteSpawnTick=1650 eliteTelegraphTicks=40 eliteBlastRadius=2.4 eliteDamage=0.5 eliteApproachRange=4.9 absoluteEnemyCap=50 backlogSize=10 backlogDrainPerTick=3 spawnRadius=17 eliteCooldownTicks=42 phases=12-18-24|7-6-5|5:1/2:1/2:3	4	2	1	1		1.025	0.358	0.555	0.112	0	20.48	0.208		skilled 8/8;I2;I2 windows;I3;I8
R e13/s18 5:1/3:2/2:3 c14-20-26 i10-7-5 R13 R11 H22 MS0.136 AI14 MS0.055 AI30 ST1650 TT48 BR2 D0.3 AR3.5 EC50 S16 DPT2 R18 CT50	engageRadius=13 leashRadius=11 eliteHp=22 meleeMoveSpeed=0.136 meleeAttackInterval=14 shooterMoveSpeed=0.055 shooterAttackInterval=30 eliteSpawnTick=1650 eliteTelegraphTicks=48 eliteBlastRadius=2 eliteDamage=0.3 eliteApproachRange=3.5 absoluteEnemyCap=50 backlogSize=16 backlogDrainPerTick=2 spawnRadius=18 eliteCooldownTicks=50 phases=14-20-26|10-7-5|5:1/3:2/2:3	8	4	3	3		0.593	0.178	0.338	0.076	0	13.90	0.236		I2 windows;I3;I8;I10
R e13/s15 5:1/3:1/3:2 c12-18-24 i10-8-6 R13 R10 H22 MS0.128 AI14 MS0.065 AI26 ST1500 TT48 BR2.4 D0.3 AR4.9 EC70 S10 DPT2 R15 CT50	engageRadius=13 leashRadius=10 eliteHp=22 meleeMoveSpeed=0.128 meleeAttackInterval=14 shooterMoveSpeed=0.065 shooterAttackInterval=26 eliteSpawnTick=1500 eliteTelegraphTicks=48 eliteBlastRadius=2.4 eliteDamage=0.3 eliteApproachRange=4.9 absoluteEnemyCap=70 backlogSize=10 backlogDrainPerTick=2 spawnRadius=15 eliteCooldownTicks=50 phases=12-18-24|10-8-6|5:1/3:1/3:2	8	7	4	6		0.475	0.163	0.284	0.027	0	9.36	0.204		I2;I2 windows;I3;I8;I10
R e12/s17 5:1/3:2/1:1 c12-18-24 i7-6-5 R12 R10.5 H22 MS0.145 AI14 MS0.055 AI28 ST1650 TT54 BR3 D0.4 AR4.5 EC50 S12 DPT3 R17 CT56	engageRadius=12 leashRadius=10.5 eliteHp=22 meleeMoveSpeed=0.145 meleeAttackInterval=14 shooterMoveSpeed=0.055 shooterAttackInterval=28 eliteSpawnTick=1650 eliteTelegraphTicks=54 eliteBlastRadius=3 eliteDamage=0.4 eliteApproachRange=4.5 absoluteEnemyCap=50 backlogSize=12 backlogDrainPerTick=3 spawnRadius=17 eliteCooldownTicks=56 phases=12-18-24|7-6-5|5:1/3:2/1:1	4	1	0	0		1.056	0.385	0.565	0.105	0	19.42	0.236		skilled 8/8;I2;I2 windows;I8
R e10/s14 7:1/3:1/1:1 c17-23-29 i9-7-5 R10 R8.5 H21 MS0.14 AI16 MS0.065 AI26 ST1650 TT40 BR2 D0.4 AR4.9 EC60 S12 DPT3 R14 CT42	engageRadius=10 leashRadius=8.5 eliteHp=21 meleeMoveSpeed=0.14 meleeAttackInterval=16 shooterMoveSpeed=0.065 shooterAttackInterval=26 eliteSpawnTick=1650 eliteTelegraphTicks=40 eliteBlastRadius=2 eliteDamage=0.4 eliteApproachRange=4.9 absoluteEnemyCap=60 backlogSize=12 backlogDrainPerTick=3 spawnRadius=14 eliteCooldownTicks=42 phases=17-23-29|9-7-5|7:1/3:1/1:1	8	3	2	2		0.580	0.172	0.301	0.107	0	10.16	0.192		I3;I8
R e12/s17 5:1/3:1/3:2 c16-22-28 i8-6-5 R12 R10.5 H20 MS0.132 AI18 MS0.065 AI34 ST1500 TT54 BR3 D0.5 AR4.9 EC70 S10 DPT3 R17 CT56	engageRadius=12 leashRadius=10.5 eliteHp=20 meleeMoveSpeed=0.132 meleeAttackInterval=18 shooterMoveSpeed=0.065 shooterAttackInterval=34 eliteSpawnTick=1500 eliteTelegraphTicks=54 eliteBlastRadius=3 eliteDamage=0.5 eliteApproachRange=4.9 absoluteEnemyCap=70 backlogSize=10 backlogDrainPerTick=3 spawnRadius=17 eliteCooldownTicks=56 phases=16-22-28|8-6-5|5:1/3:1/3:2	8	6	2	4		0.765	0.227	0.492	0.045	0	18.11	0.247		I2 windows;I3;I8;I10
R e12/s14 5:1/3:1/1:1 c14-20-26 i7-6-5 R12 R10 H22 MS0.136 AI14 MS0.05 AI32 ST1500 TT62 BR3.4 D0.4 AR4.9 EC50 S10 DPT3 R14 CT64	engageRadius=12 leashRadius=10 eliteHp=22 meleeMoveSpeed=0.136 meleeAttackInterval=14 shooterMoveSpeed=0.05 shooterAttackInterval=32 eliteSpawnTick=1500 eliteTelegraphTicks=62 eliteBlastRadius=3.4 eliteDamage=0.4 eliteApproachRange=4.9 absoluteEnemyCap=50 backlogSize=10 backlogDrainPerTick=3 spawnRadius=14 eliteCooldownTicks=64 phases=14-20-26|7-6-5|5:1/3:1/1:1	3	1	0	0		1.055	0.403	0.611	0.041	0	16.89	0.158		skilled 8/8;I2;I2 windows;I8
R e12/s14 5:1/2:1/3:2 c12-18-24 i10-7-5 R12 R8.5 H21 MS0.132 AI18 MS0.06 AI34 ST1650 TT48 BR3.4 D0.4 AR4.9 EC60 S12 DPT2 R14 CT50	engageRadius=12 leashRadius=8.5 eliteHp=21 meleeMoveSpeed=0.132 meleeAttackInterval=18 shooterMoveSpeed=0.06 shooterAttackInterval=34 eliteSpawnTick=1650 eliteTelegraphTicks=48 eliteBlastRadius=3.4 eliteDamage=0.4 eliteApproachRange=4.9 absoluteEnemyCap=60 backlogSize=12 backlogDrainPerTick=2 spawnRadius=14 eliteCooldownTicks=50 phases=12-18-24|10-7-5|5:1/2:1/3:2	8	7	5	6		0.464	0.121	0.267	0.076	0	10.49	0.252		I2;I2 windows;I3;I8;I10
R e13/s16 5:1/2:1/3:2 c16-22-28 i8-6-5 R13 R9 H20 MS0.128 AI15 MS0.07 AI26 ST1650 TT62 BR3 D0.5 AR4.9 EC60 S12 DPT2 R16 CT64	engageRadius=13 leashRadius=9 eliteHp=20 meleeMoveSpeed=0.128 meleeAttackInterval=15 shooterMoveSpeed=0.07 shooterAttackInterval=26 eliteSpawnTick=1650 eliteTelegraphTicks=62 eliteBlastRadius=3 eliteDamage=0.5 eliteApproachRange=4.9 absoluteEnemyCap=60 backlogSize=12 backlogDrainPerTick=2 spawnRadius=16 eliteCooldownTicks=64 phases=16-22-28|8-6-5|5:1/2:1/3:2	8	3	1	1		0.835	0.211	0.411	0.212	0	17.92	0.346		I2;I3;I8
R e11/s13 5:1/3:2/2:3 c17-23-29 i7-6-5 R11 R11 H18 MS0.128 AI17 MS0.065 AI26 ST1500 TT48 BR2.4 D0.5 AR3.5 EC50 S12 DPT3 R13 CT50	engageRadius=11 leashRadius=11 eliteHp=18 meleeMoveSpeed=0.128 meleeAttackInterval=17 shooterMoveSpeed=0.065 shooterAttackInterval=26 eliteSpawnTick=1500 eliteTelegraphTicks=48 eliteBlastRadius=2.4 eliteDamage=0.5 eliteApproachRange=3.5 absoluteEnemyCap=50 backlogSize=12 backlogDrainPerTick=3 spawnRadius=13 eliteCooldownTicks=50 phases=17-23-29|7-6-5|5:1/3:2/2:3	6	3	0	0		0.886	0.343	0.531	0.012	0	15.73	0.324		skilled 8/8;I2;I2 windows;I8
R e11/s13 7:1/3:1/1:1 c12-18-24 i10-8-6 R11 R10 H22 MS0.132 AI16 MS0.05 AI28 ST1650 TT48 BR2 D0.5 AR4.9 EC70 S16 DPT2 R13 CT50	engageRadius=11 leashRadius=10 eliteHp=22 meleeMoveSpeed=0.132 meleeAttackInterval=16 shooterMoveSpeed=0.05 shooterAttackInterval=28 eliteSpawnTick=1650 eliteTelegraphTicks=48 eliteBlastRadius=2 eliteDamage=0.5 eliteApproachRange=4.9 absoluteEnemyCap=70 backlogSize=16 backlogDrainPerTick=2 spawnRadius=13 eliteCooldownTicks=50 phases=12-18-24|10-8-6|7:1/3:1/1:1	8	6	2	2		0.510	0.175	0.264	0.071	0	7.55	0.177		I2;I2 windows;I3;I8
R e10/s14 6:1/2:1/1:1 c17-23-29 i9-7-5 R10 R8.5 H22 MS0.136 AI15 MS0.055 AI32 ST1650 TT40 BR3.4 D0.3 AR4.9 EC70 S10 DPT3 R14 CT42	engageRadius=10 leashRadius=8.5 eliteHp=22 meleeMoveSpeed=0.136 meleeAttackInterval=15 shooterMoveSpeed=0.055 shooterAttackInterval=32 eliteSpawnTick=1650 eliteTelegraphTicks=40 eliteBlastRadius=3.4 eliteDamage=0.3 eliteApproachRange=4.9 absoluteEnemyCap=70 backlogSize=10 backlogDrainPerTick=3 spawnRadius=14 eliteCooldownTicks=42 phases=17-23-29|9-7-5|6:1/2:1/1:1	8	3	2	2		0.624	0.178	0.289	0.158	0	11.34	0.231		I3;I8
R e10/s14 5:1/2:1/1:1 c16-22-28 i10-8-6 R10 R10 H19 MS0.136 AI15 MS0.05 AI30 ST1500 TT48 BR3 D0.4 AR4.9 EC70 S10 DPT3 R14 CT50	engageRadius=10 leashRadius=10 eliteHp=19 meleeMoveSpeed=0.136 meleeAttackInterval=15 shooterMoveSpeed=0.05 shooterAttackInterval=30 eliteSpawnTick=1500 eliteTelegraphTicks=48 eliteBlastRadius=3 eliteDamage=0.4 eliteApproachRange=4.9 absoluteEnemyCap=70 backlogSize=10 backlogDrainPerTick=3 spawnRadius=14 eliteCooldownTicks=50 phases=16-22-28|10-8-6|5:1/2:1/1:1	8	8	5	8		0.474	0.194	0.261	0.020	0	8.76	0.193		I2;I2 windows;I3;I8;I10
R e10/s12 5:1/3:1/1:1 c12-18-24 i10-7-5 R10 R11 H21 MS0.136 AI16 MS0.05 AI26 ST1500 TT62 BR2.4 D0.3 AR3.5 EC70 S10 DPT3 R12 CT64	engageRadius=10 leashRadius=11 eliteHp=21 meleeMoveSpeed=0.136 meleeAttackInterval=16 shooterMoveSpeed=0.05 shooterAttackInterval=26 eliteSpawnTick=1500 eliteTelegraphTicks=62 eliteBlastRadius=2.4 eliteDamage=0.3 eliteApproachRange=3.5 absoluteEnemyCap=70 backlogSize=10 backlogDrainPerTick=3 spawnRadius=12 eliteCooldownTicks=64 phases=12-18-24|10-7-5|5:1/3:1/1:1	8	5	2	3		0.659	0.238	0.417	0.004	0	8.61	0.173		I2 windows;I3;I8;I10
R e13/s18 5:1/3:1/2:1 c16-22-28 i7-6-5 R13 R8.5 H18 MS0.136 AI18 MS0.05 AI26 ST1500 TT62 BR2.4 D0.3 AR4.9 EC60 S10 DPT2 R18 CT64	engageRadius=13 leashRadius=8.5 eliteHp=18 meleeMoveSpeed=0.136 meleeAttackInterval=18 shooterMoveSpeed=0.05 shooterAttackInterval=26 eliteSpawnTick=1500 eliteTelegraphTicks=62 eliteBlastRadius=2.4 eliteDamage=0.3 eliteApproachRange=4.9 absoluteEnemyCap=60 backlogSize=10 backlogDrainPerTick=2 spawnRadius=18 eliteCooldownTicks=64 phases=16-22-28|7-6-5|5:1/3:1/2:1	7	6	4	4		0.631	0.231	0.381	0.020	0	20.93	0.247		skilled 8/8;I2 windows;I3;I8;I10
R e11/s16 5:1/3:1/2:1 c17-23-29 i10-7-5 R11 R10 H19 MS0.145 AI15 MS0.06 AI32 ST1650 TT54 BR3.4 D0.3 AR3.5 EC50 S16 DPT3 R16 CT56	engageRadius=11 leashRadius=10 eliteHp=19 meleeMoveSpeed=0.145 meleeAttackInterval=15 shooterMoveSpeed=0.06 shooterAttackInterval=32 eliteSpawnTick=1650 eliteTelegraphTicks=54 eliteBlastRadius=3.4 eliteDamage=0.3 eliteApproachRange=3.5 absoluteEnemyCap=50 backlogSize=16 backlogDrainPerTick=3 spawnRadius=16 eliteCooldownTicks=56 phases=17-23-29|10-7-5|5:1/3:1/2:1	8	5	2	3		0.645	0.182	0.347	0.116	0	11.34	0.159		I3;I8;I10
R e12/s15 6:1/2:1/1:1 c16-22-28 i10-8-6 R12 R9.5 H18 MS0.145 AI16 MS0.06 AI32 ST1500 TT40 BR3.4 D0.4 AR3.5 EC50 S10 DPT3 R15 CT42	engageRadius=12 leashRadius=9.5 eliteHp=18 meleeMoveSpeed=0.145 meleeAttackInterval=16 shooterMoveSpeed=0.06 shooterAttackInterval=32 eliteSpawnTick=1500 eliteTelegraphTicks=40 eliteBlastRadius=3.4 eliteDamage=0.4 eliteApproachRange=3.5 absoluteEnemyCap=50 backlogSize=10 backlogDrainPerTick=3 spawnRadius=15 eliteCooldownTicks=42 phases=16-22-28|10-8-6|6:1/2:1/1:1	8	8	7	8		0.489	0.171	0.296	0.022	0	9.01	0.166		I2;I2 windows;I3;I8;I10
R e10/s15 5:1/2:1/3:2 c12-18-24 i7-6-5 R10 R8.5 H19 MS0.14 AI17 MS0.07 AI28 ST1500 TT48 BR3 D0.5 AR4.5 EC60 S10 DPT2 R15 CT50	engageRadius=10 leashRadius=8.5 eliteHp=19 meleeMoveSpeed=0.14 meleeAttackInterval=17 shooterMoveSpeed=0.07 shooterAttackInterval=28 eliteSpawnTick=1500 eliteTelegraphTicks=48 eliteBlastRadius=3 eliteDamage=0.5 eliteApproachRange=4.5 absoluteEnemyCap=60 backlogSize=10 backlogDrainPerTick=2 spawnRadius=15 eliteCooldownTicks=50 phases=12-18-24|7-6-5|5:1/2:1/3:2	5	3	1	1		0.935	0.333	0.600	0.002	0	17.81	0.263		skilled 8/8;I2;I2 windows;I3;I8
R e10/s14 5:1/3:2/1:1 c17-23-29 i8-6-5 R10 R10.5 H20 MS0.132 AI18 MS0.065 AI32 ST1500 TT62 BR3 D0.4 AR3.5 EC70 S16 DPT2 R14 CT64	engageRadius=10 leashRadius=10.5 eliteHp=20 meleeMoveSpeed=0.132 meleeAttackInterval=18 shooterMoveSpeed=0.065 shooterAttackInterval=32 eliteSpawnTick=1500 eliteTelegraphTicks=62 eliteBlastRadius=3 eliteDamage=0.4 eliteApproachRange=3.5 absoluteEnemyCap=70 backlogSize=16 backlogDrainPerTick=2 spawnRadius=14 eliteCooldownTicks=64 phases=17-23-29|8-6-5|5:1/3:2/1:1	6	3	1	2		0.797	0.283	0.474	0.040	0	14.61	0.284		skilled 8/8;I2 windows;I3;I8
R e12/s17 5:1/3:2/2:3 c14-20-26 i8-6-5 R12 R9.5 H21 MS0.14 AI16 MS0.055 AI34 ST1500 TT48 BR2.4 D0.5 AR4.9 EC70 S10 DPT2 R17 CT50	engageRadius=12 leashRadius=9.5 eliteHp=21 meleeMoveSpeed=0.14 meleeAttackInterval=16 shooterMoveSpeed=0.055 shooterAttackInterval=34 eliteSpawnTick=1500 eliteTelegraphTicks=48 eliteBlastRadius=2.4 eliteDamage=0.5 eliteApproachRange=4.9 absoluteEnemyCap=70 backlogSize=10 backlogDrainPerTick=2 spawnRadius=17 eliteCooldownTicks=50 phases=14-20-26|8-6-5|5:1/3:2/2:3	8	3	2	2		0.745	0.253	0.478	0.014	0	18.44	0.251		I2 windows;I3;I8
R e11/s13 6:1/3:1/2:1 c14-20-26 i9-7-5 R11 R10 H21 MS0.145 AI17 MS0.07 AI34 ST1650 TT40 BR2 D0.4 AR3.5 EC70 S16 DPT3 R13 CT42	engageRadius=11 leashRadius=10 eliteHp=21 meleeMoveSpeed=0.145 meleeAttackInterval=17 shooterMoveSpeed=0.07 shooterAttackInterval=34 eliteSpawnTick=1650 eliteTelegraphTicks=40 eliteBlastRadius=2 eliteDamage=0.4 eliteApproachRange=3.5 absoluteEnemyCap=70 backlogSize=16 backlogDrainPerTick=3 spawnRadius=13 eliteCooldownTicks=42 phases=14-20-26|9-7-5|6:1/3:1/2:1	8	3	2	2		0.735	0.253	0.358	0.125	0	9.95	0.167		I3;I8
R e13/s16 5:1/2:1/2:3 c14-20-26 i8-7-5 R13 R9 H19 MS0.128 AI16 MS0.065 AI32 ST1650 TT48 BR2 D0.5 AR4.9 EC60 S12 DPT3 R16 CT50	engageRadius=13 leashRadius=9 eliteHp=19 meleeMoveSpeed=0.128 meleeAttackInterval=16 shooterMoveSpeed=0.065 shooterAttackInterval=32 eliteSpawnTick=1650 eliteTelegraphTicks=48 eliteBlastRadius=2 eliteDamage=0.5 eliteApproachRange=4.9 absoluteEnemyCap=60 backlogSize=12 backlogDrainPerTick=3 spawnRadius=16 eliteCooldownTicks=50 phases=14-20-26|8-7-5|5:1/2:1/2:3	8	4	3	3		0.537	0.213	0.262	0.062	0	13.85	0.242		I2;I2 windows;I3;I8;I10
R e10/s12 5:1/3:2/2:3 c12-18-24 i8-6-5 R10 R11 H20 MS0.128 AI17 MS0.055 AI28 ST1800 TT48 BR3 D0.5 AR4.9 EC70 S16 DPT3 R12 CT50	engageRadius=10 leashRadius=11 eliteHp=20 meleeMoveSpeed=0.128 meleeAttackInterval=17 shooterMoveSpeed=0.055 shooterAttackInterval=28 eliteSpawnTick=1800 eliteTelegraphTicks=48 eliteBlastRadius=3 eliteDamage=0.5 eliteApproachRange=4.9 absoluteEnemyCap=70 backlogSize=16 backlogDrainPerTick=3 spawnRadius=12 eliteCooldownTicks=50 phases=12-18-24|8-6-5|5:1/3:2/2:3	5	2	0	0		1.009	0.302	0.424	0.283	0	15.09	0.312		skilled 8/8;I2;I8
R e13/s16 5:1/2:1/1:1 c12-18-24 i10-8-6 R13 R10.5 H21 MS0.128 AI17 MS0.07 AI26 ST1800 TT40 BR3 D0.3 AR4.9 EC50 S12 DPT3 R16 CT42	engageRadius=13 leashRadius=10.5 eliteHp=21 meleeMoveSpeed=0.128 meleeAttackInterval=17 shooterMoveSpeed=0.07 shooterAttackInterval=26 eliteSpawnTick=1800 eliteTelegraphTicks=40 eliteBlastRadius=3 eliteDamage=0.3 eliteApproachRange=4.9 absoluteEnemyCap=50 backlogSize=12 backlogDrainPerTick=3 spawnRadius=16 eliteCooldownTicks=42 phases=12-18-24|10-8-6|5:1/2:1/1:1	8	6	4	4		0.579	0.174	0.211	0.195	0	10.83	0.309		I3;I8;I10
R e13/s17 9:2/3:1/2:1 c16-22-28 i8-7-5 R13 R11 H22 MS0.145 AI17 MS0.06 AI26 ST1650 TT54 BR3 D0.3 AR4.9 EC60 S12 DPT2 R17 CT56	engageRadius=13 leashRadius=11 eliteHp=22 meleeMoveSpeed=0.145 meleeAttackInterval=17 shooterMoveSpeed=0.06 shooterAttackInterval=26 eliteSpawnTick=1650 eliteTelegraphTicks=54 eliteBlastRadius=3 eliteDamage=0.3 eliteApproachRange=4.9 absoluteEnemyCap=60 backlogSize=12 backlogDrainPerTick=2 spawnRadius=17 eliteCooldownTicks=56 phases=16-22-28|8-7-5|9:2/3:1/2:1	7	2	1	1		0.824	0.299	0.392	0.133	0	14.16	0.197		skilled 8/8;I2;I3;I8
R e13/s15 6:1/2:1/1:1 c14-20-26 i8-6-5 R13 R10 H18 MS0.132 AI16 MS0.06 AI32 ST1650 TT54 BR2 D0.4 AR4.5 EC50 S12 DPT3 R15 CT56	engageRadius=13 leashRadius=10 eliteHp=18 meleeMoveSpeed=0.132 meleeAttackInterval=16 shooterMoveSpeed=0.06 shooterAttackInterval=32 eliteSpawnTick=1650 eliteTelegraphTicks=54 eliteBlastRadius=2 eliteDamage=0.4 eliteApproachRange=4.5 absoluteEnemyCap=50 backlogSize=12 backlogDrainPerTick=3 spawnRadius=15 eliteCooldownTicks=56 phases=14-20-26|8-6-5|6:1/2:1/1:1	8	4	0	1		0.749	0.232	0.433	0.084	0	16.09	0.290		I2 windows;I8
R e12/s16 5:1/3:2/1:1 c12-18-24 i7-6-5 R12 R9 H21 MS0.14 AI17 MS0.055 AI32 ST1500 TT62 BR3 D0.4 AR3.5 EC70 S12 DPT2 R16 CT64	engageRadius=12 leashRadius=9 eliteHp=21 meleeMoveSpeed=0.14 meleeAttackInterval=17 shooterMoveSpeed=0.055 shooterAttackInterval=32 eliteSpawnTick=1500 eliteTelegraphTicks=62 eliteBlastRadius=3 eliteDamage=0.4 eliteApproachRange=3.5 absoluteEnemyCap=70 backlogSize=12 backlogDrainPerTick=2 spawnRadius=16 eliteCooldownTicks=64 phases=12-18-24|7-6-5|5:1/3:2/1:1	8	3	3	2		0.767	0.282	0.444	0.040	0	18.25	0.274		I2 windows;I3;I8
R e12/s17 5:1/2:1/1:1 c12-18-24 i8-7-5 R12 R10 H21 MS0.14 AI14 MS0.055 AI30 ST1650 TT48 BR2.4 D0.4 AR4.9 EC50 S12 DPT2 R17 CT50	engageRadius=12 leashRadius=10 eliteHp=21 meleeMoveSpeed=0.14 meleeAttackInterval=14 shooterMoveSpeed=0.055 shooterAttackInterval=30 eliteSpawnTick=1650 eliteTelegraphTicks=48 eliteBlastRadius=2.4 eliteDamage=0.4 eliteApproachRange=4.9 absoluteEnemyCap=50 backlogSize=12 backlogDrainPerTick=2 spawnRadius=17 eliteCooldownTicks=50 phases=12-18-24|8-7-5|5:1/2:1/1:1	7	2	2	2		0.747	0.269	0.338	0.140	0	15.44	0.191		skilled 8/8;I3;I8
R e10/s13 5:1/2:1/3:2 c16-22-28 i9-8-6 R10 R10 H22 MS0.145 AI17 MS0.055 AI30 ST1650 TT40 BR2.4 D0.4 AR3.5 EC60 S10 DPT3 R13 CT42	engageRadius=10 leashRadius=10 eliteHp=22 meleeMoveSpeed=0.145 meleeAttackInterval=17 shooterMoveSpeed=0.055 shooterAttackInterval=30 eliteSpawnTick=1650 eliteTelegraphTicks=40 eliteBlastRadius=2.4 eliteDamage=0.4 eliteApproachRange=3.5 absoluteEnemyCap=60 backlogSize=10 backlogDrainPerTick=3 spawnRadius=13 eliteCooldownTicks=42 phases=16-22-28|9-8-6|5:1/2:1/3:2	8	4	2	2		0.584	0.253	0.280	0.051	0	7.97	0.193		I2 windows;I3;I8
R e11/s16 6:1/2:1/1:1 c16-22-28 i9-7-5 R11 R8.5 H18 MS0.132 AI17 MS0.07 AI26 ST1800 TT62 BR3.4 D0.3 AR3.5 EC60 S12 DPT2 R16 CT64	engageRadius=11 leashRadius=8.5 eliteHp=18 meleeMoveSpeed=0.132 meleeAttackInterval=17 shooterMoveSpeed=0.07 shooterAttackInterval=26 eliteSpawnTick=1800 eliteTelegraphTicks=62 eliteBlastRadius=3.4 eliteDamage=0.3 eliteApproachRange=3.5 absoluteEnemyCap=60 backlogSize=12 backlogDrainPerTick=2 spawnRadius=16 eliteCooldownTicks=64 phases=16-22-28|9-7-5|6:1/2:1/1:1	8	3	3	3		0.622	0.151	0.252	0.219	0	13.87	0.318		I3;I8;I10
R e10/s13 6:1/3:1/2:1 c14-20-26 i8-7-5 R10 R10 H22 MS0.128 AI15 MS0.06 AI26 ST1650 TT54 BR3 D0.3 AR3.5 EC70 S16 DPT3 R13 CT56	engageRadius=10 leashRadius=10 eliteHp=22 meleeMoveSpeed=0.128 meleeAttackInterval=15 shooterMoveSpeed=0.06 shooterAttackInterval=26 eliteSpawnTick=1650 eliteTelegraphTicks=54 eliteBlastRadius=3 eliteDamage=0.3 eliteApproachRange=3.5 absoluteEnemyCap=70 backlogSize=16 backlogDrainPerTick=3 spawnRadius=13 eliteCooldownTicks=56 phases=14-20-26|8-7-5|6:1/3:1/2:1	8	3	0	0		0.803	0.273	0.387	0.144	0	11.67	0.195		I2;I8
R e13/s17 9:2/3:1/2:1 c16-22-28 i9-7-5 R13 R9 H19 MS0.145 AI15 MS0.05 AI32 ST1800 TT40 BR3 D0.5 AR4.5 EC50 S16 DPT3 R17 CT42	engageRadius=13 leashRadius=9 eliteHp=19 meleeMoveSpeed=0.145 meleeAttackInterval=15 shooterMoveSpeed=0.05 shooterAttackInterval=32 eliteSpawnTick=1800 eliteTelegraphTicks=40 eliteBlastRadius=3 eliteDamage=0.5 eliteApproachRange=4.5 absoluteEnemyCap=50 backlogSize=16 backlogDrainPerTick=3 spawnRadius=17 eliteCooldownTicks=42 phases=16-22-28|9-7-5|9:2/3:1/2:1	7	3	2	2		0.740	0.179	0.287	0.274	0	14.68	0.169		skilled 8/8;I3;I8
R e12/s17 5:1/3:1/1:1 c16-22-28 i10-7-5 R12 R9 H20 MS0.145 AI14 MS0.055 AI26 ST1650 TT48 BR3 D0.5 AR4.9 EC50 S12 DPT2 R17 CT50	engageRadius=12 leashRadius=9 eliteHp=20 meleeMoveSpeed=0.145 meleeAttackInterval=14 shooterMoveSpeed=0.055 shooterAttackInterval=26 eliteSpawnTick=1650 eliteTelegraphTicks=48 eliteBlastRadius=3 eliteDamage=0.5 eliteApproachRange=4.9 absoluteEnemyCap=50 backlogSize=12 backlogDrainPerTick=2 spawnRadius=17 eliteCooldownTicks=50 phases=16-22-28|10-7-5|5:1/3:1/1:1	8	5	2	3		0.659	0.159	0.375	0.125	0	12.57	0.179		I3;I8;I10
R e11/s13 7:1/3:1/1:1 c16-22-28 i9-8-6 R11 R8.5 H22 MS0.128 AI16 MS0.07 AI32 ST1800 TT54 BR2.4 D0.3 AR4.5 EC50 S12 DPT3 R13 CT56	engageRadius=11 leashRadius=8.5 eliteHp=22 meleeMoveSpeed=0.128 meleeAttackInterval=16 shooterMoveSpeed=0.07 shooterAttackInterval=32 eliteSpawnTick=1800 eliteTelegraphTicks=54 eliteBlastRadius=2.4 eliteDamage=0.3 eliteApproachRange=4.5 absoluteEnemyCap=50 backlogSize=12 backlogDrainPerTick=3 spawnRadius=13 eliteCooldownTicks=56 phases=16-22-28|9-8-6|7:1/3:1/1:1	8	5	4	3		0.486	0.150	0.156	0.179	0	8.61	0.248		I2;I3;I8;I10
R e12/s14 6:1/2:1/1:1 c12-18-24 i7-6-5 R12 R11 H19 MS0.145 AI17 MS0.055 AI32 ST1800 TT54 BR3 D0.3 AR4.9 EC50 S16 DPT3 R14 CT56	engageRadius=12 leashRadius=11 eliteHp=19 meleeMoveSpeed=0.145 meleeAttackInterval=17 shooterMoveSpeed=0.055 shooterAttackInterval=32 eliteSpawnTick=1800 eliteTelegraphTicks=54 eliteBlastRadius=3 eliteDamage=0.3 eliteApproachRange=4.9 absoluteEnemyCap=50 backlogSize=16 backlogDrainPerTick=3 spawnRadius=14 eliteCooldownTicks=56 phases=12-18-24|7-6-5|6:1/2:1/1:1	3	0	0	0		1.182	0.398	0.515	0.270	0	17.92	0.235		skilled 8/8;I2;I2 windows
R e10/s13 5:1/3:1/3:2 c14-20-26 i9-7-5 R10 R10 H18 MS0.132 AI15 MS0.07 AI32 ST1650 TT40 BR2 D0.5 AR4.5 EC70 S10 DPT3 R13 CT42	engageRadius=10 leashRadius=10 eliteHp=18 meleeMoveSpeed=0.132 meleeAttackInterval=15 shooterMoveSpeed=0.07 shooterAttackInterval=32 eliteSpawnTick=1650 eliteTelegraphTicks=40 eliteBlastRadius=2 eliteDamage=0.5 eliteApproachRange=4.5 absoluteEnemyCap=70 backlogSize=10 backlogDrainPerTick=3 spawnRadius=13 eliteCooldownTicks=42 phases=14-20-26|9-7-5|5:1/3:1/3:2	8	4	2	2		0.648	0.226	0.335	0.088	0	9.42	0.179		I2 windows;I3;I8
R e11/s13 5:1/2:1/2:3 c17-23-29 i10-7-5 R11 R8.5 H20 MS0.128 AI17 MS0.065 AI32 ST1800 TT48 BR3.4 D0.4 AR4.5 EC70 S12 DPT3 R13 CT50	engageRadius=11 leashRadius=8.5 eliteHp=20 meleeMoveSpeed=0.128 meleeAttackInterval=17 shooterMoveSpeed=0.065 shooterAttackInterval=32 eliteSpawnTick=1800 eliteTelegraphTicks=48 eliteBlastRadius=3.4 eliteDamage=0.4 eliteApproachRange=4.5 absoluteEnemyCap=70 backlogSize=12 backlogDrainPerTick=3 spawnRadius=13 eliteCooldownTicks=50 phases=17-23-29|10-7-5|5:1/2:1/2:3	8	6	3	3		0.560	0.120	0.231	0.209	0	10.49	0.326		I3;I8;I10
R e10/s12 9:2/3:1/2:1 c17-23-29 i9-7-5 R10 R10.5 H20 MS0.136 AI18 MS0.06 AI30 ST1800 TT40 BR3 D0.4 AR4.9 EC60 S10 DPT3 R12 CT42	engageRadius=10 leashRadius=10.5 eliteHp=20 meleeMoveSpeed=0.136 meleeAttackInterval=18 shooterMoveSpeed=0.06 shooterAttackInterval=30 eliteSpawnTick=1800 eliteTelegraphTicks=40 eliteBlastRadius=3 eliteDamage=0.4 eliteApproachRange=4.9 absoluteEnemyCap=60 backlogSize=10 backlogDrainPerTick=3 spawnRadius=12 eliteCooldownTicks=42 phases=17-23-29|9-7-5|9:2/3:1/2:1	7	3	1	1		0.822	0.250	0.308	0.264	0	10.17	0.195		skilled 8/8;I2;I3;I8
R e13/s15 5:1/3:2/2:3 c12-18-24 i7-6-5 R13 R9.5 H20 MS0.128 AI16 MS0.07 AI32 ST1650 TT40 BR2.4 D0.3 AR3.5 EC60 S16 DPT2 R15 CT42	engageRadius=13 leashRadius=9.5 eliteHp=20 meleeMoveSpeed=0.128 meleeAttackInterval=16 shooterMoveSpeed=0.07 shooterAttackInterval=32 eliteSpawnTick=1650 eliteTelegraphTicks=40 eliteBlastRadius=2.4 eliteDamage=0.3 eliteApproachRange=3.5 absoluteEnemyCap=60 backlogSize=16 backlogDrainPerTick=2 spawnRadius=15 eliteCooldownTicks=42 phases=12-18-24|7-6-5|5:1/3:2/2:3	7	3	0	1		0.867	0.266	0.450	0.151	0	18.60	0.340		skilled 8/8;I2;I2 windows;I8
R e13/s15 5:1/3:1/2:1 c17-23-29 i7-6-5 R13 R9 H19 MS0.145 AI16 MS0.065 AI32 ST1800 TT62 BR2.4 D0.5 AR3.5 EC60 S16 DPT3 R15 CT64	engageRadius=13 leashRadius=9 eliteHp=19 meleeMoveSpeed=0.145 meleeAttackInterval=16 shooterMoveSpeed=0.065 shooterAttackInterval=32 eliteSpawnTick=1800 eliteTelegraphTicks=62 eliteBlastRadius=2.4 eliteDamage=0.5 eliteApproachRange=3.5 absoluteEnemyCap=60 backlogSize=16 backlogDrainPerTick=3 spawnRadius=15 eliteCooldownTicks=64 phases=17-23-29|7-6-5|5:1/3:1/2:1	4	0	0	0		1.093	0.369	0.489	0.235	0	18.23	0.213		skilled 8/8;I2;I2 windows
R e10/s13 6:1/3:1/2:1 c16-22-28 i9-7-5 R10 R9.5 H20 MS0.14 AI18 MS0.065 AI34 ST1650 TT54 BR3 D0.4 AR4.9 EC60 S16 DPT3 R13 CT56	engageRadius=10 leashRadius=9.5 eliteHp=20 meleeMoveSpeed=0.14 meleeAttackInterval=18 shooterMoveSpeed=0.065 shooterAttackInterval=34 eliteSpawnTick=1650 eliteTelegraphTicks=54 eliteBlastRadius=3 eliteDamage=0.4 eliteApproachRange=4.9 absoluteEnemyCap=60 backlogSize=16 backlogDrainPerTick=3 spawnRadius=13 eliteCooldownTicks=56 phases=16-22-28|9-7-5|6:1/3:1/2:1	8	4	3	3		0.661	0.218	0.369	0.075	0	9.26	0.152		I2 windows;I3;I8;I10
R e10/s14 5:1/3:2/1:1 c17-23-29 i8-6-5 R10 R9.5 H22 MS0.128 AI16 MS0.065 AI30 ST1800 TT40 BR2.4 D0.5 AR4.9 EC70 S12 DPT3 R14 CT42	engageRadius=10 leashRadius=9.5 eliteHp=22 meleeMoveSpeed=0.128 meleeAttackInterval=16 shooterMoveSpeed=0.065 shooterAttackInterval=30 eliteSpawnTick=1800 eliteTelegraphTicks=40 eliteBlastRadius=2.4 eliteDamage=0.5 eliteApproachRange=4.9 absoluteEnemyCap=70 backlogSize=12 backlogDrainPerTick=3 spawnRadius=14 eliteCooldownTicks=42 phases=17-23-29|8-6-5|5:1/3:2/1:1	5	0	0	0		0.893	0.243	0.400	0.251	0	16.82	0.332		skilled 8/8;I2
R e10/s13 5:1/3:2/1:1 c16-22-28 i9-7-5 R10 R11 H22 MS0.145 AI17 MS0.055 AI26 ST1500 TT40 BR3.4 D0.5 AR4.9 EC50 S16 DPT2 R13 CT42	engageRadius=10 leashRadius=11 eliteHp=22 meleeMoveSpeed=0.145 meleeAttackInterval=17 shooterMoveSpeed=0.055 shooterAttackInterval=26 eliteSpawnTick=1500 eliteTelegraphTicks=40 eliteBlastRadius=3.4 eliteDamage=0.5 eliteApproachRange=4.9 absoluteEnemyCap=50 backlogSize=16 backlogDrainPerTick=2 spawnRadius=13 eliteCooldownTicks=42 phases=16-22-28|9-7-5|5:1/3:2/1:1	7	3	2	2		0.821	0.294	0.489	0.037	0	10.06	0.209		skilled 8/8;I2;I2 windows;I3;I8
R e13/s18 5:1/2:1/2:3 c12-18-24 i7-6-5 R13 R11 H22 MS0.136 AI14 MS0.06 AI32 ST1500 TT40 BR3.4 D0.4 AR3.5 EC50 S10 DPT2 R18 CT42	engageRadius=13 leashRadius=11 eliteHp=22 meleeMoveSpeed=0.136 meleeAttackInterval=14 shooterMoveSpeed=0.06 shooterAttackInterval=32 eliteSpawnTick=1500 eliteTelegraphTicks=40 eliteBlastRadius=3.4 eliteDamage=0.4 eliteApproachRange=3.5 absoluteEnemyCap=50 backlogSize=10 backlogDrainPerTick=2 spawnRadius=18 eliteCooldownTicks=42 phases=12-18-24|7-6-5|5:1/2:1/2:3	5	1	1	2		0.924	0.351	0.525	0.047	0	20.26	0.212		skilled 8/8;I2;I2 windows;I3;I8
R e11/s15 5:1/2:1/2:3 c16-22-28 i8-6-5 R11 R11 H20 MS0.128 AI16 MS0.05 AI28 ST1500 TT40 BR2.4 D0.5 AR4.9 EC60 S16 DPT2 R15 CT42	engageRadius=11 leashRadius=11 eliteHp=20 meleeMoveSpeed=0.128 meleeAttackInterval=16 shooterMoveSpeed=0.05 shooterAttackInterval=28 eliteSpawnTick=1500 eliteTelegraphTicks=40 eliteBlastRadius=2.4 eliteDamage=0.5 eliteApproachRange=4.9 absoluteEnemyCap=60 backlogSize=16 backlogDrainPerTick=2 spawnRadius=15 eliteCooldownTicks=42 phases=16-22-28|8-6-5|5:1/2:1/2:3	7	3	0	1		0.755	0.255	0.482	0.018	0	16.08	0.233		skilled 8/8;I2 windows;I8
R e10/s12 5:1/3:1/1:1 c12-18-24 i8-6-5 R10 R10 H20 MS0.145 AI14 MS0.05 AI26 ST1650 TT40 BR2 D0.5 AR3.5 EC70 S10 DPT2 R12 CT42	engageRadius=10 leashRadius=10 eliteHp=20 meleeMoveSpeed=0.145 meleeAttackInterval=14 shooterMoveSpeed=0.05 shooterAttackInterval=26 eliteSpawnTick=1650 eliteTelegraphTicks=40 eliteBlastRadius=2 eliteDamage=0.5 eliteApproachRange=3.5 absoluteEnemyCap=70 backlogSize=10 backlogDrainPerTick=2 spawnRadius=12 eliteCooldownTicks=42 phases=12-18-24|8-6-5|5:1/3:1/1:1	3	1	0	0		1.120	0.397	0.636	0.087	0	14.55	0.156		skilled 8/8;I2;I2 windows;I8
R e11/s16 5:1/3:1/3:2 c12-18-24 i9-7-5 R11 R11 H22 MS0.128 AI15 MS0.06 AI30 ST1650 TT54 BR3.4 D0.4 AR4.5 EC70 S12 DPT3 R16 CT56	engageRadius=11 leashRadius=11 eliteHp=22 meleeMoveSpeed=0.128 meleeAttackInterval=15 shooterMoveSpeed=0.06 shooterAttackInterval=30 eliteSpawnTick=1650 eliteTelegraphTicks=54 eliteBlastRadius=3.4 eliteDamage=0.4 eliteApproachRange=4.5 absoluteEnemyCap=70 backlogSize=12 backlogDrainPerTick=3 spawnRadius=16 eliteCooldownTicks=56 phases=12-18-24|9-7-5|5:1/3:1/3:2	8	4	2	2		0.652	0.202	0.328	0.123	0	12.13	0.183		I3;I8
R e10/s15 5:1/3:2/2:3 c17-23-29 i9-8-6 R10 R11 H22 MS0.145 AI16 MS0.055 AI30 ST1800 TT54 BR3.4 D0.4 AR3.5 EC50 S12 DPT2 R15 CT56	engageRadius=10 leashRadius=11 eliteHp=22 meleeMoveSpeed=0.145 meleeAttackInterval=16 shooterMoveSpeed=0.055 shooterAttackInterval=30 eliteSpawnTick=1800 eliteTelegraphTicks=54 eliteBlastRadius=3.4 eliteDamage=0.4 eliteApproachRange=3.5 absoluteEnemyCap=50 backlogSize=12 backlogDrainPerTick=2 spawnRadius=15 eliteCooldownTicks=56 phases=17-23-29|9-8-6|5:1/3:2/2:3	8	3	1	2		0.706	0.266	0.238	0.202	0	11.30	0.246		I3;I8
R e12/s17 6:1/3:1/2:1 c17-23-29 i10-7-5 R12 R11 H19 MS0.132 AI17 MS0.06 AI26 ST1800 TT62 BR3 D0.5 AR4.9 EC60 S10 DPT3 R17 CT64	engageRadius=12 leashRadius=11 eliteHp=19 meleeMoveSpeed=0.132 meleeAttackInterval=17 shooterMoveSpeed=0.06 shooterAttackInterval=26 eliteSpawnTick=1800 eliteTelegraphTicks=62 eliteBlastRadius=3 eliteDamage=0.5 eliteApproachRange=4.9 absoluteEnemyCap=60 backlogSize=10 backlogDrainPerTick=3 spawnRadius=17 eliteCooldownTicks=64 phases=17-23-29|10-7-5|6:1/3:1/2:1	7	6	2	2		0.742	0.171	0.317	0.253	0	12.89	0.215		skilled 8/8;I3;I8
R e13/s17 5:1/3:2/2:3 c17-23-29 i8-6-5 R13 R9.5 H22 MS0.132 AI18 MS0.05 AI30 ST1500 TT62 BR3 D0.5 AR4.9 EC70 S12 DPT3 R17 CT64	engageRadius=13 leashRadius=9.5 eliteHp=22 meleeMoveSpeed=0.132 meleeAttackInterval=18 shooterMoveSpeed=0.05 shooterAttackInterval=30 eliteSpawnTick=1500 eliteTelegraphTicks=62 eliteBlastRadius=3 eliteDamage=0.5 eliteApproachRange=4.9 absoluteEnemyCap=70 backlogSize=12 backlogDrainPerTick=3 spawnRadius=17 eliteCooldownTicks=64 phases=17-23-29|8-6-5|5:1/3:2/2:3	8	4	3	3		0.618	0.208	0.409	0.000	0	17.61	0.293		I2 windows;I3;I8;I10
R e10/s14 5:1/2:1/1:1 c12-18-24 i10-8-6 R10 R10.5 H19 MS0.128 AI16 MS0.06 AI30 ST1800 TT62 BR2.4 D0.4 AR4.9 EC70 S16 DPT2 R14 CT64	engageRadius=10 leashRadius=10.5 eliteHp=19 meleeMoveSpeed=0.128 meleeAttackInterval=16 shooterMoveSpeed=0.06 shooterAttackInterval=30 eliteSpawnTick=1800 eliteTelegraphTicks=62 eliteBlastRadius=2.4 eliteDamage=0.4 eliteApproachRange=4.9 absoluteEnemyCap=70 backlogSize=16 backlogDrainPerTick=2 spawnRadius=14 eliteCooldownTicks=64 phases=12-18-24|10-8-6|5:1/2:1/1:1	8	5	2	2		0.538	0.175	0.228	0.135	0	8.97	0.266		I2;I3;I8
R e11/s13 6:1/2:1/1:1 c16-22-28 i8-6-5 R11 R11 H21 MS0.145 AI17 MS0.07 AI30 ST1650 TT54 BR2.4 D0.3 AR4.9 EC50 S10 DPT2 R13 CT56	engageRadius=11 leashRadius=11 eliteHp=21 meleeMoveSpeed=0.145 meleeAttackInterval=17 shooterMoveSpeed=0.07 shooterAttackInterval=30 eliteSpawnTick=1650 eliteTelegraphTicks=54 eliteBlastRadius=2.4 eliteDamage=0.3 eliteApproachRange=4.9 absoluteEnemyCap=50 backlogSize=10 backlogDrainPerTick=2 spawnRadius=13 eliteCooldownTicks=56 phases=16-22-28|8-6-5|6:1/2:1/1:1	4	2	0	0		1.070	0.337	0.567	0.166	0	14.84	0.247		skilled 8/8;I2;I2 windows;I8
R e10/s12 5:1/3:1/2:1 c17-23-29 i10-7-5 R10 R9.5 H19 MS0.128 AI18 MS0.065 AI32 ST1650 TT40 BR3 D0.4 AR4.9 EC50 S12 DPT3 R12 CT42	engageRadius=10 leashRadius=9.5 eliteHp=19 meleeMoveSpeed=0.128 meleeAttackInterval=18 shooterMoveSpeed=0.065 shooterAttackInterval=32 eliteSpawnTick=1650 eliteTelegraphTicks=40 eliteBlastRadius=3 eliteDamage=0.4 eliteApproachRange=4.9 absoluteEnemyCap=50 backlogSize=12 backlogDrainPerTick=3 spawnRadius=12 eliteCooldownTicks=42 phases=17-23-29|10-7-5|5:1/3:1/2:1	8	5	2	2		0.528	0.166	0.306	0.057	0	8.45	0.202		I2;I2 windows;I3;I8
R e13/s18 6:1/2:1/1:1 c17-23-29 i8-7-5 R13 R10 H20 MS0.145 AI18 MS0.05 AI32 ST1650 TT62 BR2 D0.4 AR4.9 EC70 S16 DPT3 R18 CT64	engageRadius=13 leashRadius=10 eliteHp=20 meleeMoveSpeed=0.145 meleeAttackInterval=18 shooterMoveSpeed=0.05 shooterAttackInterval=32 eliteSpawnTick=1650 eliteTelegraphTicks=62 eliteBlastRadius=2 eliteDamage=0.4 eliteApproachRange=4.9 absoluteEnemyCap=70 backlogSize=16 backlogDrainPerTick=3 spawnRadius=18 eliteCooldownTicks=64 phases=17-23-29|8-7-5|6:1/2:1/1:1	8	5	3	3		0.575	0.225	0.282	0.067	0	14.72	0.207		I2 windows;I3;I8;I10
R e11/s14 9:2/3:1/2:1 c17-23-29 i8-6-5 R11 R11 H18 MS0.136 AI14 MS0.055 AI34 ST1800 TT54 BR3 D0.5 AR3.5 EC70 S16 DPT2 R14 CT56	engageRadius=11 leashRadius=11 eliteHp=18 meleeMoveSpeed=0.136 meleeAttackInterval=14 shooterMoveSpeed=0.055 shooterAttackInterval=34 eliteSpawnTick=1800 eliteTelegraphTicks=54 eliteBlastRadius=3 eliteDamage=0.5 eliteApproachRange=3.5 absoluteEnemyCap=70 backlogSize=16 backlogDrainPerTick=2 spawnRadius=14 eliteCooldownTicks=56 phases=17-23-29|8-6-5|9:2/3:1/2:1	4	0	0	0		1.065	0.317	0.518	0.229	0	16.48	0.172		skilled 8/8;I2;I2 windows
R e13/s17 9:2/3:1/2:1 c12-18-24 i8-7-5 R13 R10.5 H21 MS0.14 AI14 MS0.07 AI32 ST1800 TT62 BR2.4 D0.4 AR4.9 EC50 S16 DPT2 R17 CT64	engageRadius=13 leashRadius=10.5 eliteHp=21 meleeMoveSpeed=0.14 meleeAttackInterval=14 shooterMoveSpeed=0.07 shooterAttackInterval=32 eliteSpawnTick=1800 eliteTelegraphTicks=62 eliteBlastRadius=2.4 eliteDamage=0.4 eliteApproachRange=4.9 absoluteEnemyCap=50 backlogSize=16 backlogDrainPerTick=2 spawnRadius=17 eliteCooldownTicks=64 phases=12-18-24|8-7-5|9:2/3:1/2:1	5	2	1	1		0.982	0.306	0.369	0.308	0	15.37	0.199		skilled 8/8;I2;I3;I8
R e11/s13 5:1/3:1/3:2 c17-23-29 i8-6-5 R11 R11 H20 MS0.14 AI15 MS0.06 AI26 ST1500 TT62 BR2.4 D0.3 AR3.5 EC50 S12 DPT2 R13 CT64	engageRadius=11 leashRadius=11 eliteHp=20 meleeMoveSpeed=0.14 meleeAttackInterval=15 shooterMoveSpeed=0.06 shooterAttackInterval=26 eliteSpawnTick=1500 eliteTelegraphTicks=62 eliteBlastRadius=2.4 eliteDamage=0.3 eliteApproachRange=3.5 absoluteEnemyCap=50 backlogSize=12 backlogDrainPerTick=2 spawnRadius=13 eliteCooldownTicks=64 phases=17-23-29|8-6-5|5:1/3:1/3:2	3	1	0	0		1.009	0.369	0.612	0.029	0	14.55	0.190		skilled 8/8;I2;I2 windows;I8
R e11/s16 6:1/2:1/1:1 c14-20-26 i8-6-5 R11 R11 H19 MS0.128 AI18 MS0.05 AI34 ST1650 TT54 BR3.4 D0.3 AR4.5 EC70 S12 DPT3 R16 CT56	engageRadius=11 leashRadius=11 eliteHp=19 meleeMoveSpeed=0.128 meleeAttackInterval=18 shooterMoveSpeed=0.05 shooterAttackInterval=34 eliteSpawnTick=1650 eliteTelegraphTicks=54 eliteBlastRadius=3.4 eliteDamage=0.3 eliteApproachRange=4.5 absoluteEnemyCap=70 backlogSize=12 backlogDrainPerTick=3 spawnRadius=16 eliteCooldownTicks=56 phases=14-20-26|8-6-5|6:1/2:1/1:1	7	4	3	3		0.754	0.213	0.425	0.117	0	17.10	0.242		skilled 8/8;I3;I8;I10
R e10/s13 7:1/3:1/1:1 c16-22-28 i9-7-5 R10 R10 H18 MS0.136 AI14 MS0.05 AI32 ST1650 TT40 BR3.4 D0.3 AR4.5 EC70 S10 DPT2 R13 CT42	engageRadius=10 leashRadius=10 eliteHp=18 meleeMoveSpeed=0.136 meleeAttackInterval=14 shooterMoveSpeed=0.05 shooterAttackInterval=32 eliteSpawnTick=1650 eliteTelegraphTicks=40 eliteBlastRadius=3.4 eliteDamage=0.3 eliteApproachRange=4.5 absoluteEnemyCap=70 backlogSize=10 backlogDrainPerTick=2 spawnRadius=13 eliteCooldownTicks=42 phases=16-22-28|9-7-5|7:1/3:1/1:1	8	3	1	1		0.792	0.263	0.404	0.125	0	10.00	0.141		I3;I8
R e12/s14 9:2/3:1/2:1 c14-20-26 i8-7-5 R12 R10 H20 MS0.128 AI15 MS0.06 AI30 ST1500 TT62 BR2 D0.4 AR3.5 EC60 S12 DPT2 R14 CT64	engageRadius=12 leashRadius=10 eliteHp=20 meleeMoveSpeed=0.128 meleeAttackInterval=15 shooterMoveSpeed=0.06 shooterAttackInterval=30 eliteSpawnTick=1500 eliteTelegraphTicks=62 eliteBlastRadius=2 eliteDamage=0.4 eliteApproachRange=3.5 absoluteEnemyCap=60 backlogSize=12 backlogDrainPerTick=2 spawnRadius=14 eliteCooldownTicks=64 phases=14-20-26|8-7-5|9:2/3:1/2:1	8	3	0	2		0.561	0.230	0.331	0.000	0	12.10	0.217		I2 windows;I8
R e12/s17 9:2/3:1/2:1 c16-22-28 i8-7-5 R12 R10 H22 MS0.132 AI16 MS0.06 AI28 ST1650 TT62 BR3.4 D0.3 AR4.5 EC70 S16 DPT2 R17 CT64	engageRadius=12 leashRadius=10 eliteHp=22 meleeMoveSpeed=0.132 meleeAttackInterval=16 shooterMoveSpeed=0.06 shooterAttackInterval=28 eliteSpawnTick=1650 eliteTelegraphTicks=62 eliteBlastRadius=3.4 eliteDamage=0.3 eliteApproachRange=4.5 absoluteEnemyCap=70 backlogSize=16 backlogDrainPerTick=2 spawnRadius=17 eliteCooldownTicks=64 phases=16-22-28|8-7-5|9:2/3:1/2:1	7	4	2	3		0.720	0.245	0.328	0.147	0	14.73	0.187		skilled 8/8;I3;I8;I10
R e10/s13 5:1/2:1/1:1 c17-23-29 i7-6-5 R10 R8.5 H20 MS0.14 AI14 MS0.07 AI34 ST1650 TT48 BR3.4 D0.5 AR3.5 EC60 S12 DPT2 R13 CT50	engageRadius=10 leashRadius=8.5 eliteHp=20 meleeMoveSpeed=0.14 meleeAttackInterval=14 shooterMoveSpeed=0.07 shooterAttackInterval=34 eliteSpawnTick=1650 eliteTelegraphTicks=48 eliteBlastRadius=3.4 eliteDamage=0.5 eliteApproachRange=3.5 absoluteEnemyCap=60 backlogSize=12 backlogDrainPerTick=2 spawnRadius=13 eliteCooldownTicks=50 phases=17-23-29|7-6-5|5:1/2:1/1:1	4	0	0	0		1.124	0.391	0.630	0.104	0	16.90	0.220		skilled 8/8;I2;I2 windows
R e11/s14 9:2/3:1/2:1 c17-23-29 i9-8-6 R11 R10.5 H18 MS0.132 AI17 MS0.055 AI28 ST1800 TT62 BR2.4 D0.5 AR4.5 EC50 S10 DPT3 R14 CT64	engageRadius=11 leashRadius=10.5 eliteHp=18 meleeMoveSpeed=0.132 meleeAttackInterval=17 shooterMoveSpeed=0.055 shooterAttackInterval=28 eliteSpawnTick=1800 eliteTelegraphTicks=62 eliteBlastRadius=2.4 eliteDamage=0.5 eliteApproachRange=4.5 absoluteEnemyCap=50 backlogSize=10 backlogDrainPerTick=3 spawnRadius=14 eliteCooldownTicks=64 phases=17-23-29|9-8-6|9:2/3:1/2:1	8	4	2	2		0.559	0.217	0.216	0.126	0	9.43	0.213		I3;I8
R e10/s15 9:2/3:1/2:1 c17-23-29 i7-6-5 R10 R11 H20 MS0.128 AI15 MS0.06 AI32 ST1650 TT54 BR2.4 D0.3 AR4.9 EC70 S10 DPT3 R15 CT56	engageRadius=10 leashRadius=11 eliteHp=20 meleeMoveSpeed=0.128 meleeAttackInterval=15 shooterMoveSpeed=0.06 shooterAttackInterval=32 eliteSpawnTick=1650 eliteTelegraphTicks=54 eliteBlastRadius=2.4 eliteDamage=0.3 eliteApproachRange=4.9 absoluteEnemyCap=70 backlogSize=10 backlogDrainPerTick=3 spawnRadius=15 eliteCooldownTicks=56 phases=17-23-29|7-6-5|9:2/3:1/2:1	5	2	0	0		0.928	0.330	0.541	0.058	0	19.37	0.219		skilled 8/8;I2;I2 windows;I8
R e13/s17 6:1/3:1/2:1 c14-20-26 i7-6-5 R13 R9.5 H19 MS0.145 AI15 MS0.055 AI30 ST1800 TT48 BR3.4 D0.3 AR4.9 EC60 S16 DPT2 R17 CT50	engageRadius=13 leashRadius=9.5 eliteHp=19 meleeMoveSpeed=0.145 meleeAttackInterval=15 shooterMoveSpeed=0.055 shooterAttackInterval=30 eliteSpawnTick=1800 eliteTelegraphTicks=48 eliteBlastRadius=3.4 eliteDamage=0.3 eliteApproachRange=4.9 absoluteEnemyCap=60 backlogSize=16 backlogDrainPerTick=2 spawnRadius=17 eliteCooldownTicks=50 phases=14-20-26|7-6-5|6:1/3:1/2:1	4	1	0	0		1.074	0.334	0.522	0.218	0	19.54	0.192		skilled 8/8;I2;I2 windows;I8
R e12/s15 5:1/3:1/1:1 c14-20-26 i9-8-6 R12 R8.5 H21 MS0.14 AI14 MS0.05 AI34 ST1650 TT48 BR3.4 D0.3 AR3.5 EC50 S16 DPT3 R15 CT50	engageRadius=12 leashRadius=8.5 eliteHp=21 meleeMoveSpeed=0.14 meleeAttackInterval=14 shooterMoveSpeed=0.05 shooterAttackInterval=34 eliteSpawnTick=1650 eliteTelegraphTicks=48 eliteBlastRadius=3.4 eliteDamage=0.3 eliteApproachRange=3.5 absoluteEnemyCap=50 backlogSize=16 backlogDrainPerTick=3 spawnRadius=15 eliteCooldownTicks=50 phases=14-20-26|9-8-6|5:1/3:1/1:1	8	6	5	5		0.492	0.169	0.222	0.102	0	10.30	0.174		I2;I3;I8;I10
R e12/s14 5:1/3:1/3:2 c16-22-28 i9-8-6 R12 R10.5 H21 MS0.145 AI15 MS0.07 AI26 ST1500 TT54 BR3 D0.5 AR4.9 EC50 S16 DPT2 R14 CT56	engageRadius=12 leashRadius=10.5 eliteHp=21 meleeMoveSpeed=0.145 meleeAttackInterval=15 shooterMoveSpeed=0.07 shooterAttackInterval=26 eliteSpawnTick=1500 eliteTelegraphTicks=54 eliteBlastRadius=3 eliteDamage=0.5 eliteApproachRange=4.9 absoluteEnemyCap=50 backlogSize=16 backlogDrainPerTick=2 spawnRadius=14 eliteCooldownTicks=56 phases=16-22-28|9-8-6|5:1/3:1/3:2	8	6	2	2		0.631	0.276	0.355	0.000	0	8.44	0.160		I2 windows;I3;I8
R e10/s15 5:1/3:1/1:1 c14-20-26 i10-7-5 R10 R9.5 H21 MS0.128 AI17 MS0.055 AI28 ST1800 TT40 BR3 D0.5 AR3.5 EC50 S12 DPT2 R15 CT42	engageRadius=10 leashRadius=9.5 eliteHp=21 meleeMoveSpeed=0.128 meleeAttackInterval=17 shooterMoveSpeed=0.055 shooterAttackInterval=28 eliteSpawnTick=1800 eliteTelegraphTicks=40 eliteBlastRadius=3 eliteDamage=0.5 eliteApproachRange=3.5 absoluteEnemyCap=50 backlogSize=12 backlogDrainPerTick=2 spawnRadius=15 eliteCooldownTicks=42 phases=14-20-26|10-7-5|5:1/3:1/1:1	8	4	2	2		0.643	0.148	0.258	0.237	0	12.18	0.250		I3;I8
R e13/s18 5:1/2:1/3:2 c17-23-29 i9-7-5 R13 R10 H22 MS0.14 AI18 MS0.055 AI32 ST1800 TT62 BR2.4 D0.5 AR4.5 EC50 S10 DPT2 R18 CT64	engageRadius=13 leashRadius=10 eliteHp=22 meleeMoveSpeed=0.14 meleeAttackInterval=18 shooterMoveSpeed=0.055 shooterAttackInterval=32 eliteSpawnTick=1800 eliteTelegraphTicks=62 eliteBlastRadius=2.4 eliteDamage=0.5 eliteApproachRange=4.5 absoluteEnemyCap=50 backlogSize=10 backlogDrainPerTick=2 spawnRadius=18 eliteCooldownTicks=64 phases=17-23-29|9-7-5|5:1/2:1/3:2	8	3	3	3		0.710	0.185	0.274	0.252	0	15.66	0.234		I3;I8;I10
R e13/s18 5:1/3:1/1:1 c14-20-26 i9-8-6 R13 R10.5 H19 MS0.14 AI14 MS0.05 AI32 ST1650 TT62 BR3.4 D0.3 AR4.9 EC50 S12 DPT2 R18 CT64	engageRadius=13 leashRadius=10.5 eliteHp=19 meleeMoveSpeed=0.14 meleeAttackInterval=14 shooterMoveSpeed=0.05 shooterAttackInterval=32 eliteSpawnTick=1650 eliteTelegraphTicks=62 eliteBlastRadius=3.4 eliteDamage=0.3 eliteApproachRange=4.9 absoluteEnemyCap=50 backlogSize=12 backlogDrainPerTick=2 spawnRadius=18 eliteCooldownTicks=64 phases=14-20-26|9-8-6|5:1/3:1/1:1	8	5	4	5		0.531	0.215	0.248	0.068	0	12.59	0.143		I2;I2 windows;I3;I8;I10
R e10/s13 9:2/3:1/2:1 c17-23-29 i9-8-6 R10 R10 H21 MS0.128 AI15 MS0.055 AI34 ST1500 TT54 BR2.4 D0.3 AR4.5 EC50 S12 DPT3 R13 CT56	engageRadius=10 leashRadius=10 eliteHp=21 meleeMoveSpeed=0.128 meleeAttackInterval=15 shooterMoveSpeed=0.055 shooterAttackInterval=34 eliteSpawnTick=1500 eliteTelegraphTicks=54 eliteBlastRadius=2.4 eliteDamage=0.3 eliteApproachRange=4.5 absoluteEnemyCap=50 backlogSize=12 backlogDrainPerTick=3 spawnRadius=13 eliteCooldownTicks=56 phases=17-23-29|9-8-6|9:2/3:1/2:1	8	7	3	3		0.466	0.194	0.272	0.000	0	8.07	0.166		I2;I2 windows;I3;I8;I10
R e13/s16 7:1/3:1/1:1 c12-18-24 i7-6-5 R13 R9.5 H19 MS0.14 AI17 MS0.055 AI26 ST1500 TT48 BR2.4 D0.3 AR3.5 EC50 S10 DPT3 R16 CT50	engageRadius=13 leashRadius=9.5 eliteHp=19 meleeMoveSpeed=0.14 meleeAttackInterval=17 shooterMoveSpeed=0.055 shooterAttackInterval=26 eliteSpawnTick=1500 eliteTelegraphTicks=48 eliteBlastRadius=2.4 eliteDamage=0.3 eliteApproachRange=3.5 absoluteEnemyCap=50 backlogSize=10 backlogDrainPerTick=3 spawnRadius=16 eliteCooldownTicks=50 phases=12-18-24|7-6-5|7:1/3:1/1:1	8	3	2	2		0.780	0.293	0.487	0.000	0	16.95	0.225		I2 windows;I3;I8
R e10/s12 5:1/3:2/1:1 c17-23-29 i7-6-5 R10 R10.5 H21 MS0.132 AI17 MS0.06 AI26 ST1500 TT54 BR3.4 D0.3 AR3.5 EC60 S16 DPT3 R12 CT56	engageRadius=10 leashRadius=10.5 eliteHp=21 meleeMoveSpeed=0.132 meleeAttackInterval=17 shooterMoveSpeed=0.06 shooterAttackInterval=26 eliteSpawnTick=1500 eliteTelegraphTicks=54 eliteBlastRadius=3.4 eliteDamage=0.3 eliteApproachRange=3.5 absoluteEnemyCap=60 backlogSize=16 backlogDrainPerTick=3 spawnRadius=12 eliteCooldownTicks=56 phases=17-23-29|7-6-5|5:1/3:2/1:1	5	3	0	0		0.930	0.376	0.555	0.000	0	16.15	0.284		skilled 8/8;I2;I2 windows;I8
R e10/s15 5:1/3:1/1:1 c16-22-28 i9-7-5 R10 R11 H22 MS0.132 AI16 MS0.06 AI30 ST1650 TT48 BR3 D0.5 AR3.5 EC70 S16 DPT3 R15 CT50	engageRadius=10 leashRadius=11 eliteHp=22 meleeMoveSpeed=0.132 meleeAttackInterval=16 shooterMoveSpeed=0.06 shooterAttackInterval=30 eliteSpawnTick=1650 eliteTelegraphTicks=48 eliteBlastRadius=3 eliteDamage=0.5 eliteApproachRange=3.5 absoluteEnemyCap=70 backlogSize=16 backlogDrainPerTick=3 spawnRadius=15 eliteCooldownTicks=50 phases=16-22-28|9-7-5|5:1/3:1/1:1	8	6	3	2		0.732	0.246	0.351	0.135	0	12.00	0.184		I3;I8
R e10/s13 6:1/3:1/2:1 c16-22-28 i9-7-5 R10 R8.5 H18 MS0.14 AI15 MS0.07 AI32 ST1500 TT40 BR3.4 D0.5 AR3.5 EC70 S16 DPT2 R13 CT42	engageRadius=10 leashRadius=8.5 eliteHp=18 meleeMoveSpeed=0.14 meleeAttackInterval=15 shooterMoveSpeed=0.07 shooterAttackInterval=32 eliteSpawnTick=1500 eliteTelegraphTicks=40 eliteBlastRadius=3.4 eliteDamage=0.5 eliteApproachRange=3.5 absoluteEnemyCap=70 backlogSize=16 backlogDrainPerTick=2 spawnRadius=13 eliteCooldownTicks=42 phases=16-22-28|9-7-5|6:1/3:1/2:1	8	5	2	2		0.542	0.182	0.359	0.000	0	9.13	0.174		I2;I2 windows;I3;I8
R e11/s13 6:1/2:1/1:1 c17-23-29 i7-6-5 R11 R9.5 H22 MS0.136 AI16 MS0.07 AI30 ST1800 TT54 BR2.4 D0.3 AR3.5 EC50 S10 DPT2 R13 CT56	engageRadius=11 leashRadius=9.5 eliteHp=22 meleeMoveSpeed=0.136 meleeAttackInterval=16 shooterMoveSpeed=0.07 shooterAttackInterval=30 eliteSpawnTick=1800 eliteTelegraphTicks=54 eliteBlastRadius=2.4 eliteDamage=0.3 eliteApproachRange=3.5 absoluteEnemyCap=50 backlogSize=10 backlogDrainPerTick=2 spawnRadius=13 eliteCooldownTicks=56 phases=17-23-29|7-6-5|6:1/2:1/1:1	3	0	0	0		1.105	0.357	0.478	0.270	0	17.35	0.286		skilled 8/8;I2;I2 windows
R e12/s17 6:1/3:1/2:1 c12-18-24 i10-7-5 R12 R8.5 H21 MS0.132 AI16 MS0.06 AI26 ST1800 TT40 BR2 D0.4 AR4.5 EC50 S16 DPT3 R17 CT42	engageRadius=12 leashRadius=8.5 eliteHp=21 meleeMoveSpeed=0.132 meleeAttackInterval=16 shooterMoveSpeed=0.06 shooterAttackInterval=26 eliteSpawnTick=1800 eliteTelegraphTicks=40 eliteBlastRadius=2 eliteDamage=0.4 eliteApproachRange=4.5 absoluteEnemyCap=50 backlogSize=16 backlogDrainPerTick=3 spawnRadius=17 eliteCooldownTicks=42 phases=12-18-24|10-7-5|6:1/3:1/2:1	7	3	5	5		0.624	0.123	0.232	0.270	0	12.72	0.213		skilled 8/8;I3;I8;I10
R e11/s15 5:1/3:2/1:1 c12-18-24 i8-6-5 R11 R10 H20 MS0.136 AI15 MS0.065 AI26 ST1800 TT40 BR2.4 D0.4 AR3.5 EC70 S16 DPT2 R15 CT42	engageRadius=11 leashRadius=10 eliteHp=20 meleeMoveSpeed=0.136 meleeAttackInterval=15 shooterMoveSpeed=0.065 shooterAttackInterval=26 eliteSpawnTick=1800 eliteTelegraphTicks=40 eliteBlastRadius=2.4 eliteDamage=0.4 eliteApproachRange=3.5 absoluteEnemyCap=70 backlogSize=16 backlogDrainPerTick=2 spawnRadius=15 eliteCooldownTicks=42 phases=12-18-24|8-6-5|5:1/3:2/1:1	3	0	0	0		1.002	0.276	0.435	0.290	0	16.91	0.325		skilled 8/8;I2
R e10/s12 5:1/2:1/2:3 c14-20-26 i8-7-5 R10 R10.5 H19 MS0.128 AI18 MS0.055 AI28 ST1800 TT54 BR2.4 D0.3 AR3.5 EC60 S16 DPT2 R12 CT56	engageRadius=10 leashRadius=10.5 eliteHp=19 meleeMoveSpeed=0.128 meleeAttackInterval=18 shooterMoveSpeed=0.055 shooterAttackInterval=28 eliteSpawnTick=1800 eliteTelegraphTicks=54 eliteBlastRadius=2.4 eliteDamage=0.3 eliteApproachRange=3.5 absoluteEnemyCap=60 backlogSize=16 backlogDrainPerTick=2 spawnRadius=12 eliteCooldownTicks=56 phases=14-20-26|8-7-5|5:1/2:1/2:3	8	3	0	1		0.714	0.275	0.262	0.177	0	10.74	0.267		I8
R e12/s16 9:2/3:1/2:1 c12-18-24 i9-8-6 R12 R8.5 H20 MS0.136 AI15 MS0.055 AI32 ST1650 TT62 BR3 D0.4 AR4.5 EC60 S12 DPT3 R16 CT64	engageRadius=12 leashRadius=8.5 eliteHp=20 meleeMoveSpeed=0.136 meleeAttackInterval=15 shooterMoveSpeed=0.055 shooterAttackInterval=32 eliteSpawnTick=1650 eliteTelegraphTicks=62 eliteBlastRadius=3 eliteDamage=0.4 eliteApproachRange=4.5 absoluteEnemyCap=60 backlogSize=12 backlogDrainPerTick=3 spawnRadius=16 eliteCooldownTicks=64 phases=12-18-24|9-8-6|9:2/3:1/2:1	8	7	5	7		0.440	0.162	0.212	0.066	0	11.36	0.191		I2;I2 windows;I3;I8;I10
R e13/s15 5:1/3:2/1:1 c14-20-26 i9-8-6 R13 R9 H19 MS0.14 AI15 MS0.05 AI30 ST1500 TT40 BR2 D0.4 AR4.9 EC70 S12 DPT2 R15 CT42	engageRadius=13 leashRadius=9 eliteHp=19 meleeMoveSpeed=0.14 meleeAttackInterval=15 shooterMoveSpeed=0.05 shooterAttackInterval=30 eliteSpawnTick=1500 eliteTelegraphTicks=40 eliteBlastRadius=2 eliteDamage=0.4 eliteApproachRange=4.9 absoluteEnemyCap=70 backlogSize=12 backlogDrainPerTick=2 spawnRadius=15 eliteCooldownTicks=42 phases=14-20-26|9-8-6|5:1/3:2/1:1	8	8	7	8		0.411	0.194	0.217	0.000	0	10.37	0.205		I2;I2 windows;I3;I8;I10
R e13/s17 5:1/2:1/2:3 c16-22-28 i10-8-6 R13 R9.5 H18 MS0.128 AI18 MS0.05 AI34 ST1800 TT54 BR3.4 D0.5 AR4.9 EC70 S10 DPT2 R17 CT56	engageRadius=13 leashRadius=9.5 eliteHp=18 meleeMoveSpeed=0.128 meleeAttackInterval=18 shooterMoveSpeed=0.05 shooterAttackInterval=34 eliteSpawnTick=1800 eliteTelegraphTicks=54 eliteBlastRadius=3.4 eliteDamage=0.5 eliteApproachRange=4.9 absoluteEnemyCap=70 backlogSize=10 backlogDrainPerTick=2 spawnRadius=17 eliteCooldownTicks=56 phases=16-22-28|10-8-6|5:1/2:1/2:3	8	8	6	7		0.421	0.122	0.156	0.143	0	12.53	0.244		I2;I3;I8;I10
R e13/s18 5:1/2:1/1:1 c14-20-26 i8-7-5 R13 R8.5 H21 MS0.128 AI16 MS0.055 AI26 ST1500 TT48 BR2.4 D0.3 AR3.5 EC60 S12 DPT2 R18 CT50	engageRadius=13 leashRadius=8.5 eliteHp=21 meleeMoveSpeed=0.128 meleeAttackInterval=16 shooterMoveSpeed=0.055 shooterAttackInterval=26 eliteSpawnTick=1500 eliteTelegraphTicks=48 eliteBlastRadius=2.4 eliteDamage=0.3 eliteApproachRange=3.5 absoluteEnemyCap=60 backlogSize=12 backlogDrainPerTick=2 spawnRadius=18 eliteCooldownTicks=50 phases=14-20-26|8-7-5|5:1/2:1/1:1	8	6	6	6		0.470	0.172	0.284	0.014	0	16.46	0.284		I2;I2 windows;I3;I8;I10
R e10/s12 5:1/2:1/1:1 c14-20-26 i8-6-5 R10 R10 H18 MS0.136 AI14 MS0.06 AI26 ST1800 TT54 BR3 D0.4 AR4.9 EC50 S16 DPT2 R12 CT56	engageRadius=10 leashRadius=10 eliteHp=18 meleeMoveSpeed=0.136 meleeAttackInterval=14 shooterMoveSpeed=0.06 shooterAttackInterval=26 eliteSpawnTick=1800 eliteTelegraphTicks=54 eliteBlastRadius=3 eliteDamage=0.4 eliteApproachRange=4.9 absoluteEnemyCap=50 backlogSize=16 backlogDrainPerTick=2 spawnRadius=12 eliteCooldownTicks=56 phases=14-20-26|8-6-5|5:1/2:1/1:1	3	0	0	0		1.116	0.350	0.541	0.225	0	14.82	0.231		skilled 8/8;I2;I2 windows
R e11/s13 6:1/3:1/2:1 c14-20-26 i8-6-5 R11 R10 H18 MS0.136 AI15 MS0.065 AI26 ST1800 TT54 BR3 D0.4 AR3.5 EC70 S10 DPT3 R13 CT56	engageRadius=11 leashRadius=10 eliteHp=18 meleeMoveSpeed=0.136 meleeAttackInterval=15 shooterMoveSpeed=0.065 shooterAttackInterval=26 eliteSpawnTick=1800 eliteTelegraphTicks=54 eliteBlastRadius=3 eliteDamage=0.4 eliteApproachRange=3.5 absoluteEnemyCap=70 backlogSize=10 backlogDrainPerTick=3 spawnRadius=13 eliteCooldownTicks=56 phases=14-20-26|8-6-5|6:1/3:1/2:1	4	0	0	0		1.064	0.306	0.554	0.205	0	14.88	0.224		skilled 8/8;I2;I2 windows
R e13/s15 5:1/2:1/2:3 c14-20-26 i10-7-5 R13 R9.5 H20 MS0.136 AI14 MS0.07 AI34 ST1800 TT40 BR3.4 D0.3 AR3.5 EC50 S12 DPT3 R15 CT42	engageRadius=13 leashRadius=9.5 eliteHp=20 meleeMoveSpeed=0.136 meleeAttackInterval=14 shooterMoveSpeed=0.07 shooterAttackInterval=34 eliteSpawnTick=1800 eliteTelegraphTicks=40 eliteBlastRadius=3.4 eliteDamage=0.3 eliteApproachRange=3.5 absoluteEnemyCap=50 backlogSize=12 backlogDrainPerTick=3 spawnRadius=15 eliteCooldownTicks=42 phases=14-20-26|10-7-5|5:1/2:1/2:3	8	3	2	2		0.741	0.177	0.297	0.267	0	12.46	0.263		I3;I8
R e12/s14 6:1/3:1/2:1 c14-20-26 i10-8-6 R12 R9 H21 MS0.128 AI17 MS0.06 AI30 ST1650 TT62 BR2 D0.5 AR4.5 EC60 S12 DPT2 R14 CT64	engageRadius=12 leashRadius=9 eliteHp=21 meleeMoveSpeed=0.128 meleeAttackInterval=17 shooterMoveSpeed=0.06 shooterAttackInterval=30 eliteSpawnTick=1650 eliteTelegraphTicks=62 eliteBlastRadius=2 eliteDamage=0.5 eliteApproachRange=4.5 absoluteEnemyCap=60 backlogSize=12 backlogDrainPerTick=2 spawnRadius=14 eliteCooldownTicks=64 phases=14-20-26|10-8-6|6:1/3:1/2:1	8	8	6	7		0.404	0.138	0.196	0.069	0	8.31	0.207		I2;I2 windows;I3;I8;I10
R e13/s15 5:1/3:2/2:3 c17-23-29 i10-8-6 R13 R9 H18 MS0.132 AI14 MS0.06 AI30 ST1800 TT48 BR2 D0.3 AR4.5 EC50 S12 DPT3 R15 CT50	engageRadius=13 leashRadius=9 eliteHp=18 meleeMoveSpeed=0.132 meleeAttackInterval=14 shooterMoveSpeed=0.06 shooterAttackInterval=30 eliteSpawnTick=1800 eliteTelegraphTicks=48 eliteBlastRadius=2 eliteDamage=0.3 eliteApproachRange=4.5 absoluteEnemyCap=50 backlogSize=12 backlogDrainPerTick=3 spawnRadius=15 eliteCooldownTicks=50 phases=17-23-29|10-8-6|5:1/3:2/2:3	8	6	6	7		0.468	0.152	0.186	0.130	0	10.45	0.309		I2;I3;I8;I10
R e10/s13 5:1/3:2/1:1 c17-23-29 i8-6-5 R10 R8.5 H20 MS0.136 AI18 MS0.05 AI26 ST1800 TT40 BR3.4 D0.4 AR4.5 EC70 S10 DPT3 R13 CT42	engageRadius=10 leashRadius=8.5 eliteHp=20 meleeMoveSpeed=0.136 meleeAttackInterval=18 shooterMoveSpeed=0.05 shooterAttackInterval=26 eliteSpawnTick=1800 eliteTelegraphTicks=40 eliteBlastRadius=3.4 eliteDamage=0.4 eliteApproachRange=4.5 absoluteEnemyCap=70 backlogSize=10 backlogDrainPerTick=3 spawnRadius=13 eliteCooldownTicks=42 phases=17-23-29|8-6-5|5:1/3:2/1:1	5	1	0	0		0.856	0.233	0.374	0.249	0	15.58	0.324		skilled 8/8;I2;I8
R e10/s15 5:1/2:1/3:2 c16-22-28 i8-7-5 R10 R9 H19 MS0.128 AI17 MS0.07 AI34 ST1800 TT48 BR2.4 D0.3 AR4.5 EC70 S10 DPT2 R15 CT50	engageRadius=10 leashRadius=9 eliteHp=19 meleeMoveSpeed=0.128 meleeAttackInterval=17 shooterMoveSpeed=0.07 shooterAttackInterval=34 eliteSpawnTick=1800 eliteTelegraphTicks=48 eliteBlastRadius=2.4 eliteDamage=0.3 eliteApproachRange=4.5 absoluteEnemyCap=70 backlogSize=10 backlogDrainPerTick=2 spawnRadius=15 eliteCooldownTicks=50 phases=16-22-28|8-7-5|5:1/2:1/3:2	8	3	3	3		0.611	0.206	0.239	0.166	0	13.74	0.269		I3;I8;I10
R e11/s16 9:2/3:1/2:1 c16-22-28 i10-7-5 R11 R9.5 H21 MS0.132 AI17 MS0.05 AI32 ST1650 TT54 BR3.4 D0.5 AR3.5 EC60 S12 DPT3 R16 CT56	engageRadius=11 leashRadius=9.5 eliteHp=21 meleeMoveSpeed=0.132 meleeAttackInterval=17 shooterMoveSpeed=0.05 shooterAttackInterval=32 eliteSpawnTick=1650 eliteTelegraphTicks=54 eliteBlastRadius=3.4 eliteDamage=0.5 eliteApproachRange=3.5 absoluteEnemyCap=60 backlogSize=12 backlogDrainPerTick=3 spawnRadius=16 eliteCooldownTicks=56 phases=16-22-28|10-7-5|9:2/3:1/2:1	8	5	4	4		0.511	0.138	0.286	0.087	0	11.76	0.167		I2;I2 windows;I3;I8;I10
R e12/s14 7:1/3:1/1:1 c12-18-24 i10-8-6 R12 R11 H19 MS0.136 AI18 MS0.07 AI32 ST1500 TT40 BR2.4 D0.3 AR4.5 EC60 S12 DPT3 R14 CT42	engageRadius=12 leashRadius=11 eliteHp=19 meleeMoveSpeed=0.136 meleeAttackInterval=18 shooterMoveSpeed=0.07 shooterAttackInterval=32 eliteSpawnTick=1500 eliteTelegraphTicks=40 eliteBlastRadius=2.4 eliteDamage=0.3 eliteApproachRange=4.5 absoluteEnemyCap=60 backlogSize=12 backlogDrainPerTick=3 spawnRadius=14 eliteCooldownTicks=42 phases=12-18-24|10-8-6|7:1/3:1/1:1	8	7	6	7		0.498	0.197	0.296	0.005	0	7.83	0.147		I2;I2 windows;I3;I8;I10
R e12/s17 5:1/2:1/1:1 c14-20-26 i7-6-5 R12 R8.5 H19 MS0.145 AI15 MS0.065 AI32 ST1800 TT54 BR2.4 D0.5 AR4.5 EC50 S16 DPT2 R17 CT56	engageRadius=12 leashRadius=8.5 eliteHp=19 meleeMoveSpeed=0.145 meleeAttackInterval=15 shooterMoveSpeed=0.065 shooterAttackInterval=32 eliteSpawnTick=1800 eliteTelegraphTicks=54 eliteBlastRadius=2.4 eliteDamage=0.5 eliteApproachRange=4.5 absoluteEnemyCap=50 backlogSize=16 backlogDrainPerTick=2 spawnRadius=17 eliteCooldownTicks=56 phases=14-20-26|7-6-5|5:1/2:1/1:1	5	2	0	0		0.978	0.316	0.425	0.237	0	20.53	0.271		skilled 8/8;I2;I8
R e12/s14 5:1/3:1/1:1 c17-23-29 i8-7-5 R12 R8.5 H21 MS0.136 AI15 MS0.07 AI34 ST1500 TT62 BR2 D0.5 AR3.5 EC60 S10 DPT2 R14 CT64	engageRadius=12 leashRadius=8.5 eliteHp=21 meleeMoveSpeed=0.136 meleeAttackInterval=15 shooterMoveSpeed=0.07 shooterAttackInterval=34 eliteSpawnTick=1500 eliteTelegraphTicks=62 eliteBlastRadius=2 eliteDamage=0.5 eliteApproachRange=3.5 absoluteEnemyCap=60 backlogSize=10 backlogDrainPerTick=2 spawnRadius=14 eliteCooldownTicks=64 phases=17-23-29|8-7-5|5:1/3:1/1:1	8	2	2	2		0.601	0.240	0.353	0.009	0	11.52	0.183		I2 windows;I3;I8
R e12/s15 6:1/3:1/2:1 c12-18-24 i10-8-6 R12 R10 H19 MS0.132 AI15 MS0.06 AI30 ST1500 TT54 BR3 D0.4 AR3.5 EC50 S12 DPT2 R15 CT56	engageRadius=12 leashRadius=10 eliteHp=19 meleeMoveSpeed=0.132 meleeAttackInterval=15 shooterMoveSpeed=0.06 shooterAttackInterval=30 eliteSpawnTick=1500 eliteTelegraphTicks=54 eliteBlastRadius=3 eliteDamage=0.4 eliteApproachRange=3.5 absoluteEnemyCap=50 backlogSize=12 backlogDrainPerTick=2 spawnRadius=15 eliteCooldownTicks=56 phases=12-18-24|10-8-6|6:1/3:1/2:1	8	8	5	7		0.432	0.159	0.273	0.000	0	8.52	0.166		I2;I2 windows;I3;I8;I10
R e11/s14 6:1/2:1/1:1 c16-22-28 i8-7-5 R11 R10.5 H20 MS0.132 AI17 MS0.05 AI32 ST1800 TT62 BR3 D0.4 AR4.5 EC60 S16 DPT2 R14 CT64	engageRadius=11 leashRadius=10.5 eliteHp=20 meleeMoveSpeed=0.132 meleeAttackInterval=17 shooterMoveSpeed=0.05 shooterAttackInterval=32 eliteSpawnTick=1800 eliteTelegraphTicks=62 eliteBlastRadius=3 eliteDamage=0.4 eliteApproachRange=4.5 absoluteEnemyCap=60 backlogSize=16 backlogDrainPerTick=2 spawnRadius=14 eliteCooldownTicks=64 phases=16-22-28|8-7-5|6:1/2:1/1:1	8	3	1	1		0.730	0.257	0.285	0.188	0	13.01	0.234		I3;I8
R e13/s16 5:1/3:2/2:3 c16-22-28 i10-8-6 R13 R11 H19 MS0.132 AI18 MS0.065 AI34 ST1800 TT54 BR3 D0.3 AR3.5 EC60 S16 DPT2 R16 CT56	engageRadius=13 leashRadius=11 eliteHp=19 meleeMoveSpeed=0.132 meleeAttackInterval=18 shooterMoveSpeed=0.065 shooterAttackInterval=34 eliteSpawnTick=1800 eliteTelegraphTicks=54 eliteBlastRadius=3 eliteDamage=0.3 eliteApproachRange=3.5 absoluteEnemyCap=60 backlogSize=16 backlogDrainPerTick=2 spawnRadius=16 eliteCooldownTicks=56 phases=16-22-28|10-8-6|5:1/3:2/2:3	8	8	4	6		0.541	0.177	0.214	0.150	0	11.22	0.309		I2;I3;I8;I10
R e12/s16 5:1/2:1/3:2 c17-23-29 i8-7-5 R12 R8.5 H19 MS0.128 AI17 MS0.065 AI28 ST1650 TT62 BR3.4 D0.3 AR4.5 EC50 S12 DPT2 R16 CT64	engageRadius=12 leashRadius=8.5 eliteHp=19 meleeMoveSpeed=0.128 meleeAttackInterval=17 shooterMoveSpeed=0.065 shooterAttackInterval=28 eliteSpawnTick=1650 eliteTelegraphTicks=62 eliteBlastRadius=3.4 eliteDamage=0.3 eliteApproachRange=4.5 absoluteEnemyCap=50 backlogSize=12 backlogDrainPerTick=2 spawnRadius=16 eliteCooldownTicks=64 phases=17-23-29|8-7-5|5:1/2:1/3:2	8	5	3	5		0.538	0.182	0.280	0.077	0	14.85	0.263		I2;I2 windows;I3;I8;I10
R e12/s14 5:1/3:2/1:1 c16-22-28 i10-7-5 R12 R11 H20 MS0.136 AI18 MS0.06 AI32 ST1800 TT40 BR3.4 D0.3 AR4.9 EC70 S12 DPT2 R14 CT42	engageRadius=12 leashRadius=11 eliteHp=20 meleeMoveSpeed=0.136 meleeAttackInterval=18 shooterMoveSpeed=0.06 shooterAttackInterval=32 eliteSpawnTick=1800 eliteTelegraphTicks=40 eliteBlastRadius=3.4 eliteDamage=0.3 eliteApproachRange=4.9 absoluteEnemyCap=70 backlogSize=12 backlogDrainPerTick=2 spawnRadius=14 eliteCooldownTicks=42 phases=16-22-28|10-7-5|5:1/3:2/1:1	8	5	1	2		0.749	0.195	0.279	0.275	0	11.64	0.305		I3;I8
R e11/s13 7:1/3:1/1:1 c16-22-28 i9-7-5 R11 R8.5 H21 MS0.128 AI17 MS0.05 AI32 ST1650 TT48 BR3.4 D0.5 AR4.9 EC50 S16 DPT3 R13 CT50	engageRadius=11 leashRadius=8.5 eliteHp=21 meleeMoveSpeed=0.128 meleeAttackInterval=17 shooterMoveSpeed=0.05 shooterAttackInterval=32 eliteSpawnTick=1650 eliteTelegraphTicks=48 eliteBlastRadius=3.4 eliteDamage=0.5 eliteApproachRange=4.9 absoluteEnemyCap=50 backlogSize=16 backlogDrainPerTick=3 spawnRadius=13 eliteCooldownTicks=50 phases=16-22-28|9-7-5|7:1/3:1/1:1	8	6	3	4		0.552	0.152	0.293	0.107	0	10.11	0.183		I3;I8;I10
R e11/s15 5:1/3:2/1:1 c12-18-24 i9-7-5 R11 R10.5 H18 MS0.128 AI16 MS0.05 AI34 ST1650 TT48 BR2.4 D0.5 AR4.9 EC60 S16 DPT2 R15 CT50	engageRadius=11 leashRadius=10.5 eliteHp=18 meleeMoveSpeed=0.128 meleeAttackInterval=16 shooterMoveSpeed=0.05 shooterAttackInterval=34 eliteSpawnTick=1650 eliteTelegraphTicks=48 eliteBlastRadius=2.4 eliteDamage=0.5 eliteApproachRange=4.9 absoluteEnemyCap=60 backlogSize=16 backlogDrainPerTick=2 spawnRadius=15 eliteCooldownTicks=50 phases=12-18-24|9-7-5|5:1/3:2/1:1	8	7	3	2		0.563	0.197	0.265	0.102	0	12.01	0.242		I3;I8
R e12/s16 6:1/3:1/2:1 c14-20-26 i8-6-5 R12 R10 H21 MS0.145 AI17 MS0.055 AI28 ST1800 TT62 BR3.4 D0.3 AR3.5 EC50 S12 DPT3 R16 CT64	engageRadius=12 leashRadius=10 eliteHp=21 meleeMoveSpeed=0.145 meleeAttackInterval=17 shooterMoveSpeed=0.055 shooterAttackInterval=28 eliteSpawnTick=1800 eliteTelegraphTicks=62 eliteBlastRadius=3.4 eliteDamage=0.3 eliteApproachRange=3.5 absoluteEnemyCap=50 backlogSize=12 backlogDrainPerTick=3 spawnRadius=16 eliteCooldownTicks=64 phases=14-20-26|8-6-5|6:1/3:1/2:1	4	2	1	1		1.027	0.252	0.485	0.291	0	17.90	0.220		skilled 8/8;I2;I2 windows;I3;I8
R e12/s16 6:1/3:1/2:1 c14-20-26 i10-8-6 R12 R9.5 H20 MS0.132 AI15 MS0.065 AI30 ST1500 TT48 BR2.4 D0.3 AR4.9 EC60 S16 DPT2 R16 CT50	engageRadius=12 leashRadius=9.5 eliteHp=20 meleeMoveSpeed=0.132 meleeAttackInterval=15 shooterMoveSpeed=0.065 shooterAttackInterval=30 eliteSpawnTick=1500 eliteTelegraphTicks=48 eliteBlastRadius=2.4 eliteDamage=0.3 eliteApproachRange=4.9 absoluteEnemyCap=60 backlogSize=16 backlogDrainPerTick=2 spawnRadius=16 eliteCooldownTicks=50 phases=14-20-26|10-8-6|6:1/3:1/2:1	8	8	7	8		0.416	0.148	0.259	0.009	0	9.47	0.156		I2;I2 windows;I3;I8;I10
R e11/s14 6:1/2:1/1:1 c16-22-28 i10-8-6 R11 R9 H20 MS0.132 AI16 MS0.065 AI34 ST1800 TT48 BR2.4 D0.3 AR4.5 EC50 S12 DPT3 R14 CT50	engageRadius=11 leashRadius=9 eliteHp=20 meleeMoveSpeed=0.132 meleeAttackInterval=16 shooterMoveSpeed=0.065 shooterAttackInterval=34 eliteSpawnTick=1800 eliteTelegraphTicks=48 eliteBlastRadius=2.4 eliteDamage=0.3 eliteApproachRange=4.5 absoluteEnemyCap=50 backlogSize=12 backlogDrainPerTick=3 spawnRadius=14 eliteCooldownTicks=50 phases=16-22-28|10-8-6|6:1/2:1/1:1	8	8	4	5		0.460	0.146	0.171	0.142	0	8.83	0.253		I2;I3;I8;I10
R e12/s15 5:1/3:1/3:2 c17-23-29 i8-7-5 R12 R9 H21 MS0.128 AI15 MS0.065 AI26 ST1650 TT62 BR3 D0.4 AR4.9 EC70 S16 DPT2 R15 CT64	engageRadius=12 leashRadius=9 eliteHp=21 meleeMoveSpeed=0.128 meleeAttackInterval=15 shooterMoveSpeed=0.065 shooterAttackInterval=26 eliteSpawnTick=1650 eliteTelegraphTicks=62 eliteBlastRadius=3 eliteDamage=0.4 eliteApproachRange=4.9 absoluteEnemyCap=70 backlogSize=16 backlogDrainPerTick=2 spawnRadius=15 eliteCooldownTicks=64 phases=17-23-29|8-7-5|5:1/3:1/3:2	7	3	2	2		0.680	0.229	0.313	0.137	0	13.20	0.220		skilled 8/8;I3;I8
R e13/s16 5:1/3:1/2:1 c16-22-28 i8-7-5 R13 R9 H18 MS0.128 AI17 MS0.06 AI32 ST1650 TT48 BR2 D0.3 AR4.5 EC60 S12 DPT2 R16 CT50	engageRadius=13 leashRadius=9 eliteHp=18 meleeMoveSpeed=0.128 meleeAttackInterval=17 shooterMoveSpeed=0.06 shooterAttackInterval=32 eliteSpawnTick=1650 eliteTelegraphTicks=48 eliteBlastRadius=2 eliteDamage=0.3 eliteApproachRange=4.5 absoluteEnemyCap=60 backlogSize=12 backlogDrainPerTick=2 spawnRadius=16 eliteCooldownTicks=50 phases=16-22-28|8-7-5|5:1/3:1/2:1	8	6	4	6		0.494	0.195	0.274	0.025	0	13.59	0.208		I2;I2 windows;I3;I8;I10
R e13/s17 5:1/2:1/2:3 c16-22-28 i10-8-6 R13 R10.5 H19 MS0.136 AI15 MS0.07 AI28 ST1800 TT54 BR2.4 D0.5 AR4.9 EC70 S16 DPT3 R17 CT56	engageRadius=13 leashRadius=10.5 eliteHp=19 meleeMoveSpeed=0.136 meleeAttackInterval=15 shooterMoveSpeed=0.07 shooterAttackInterval=28 eliteSpawnTick=1800 eliteTelegraphTicks=54 eliteBlastRadius=2.4 eliteDamage=0.5 eliteApproachRange=4.9 absoluteEnemyCap=70 backlogSize=16 backlogDrainPerTick=3 spawnRadius=17 eliteCooldownTicks=56 phases=16-22-28|10-8-6|5:1/2:1/2:3	8	4	3	3		0.551	0.176	0.239	0.136	0	11.53	0.280		I3;I8;I10
R e12/s16 5:1/3:1/1:1 c16-22-28 i9-7-5 R12 R9.5 H22 MS0.145 AI15 MS0.065 AI34 ST1650 TT62 BR2 D0.3 AR4.9 EC70 S10 DPT3 R16 CT64	engageRadius=12 leashRadius=9.5 eliteHp=22 meleeMoveSpeed=0.145 meleeAttackInterval=15 shooterMoveSpeed=0.065 shooterAttackInterval=34 eliteSpawnTick=1650 eliteTelegraphTicks=62 eliteBlastRadius=2 eliteDamage=0.3 eliteApproachRange=4.9 absoluteEnemyCap=70 backlogSize=10 backlogDrainPerTick=3 spawnRadius=16 eliteCooldownTicks=64 phases=16-22-28|9-7-5|5:1/3:1/1:1	8	3	2	2		0.689	0.226	0.336	0.126	0	12.71	0.182		I3;I8
R e11/s16 5:1/2:1/3:2 c16-22-28 i9-7-5 R11 R8.5 H18 MS0.145 AI15 MS0.07 AI30 ST1650 TT62 BR3.4 D0.4 AR4.9 EC70 S16 DPT2 R16 CT64	engageRadius=11 leashRadius=8.5 eliteHp=18 meleeMoveSpeed=0.145 meleeAttackInterval=15 shooterMoveSpeed=0.07 shooterAttackInterval=30 eliteSpawnTick=1650 eliteTelegraphTicks=62 eliteBlastRadius=3.4 eliteDamage=0.4 eliteApproachRange=4.9 absoluteEnemyCap=70 backlogSize=16 backlogDrainPerTick=2 spawnRadius=16 eliteCooldownTicks=64 phases=16-22-28|9-7-5|5:1/2:1/3:2	8	3	2	2		0.559	0.187	0.304	0.067	0	11.86	0.239		I2 windows;I3;I8
R e11/s16 5:1/3:1/2:1 c16-22-28 i10-8-6 R11 R11 H20 MS0.136 AI18 MS0.065 AI32 ST1800 TT48 BR2.4 D0.5 AR3.5 EC50 S12 DPT2 R16 CT50	engageRadius=11 leashRadius=11 eliteHp=20 meleeMoveSpeed=0.136 meleeAttackInterval=18 shooterMoveSpeed=0.065 shooterAttackInterval=32 eliteSpawnTick=1800 eliteTelegraphTicks=48 eliteBlastRadius=2.4 eliteDamage=0.5 eliteApproachRange=3.5 absoluteEnemyCap=50 backlogSize=12 backlogDrainPerTick=2 spawnRadius=16 eliteCooldownTicks=50 phases=16-22-28|10-8-6|5:1/3:1/2:1	8	5	2	4		0.549	0.171	0.209	0.169	0	10.10	0.217		I2;I3;I8;I10
R e13/s17 5:1/2:1/1:1 c14-20-26 i9-8-6 R13 R8.5 H19 MS0.132 AI16 MS0.06 AI32 ST1650 TT62 BR2 D0.3 AR3.5 EC60 S16 DPT2 R17 CT64	engageRadius=13 leashRadius=8.5 eliteHp=19 meleeMoveSpeed=0.132 meleeAttackInterval=16 shooterMoveSpeed=0.06 shooterAttackInterval=32 eliteSpawnTick=1650 eliteTelegraphTicks=62 eliteBlastRadius=2 eliteDamage=0.3 eliteApproachRange=3.5 absoluteEnemyCap=60 backlogSize=16 backlogDrainPerTick=2 spawnRadius=17 eliteCooldownTicks=64 phases=14-20-26|9-8-6|5:1/2:1/1:1	8	8	8	8		0.412	0.154	0.216	0.042	0	11.88	0.230		I2;I2 windows;I3;I8;I10
R e11/s13 6:1/2:1/1:1 c14-20-26 i9-7-5 R11 R9.5 H20 MS0.132 AI14 MS0.06 AI28 ST1800 TT48 BR3.4 D0.5 AR3.5 EC60 S16 DPT3 R13 CT50	engageRadius=11 leashRadius=9.5 eliteHp=20 meleeMoveSpeed=0.132 meleeAttackInterval=14 shooterMoveSpeed=0.06 shooterAttackInterval=28 eliteSpawnTick=1800 eliteTelegraphTicks=48 eliteBlastRadius=3.4 eliteDamage=0.5 eliteApproachRange=3.5 absoluteEnemyCap=60 backlogSize=16 backlogDrainPerTick=3 spawnRadius=13 eliteCooldownTicks=50 phases=14-20-26|9-7-5|6:1/2:1/1:1	8	2	0	1		0.770	0.225	0.294	0.251	0	10.83	0.235		I8
R e11/s16 5:1/2:1/2:3 c14-20-26 i8-6-5 R11 R9.5 H18 MS0.14 AI15 MS0.06 AI30 ST1800 TT54 BR2 D0.5 AR3.5 EC60 S16 DPT3 R16 CT56	engageRadius=11 leashRadius=9.5 eliteHp=18 meleeMoveSpeed=0.14 meleeAttackInterval=15 shooterMoveSpeed=0.06 shooterAttackInterval=30 eliteSpawnTick=1800 eliteTelegraphTicks=54 eliteBlastRadius=2 eliteDamage=0.5 eliteApproachRange=3.5 absoluteEnemyCap=60 backlogSize=16 backlogDrainPerTick=3 spawnRadius=16 eliteCooldownTicks=56 phases=14-20-26|8-6-5|5:1/2:1/2:3	3	0	0	0		1.011	0.278	0.437	0.296	0	18.42	0.291		skilled 8/8;I2
R e12/s15 9:2/3:1/2:1 c14-20-26 i9-8-6 R12 R10.5 H21 MS0.132 AI17 MS0.06 AI30 ST1800 TT54 BR3 D0.3 AR3.5 EC70 S16 DPT2 R15 CT56	engageRadius=12 leashRadius=10.5 eliteHp=21 meleeMoveSpeed=0.132 meleeAttackInterval=17 shooterMoveSpeed=0.06 shooterAttackInterval=30 eliteSpawnTick=1800 eliteTelegraphTicks=54 eliteBlastRadius=3 eliteDamage=0.3 eliteApproachRange=3.5 absoluteEnemyCap=70 backlogSize=16 backlogDrainPerTick=2 spawnRadius=15 eliteCooldownTicks=56 phases=14-20-26|9-8-6|9:2/3:1/2:1	8	3	2	2		0.608	0.207	0.206	0.196	0	10.52	0.211		I3;I8
R e10/s14 7:1/3:1/1:1 c17-23-29 i7-6-5 R10 R8.5 H22 MS0.132 AI17 MS0.06 AI28 ST1800 TT54 BR2 D0.5 AR3.5 EC60 S10 DPT3 R14 CT56	engageRadius=10 leashRadius=8.5 eliteHp=22 meleeMoveSpeed=0.132 meleeAttackInterval=17 shooterMoveSpeed=0.06 shooterAttackInterval=28 eliteSpawnTick=1800 eliteTelegraphTicks=54 eliteBlastRadius=2 eliteDamage=0.5 eliteApproachRange=3.5 absoluteEnemyCap=60 backlogSize=10 backlogDrainPerTick=3 spawnRadius=14 eliteCooldownTicks=56 phases=17-23-29|7-6-5|7:1/3:1/1:1	5	1	0	0		0.970	0.271	0.468	0.231	0	17.74	0.266		skilled 8/8;I2;I2 windows;I8
R e10/s14 9:2/3:1/2:1 c14-20-26 i9-8-6 R10 R9.5 H21 MS0.128 AI18 MS0.05 AI26 ST1500 TT40 BR3.4 D0.3 AR4.9 EC60 S10 DPT3 R14 CT42	engageRadius=10 leashRadius=9.5 eliteHp=21 meleeMoveSpeed=0.128 meleeAttackInterval=18 shooterMoveSpeed=0.05 shooterAttackInterval=26 eliteSpawnTick=1500 eliteTelegraphTicks=40 eliteBlastRadius=3.4 eliteDamage=0.3 eliteApproachRange=4.9 absoluteEnemyCap=60 backlogSize=10 backlogDrainPerTick=3 spawnRadius=14 eliteCooldownTicks=42 phases=14-20-26|9-8-6|9:2/3:1/2:1	8	7	5	6		0.410	0.160	0.243	0.008	0	9.22	0.197		I2;I2 windows;I3;I8;I10
R e12/s16 5:1/3:1/2:1 c14-20-26 i7-6-5 R12 R9 H19 MS0.145 AI16 MS0.05 AI34 ST1500 TT48 BR3.4 D0.5 AR3.5 EC50 S10 DPT3 R16 CT50	engageRadius=12 leashRadius=9 eliteHp=19 meleeMoveSpeed=0.145 meleeAttackInterval=16 shooterMoveSpeed=0.05 shooterAttackInterval=34 eliteSpawnTick=1500 eliteTelegraphTicks=48 eliteBlastRadius=3.4 eliteDamage=0.5 eliteApproachRange=3.5 absoluteEnemyCap=50 backlogSize=10 backlogDrainPerTick=3 spawnRadius=16 eliteCooldownTicks=50 phases=14-20-26|7-6-5|5:1/3:1/2:1	5	2	2	2		0.920	0.321	0.560	0.038	0	18.99	0.171		skilled 8/8;I2;I2 windows;I3;I8
R e10/s15 7:1/3:1/1:1 c12-18-24 i7-6-5 R10 R8.5 H19 MS0.128 AI16 MS0.05 AI34 ST1500 TT54 BR2 D0.3 AR4.5 EC50 S12 DPT2 R15 CT56	engageRadius=10 leashRadius=8.5 eliteHp=19 meleeMoveSpeed=0.128 meleeAttackInterval=16 shooterMoveSpeed=0.05 shooterAttackInterval=34 eliteSpawnTick=1500 eliteTelegraphTicks=54 eliteBlastRadius=2 eliteDamage=0.3 eliteApproachRange=4.5 absoluteEnemyCap=50 backlogSize=12 backlogDrainPerTick=2 spawnRadius=15 eliteCooldownTicks=56 phases=12-18-24|7-6-5|7:1/3:1/1:1	8	5	3	4		0.662	0.229	0.433	0.000	0	17.60	0.221		I2 windows;I3;I8;I10
R e11/s14 5:1/2:1/1:1 c16-22-28 i9-8-6 R11 R9.5 H22 MS0.136 AI15 MS0.06 AI28 ST1500 TT40 BR2 D0.5 AR3.5 EC60 S16 DPT2 R14 CT42	engageRadius=11 leashRadius=9.5 eliteHp=22 meleeMoveSpeed=0.136 meleeAttackInterval=15 shooterMoveSpeed=0.06 shooterAttackInterval=28 eliteSpawnTick=1500 eliteTelegraphTicks=40 eliteBlastRadius=2 eliteDamage=0.5 eliteApproachRange=3.5 absoluteEnemyCap=60 backlogSize=16 backlogDrainPerTick=2 spawnRadius=14 eliteCooldownTicks=42 phases=16-22-28|9-8-6|5:1/2:1/1:1	8	5	4	3		0.503	0.217	0.285	0.000	0	9.09	0.216		I2;I2 windows;I3;I8;I10
R e12/s17 5:1/3:2/1:1 c16-22-28 i10-7-5 R12 R10.5 H19 MS0.128 AI14 MS0.06 AI32 ST1800 TT62 BR2.4 D0.5 AR4.9 EC60 S10 DPT2 R17 CT64	engageRadius=12 leashRadius=10.5 eliteHp=19 meleeMoveSpeed=0.128 meleeAttackInterval=14 shooterMoveSpeed=0.06 shooterAttackInterval=32 eliteSpawnTick=1800 eliteTelegraphTicks=62 eliteBlastRadius=2.4 eliteDamage=0.5 eliteApproachRange=4.9 absoluteEnemyCap=60 backlogSize=10 backlogDrainPerTick=2 spawnRadius=17 eliteCooldownTicks=64 phases=16-22-28|10-7-5|5:1/3:2/1:1	8	3	3	3		0.688	0.157	0.277	0.254	0	14.74	0.311		I3;I8;I10
R e13/s18 6:1/3:1/2:1 c12-18-24 i9-8-6 R13 R10.5 H20 MS0.14 AI17 MS0.06 AI32 ST1800 TT54 BR2.4 D0.3 AR4.9 EC70 S10 DPT3 R18 CT56	engageRadius=13 leashRadius=10.5 eliteHp=20 meleeMoveSpeed=0.14 meleeAttackInterval=17 shooterMoveSpeed=0.06 shooterAttackInterval=32 eliteSpawnTick=1800 eliteTelegraphTicks=54 eliteBlastRadius=2.4 eliteDamage=0.3 eliteApproachRange=4.9 absoluteEnemyCap=70 backlogSize=10 backlogDrainPerTick=3 spawnRadius=18 eliteCooldownTicks=56 phases=12-18-24|9-8-6|6:1/3:1/2:1	8	6	4	4		0.565	0.192	0.209	0.164	0	11.89	0.178		I3;I8;I10
R e13/s15 5:1/3:1/1:1 c14-20-26 i8-7-5 R13 R8.5 H19 MS0.128 AI18 MS0.055 AI32 ST1650 TT40 BR2 D0.3 AR4.5 EC70 S10 DPT2 R15 CT42	engageRadius=13 leashRadius=8.5 eliteHp=19 meleeMoveSpeed=0.128 meleeAttackInterval=18 shooterMoveSpeed=0.055 shooterAttackInterval=32 eliteSpawnTick=1650 eliteTelegraphTicks=40 eliteBlastRadius=2 eliteDamage=0.3 eliteApproachRange=4.5 absoluteEnemyCap=70 backlogSize=10 backlogDrainPerTick=2 spawnRadius=15 eliteCooldownTicks=42 phases=14-20-26|8-7-5|5:1/3:1/1:1	8	5	3	4		0.515	0.191	0.257	0.067	0	13.19	0.214		I2;I2 windows;I3;I8;I10
R e13/s15 5:1/2:1/2:3 c14-20-26 i10-8-6 R13 R11 H18 MS0.132 AI17 MS0.065 AI34 ST1500 TT54 BR3.4 D0.5 AR4.5 EC60 S12 DPT2 R15 CT56	engageRadius=13 leashRadius=11 eliteHp=18 meleeMoveSpeed=0.132 meleeAttackInterval=17 shooterMoveSpeed=0.065 shooterAttackInterval=34 eliteSpawnTick=1500 eliteTelegraphTicks=54 eliteBlastRadius=3.4 eliteDamage=0.5 eliteApproachRange=4.5 absoluteEnemyCap=60 backlogSize=12 backlogDrainPerTick=2 spawnRadius=15 eliteCooldownTicks=56 phases=14-20-26|10-8-6|5:1/2:1/2:3	8	8	6	8		0.507	0.186	0.298	0.022	0	9.26	0.204		I2;I2 windows;I3;I8;I10
R e12/s16 7:1/3:1/1:1 c14-20-26 i8-6-5 R12 R10.5 H20 MS0.128 AI17 MS0.055 AI34 ST1650 TT54 BR2.4 D0.4 AR4.9 EC70 S12 DPT3 R16 CT56	engageRadius=12 leashRadius=10.5 eliteHp=20 meleeMoveSpeed=0.128 meleeAttackInterval=17 shooterMoveSpeed=0.055 shooterAttackInterval=34 eliteSpawnTick=1650 eliteTelegraphTicks=54 eliteBlastRadius=2.4 eliteDamage=0.4 eliteApproachRange=4.9 absoluteEnemyCap=70 backlogSize=12 backlogDrainPerTick=3 spawnRadius=16 eliteCooldownTicks=56 phases=14-20-26|8-6-5|7:1/3:1/1:1	7	4	3	3		0.790	0.211	0.435	0.143	0	16.97	0.218		skilled 8/8;I3;I8;I10
R e13/s16 9:2/3:1/2:1 c16-22-28 i9-8-6 R13 R11 H18 MS0.136 AI14 MS0.055 AI26 ST1650 TT54 BR3.4 D0.3 AR3.5 EC70 S16 DPT3 R16 CT56	engageRadius=13 leashRadius=11 eliteHp=18 meleeMoveSpeed=0.136 meleeAttackInterval=14 shooterMoveSpeed=0.055 shooterAttackInterval=26 eliteSpawnTick=1650 eliteTelegraphTicks=54 eliteBlastRadius=3.4 eliteDamage=0.3 eliteApproachRange=3.5 absoluteEnemyCap=70 backlogSize=16 backlogDrainPerTick=3 spawnRadius=16 eliteCooldownTicks=56 phases=16-22-28|9-8-6|9:2/3:1/2:1	8	3	2	2		0.595	0.251	0.276	0.069	0	10.69	0.180		I2 windows;I3;I8
R e13/s17 7:1/3:1/1:1 c16-22-28 i10-7-5 R13 R8.5 H20 MS0.132 AI14 MS0.06 AI26 ST1650 TT48 BR3 D0.3 AR4.5 EC70 S16 DPT2 R17 CT50	engageRadius=13 leashRadius=8.5 eliteHp=20 meleeMoveSpeed=0.132 meleeAttackInterval=14 shooterMoveSpeed=0.06 shooterAttackInterval=26 eliteSpawnTick=1650 eliteTelegraphTicks=48 eliteBlastRadius=3 eliteDamage=0.3 eliteApproachRange=4.5 absoluteEnemyCap=70 backlogSize=16 backlogDrainPerTick=2 spawnRadius=17 eliteCooldownTicks=50 phases=16-22-28|10-7-5|7:1/3:1/1:1	8	5	5	6		0.489	0.113	0.275	0.102	0	12.66	0.209		I2;I3;I8;I10
R e10/s12 5:1/3:1/3:2 c17-23-29 i9-7-5 R10 R9.5 H22 MS0.132 AI14 MS0.07 AI26 ST1500 TT40 BR3 D0.4 AR4.9 EC70 S10 DPT2 R12 CT42	engageRadius=10 leashRadius=9.5 eliteHp=22 meleeMoveSpeed=0.132 meleeAttackInterval=14 shooterMoveSpeed=0.07 shooterAttackInterval=26 eliteSpawnTick=1500 eliteTelegraphTicks=40 eliteBlastRadius=3 eliteDamage=0.4 eliteApproachRange=4.9 absoluteEnemyCap=70 backlogSize=10 backlogDrainPerTick=2 spawnRadius=12 eliteCooldownTicks=42 phases=17-23-29|9-7-5|5:1/3:1/3:2	6	3	2	2		0.787	0.256	0.496	0.036	0	9.63	0.164		skilled 8/8;I2 windows;I3;I8
R e13/s17 5:1/3:2/2:3 c16-22-28 i8-6-5 R13 R9 H20 MS0.128 AI17 MS0.07 AI26 ST1650 TT48 BR2 D0.4 AR4.9 EC60 S10 DPT3 R17 CT50	engageRadius=13 leashRadius=9 eliteHp=20 meleeMoveSpeed=0.128 meleeAttackInterval=17 shooterMoveSpeed=0.07 shooterAttackInterval=26 eliteSpawnTick=1650 eliteTelegraphTicks=48 eliteBlastRadius=2 eliteDamage=0.4 eliteApproachRange=4.9 absoluteEnemyCap=60 backlogSize=10 backlogDrainPerTick=3 spawnRadius=17 eliteCooldownTicks=50 phases=16-22-28|8-6-5|5:1/3:2/2:3	7	3	3	3		0.715	0.179	0.351	0.185	0	19.43	0.392		skilled 8/8;I3;I8;I10
R e11/s14 5:1/2:1/2:3 c16-22-28 i9-7-5 R11 R9.5 H19 MS0.136 AI16 MS0.07 AI34 ST1650 TT40 BR3.4 D0.3 AR4.9 EC70 S12 DPT3 R14 CT42	engageRadius=11 leashRadius=9.5 eliteHp=19 meleeMoveSpeed=0.136 meleeAttackInterval=16 shooterMoveSpeed=0.07 shooterAttackInterval=34 eliteSpawnTick=1650 eliteTelegraphTicks=40 eliteBlastRadius=3.4 eliteDamage=0.3 eliteApproachRange=4.9 absoluteEnemyCap=70 backlogSize=12 backlogDrainPerTick=3 spawnRadius=14 eliteCooldownTicks=42 phases=16-22-28|9-7-5|5:1/2:1/2:3	8	3	2	2		0.593	0.206	0.311	0.076	0	10.97	0.237		I2 windows;I3;I8
R e13/s18 5:1/3:1/2:1 c14-20-26 i8-7-5 R13 R10.5 H19 MS0.132 AI17 MS0.06 AI34 ST1650 TT54 BR2 D0.5 AR3.5 EC60 S16 DPT2 R18 CT56	engageRadius=13 leashRadius=10.5 eliteHp=19 meleeMoveSpeed=0.132 meleeAttackInterval=17 shooterMoveSpeed=0.06 shooterAttackInterval=34 eliteSpawnTick=1650 eliteTelegraphTicks=54 eliteBlastRadius=2 eliteDamage=0.5 eliteApproachRange=3.5 absoluteEnemyCap=60 backlogSize=16 backlogDrainPerTick=2 spawnRadius=18 eliteCooldownTicks=56 phases=14-20-26|8-7-5|5:1/3:1/2:1	8	7	4	5		0.577	0.204	0.293	0.079	0	16.01	0.198		I2 windows;I3;I8;I10
R e12/s17 5:1/2:1/2:3 c17-23-29 i9-7-5 R12 R9.5 H21 MS0.145 AI16 MS0.07 AI28 ST1800 TT54 BR2.4 D0.4 AR4.9 EC60 S10 DPT3 R17 CT56	engageRadius=12 leashRadius=9.5 eliteHp=21 meleeMoveSpeed=0.145 meleeAttackInterval=16 shooterMoveSpeed=0.07 shooterAttackInterval=28 eliteSpawnTick=1800 eliteTelegraphTicks=54 eliteBlastRadius=2.4 eliteDamage=0.4 eliteApproachRange=4.9 absoluteEnemyCap=60 backlogSize=10 backlogDrainPerTick=3 spawnRadius=17 eliteCooldownTicks=56 phases=17-23-29|9-7-5|5:1/2:1/2:3	8	3	2	2		0.750	0.197	0.304	0.249	0	14.05	0.299		I3;I8
R e12/s15 9:2/3:1/2:1 c16-22-28 i9-7-5 R12 R11 H20 MS0.132 AI15 MS0.06 AI34 ST1650 TT48 BR2 D0.5 AR4.9 EC70 S10 DPT2 R15 CT50	engageRadius=12 leashRadius=11 eliteHp=20 meleeMoveSpeed=0.132 meleeAttackInterval=15 shooterMoveSpeed=0.06 shooterAttackInterval=34 eliteSpawnTick=1650 eliteTelegraphTicks=48 eliteBlastRadius=2 eliteDamage=0.5 eliteApproachRange=4.9 absoluteEnemyCap=70 backlogSize=10 backlogDrainPerTick=2 spawnRadius=15 eliteCooldownTicks=50 phases=16-22-28|9-7-5|9:2/3:1/2:1	8	4	2	2		0.674	0.237	0.324	0.113	0	11.81	0.185		I3;I8
R e11/s14 5:1/3:1/2:1 c14-20-26 i7-6-5 R11 R11 H21 MS0.14 AI15 MS0.065 AI32 ST1500 TT40 BR3 D0.3 AR4.9 EC70 S16 DPT2 R14 CT42	engageRadius=11 leashRadius=11 eliteHp=21 meleeMoveSpeed=0.14 meleeAttackInterval=15 shooterMoveSpeed=0.065 shooterAttackInterval=32 eliteSpawnTick=1500 eliteTelegraphTicks=40 eliteBlastRadius=3 eliteDamage=0.3 eliteApproachRange=4.9 absoluteEnemyCap=70 backlogSize=16 backlogDrainPerTick=2 spawnRadius=14 eliteCooldownTicks=42 phases=14-20-26|7-6-5|5:1/3:1/2:1	3	0	0	0		1.071	0.409	0.653	0.008	0	16.85	0.177		skilled 8/8;I2;I2 windows
R e10/s13 5:1/3:2/1:1 c16-22-28 i9-7-5 R10 R10 H19 MS0.128 AI14 MS0.065 AI32 ST1800 TT48 BR2 D0.3 AR3.5 EC50 S10 DPT3 R13 CT50	engageRadius=10 leashRadius=10 eliteHp=19 meleeMoveSpeed=0.128 meleeAttackInterval=14 shooterMoveSpeed=0.065 shooterAttackInterval=32 eliteSpawnTick=1800 eliteTelegraphTicks=48 eliteBlastRadius=2 eliteDamage=0.3 eliteApproachRange=3.5 absoluteEnemyCap=50 backlogSize=10 backlogDrainPerTick=3 spawnRadius=13 eliteCooldownTicks=50 phases=16-22-28|9-7-5|5:1/3:2/1:1	8	3	1	1		0.747	0.237	0.281	0.228	0	10.95	0.271		I3;I8
R e12/s16 6:1/3:1/2:1 c16-22-28 i8-7-5 R12 R9.5 H20 MS0.136 AI17 MS0.07 AI34 ST1800 TT48 BR2 D0.5 AR3.5 EC70 S12 DPT3 R16 CT50	engageRadius=12 leashRadius=9.5 eliteHp=20 meleeMoveSpeed=0.136 meleeAttackInterval=17 shooterMoveSpeed=0.07 shooterAttackInterval=34 eliteSpawnTick=1800 eliteTelegraphTicks=48 eliteBlastRadius=2 eliteDamage=0.5 eliteApproachRange=3.5 absoluteEnemyCap=70 backlogSize=12 backlogDrainPerTick=3 spawnRadius=16 eliteCooldownTicks=50 phases=16-22-28|8-7-5|6:1/3:1/2:1	8	4	1	2		0.678	0.214	0.264	0.199	0	13.40	0.197		I3;I8
R e13/s16 9:2/3:1/2:1 c12-18-24 i10-8-6 R13 R11 H21 MS0.128 AI15 MS0.07 AI30 ST1800 TT48 BR2 D0.5 AR3.5 EC50 S16 DPT2 R16 CT50	engageRadius=13 leashRadius=11 eliteHp=21 meleeMoveSpeed=0.128 meleeAttackInterval=15 shooterMoveSpeed=0.07 shooterAttackInterval=30 eliteSpawnTick=1800 eliteTelegraphTicks=48 eliteBlastRadius=2 eliteDamage=0.5 eliteApproachRange=3.5 absoluteEnemyCap=50 backlogSize=16 backlogDrainPerTick=2 spawnRadius=16 eliteCooldownTicks=50 phases=12-18-24|10-8-6|9:2/3:1/2:1	8	6	3	3		0.572	0.161	0.224	0.187	0	10.29	0.208		I3;I8;I10
R e13/s17 6:1/2:1/1:1 c14-20-26 i10-8-6 R13 R10.5 H19 MS0.14 AI18 MS0.055 AI26 ST1650 TT48 BR3 D0.4 AR4.5 EC60 S10 DPT3 R17 CT50	engageRadius=13 leashRadius=10.5 eliteHp=19 meleeMoveSpeed=0.14 meleeAttackInterval=18 shooterMoveSpeed=0.055 shooterAttackInterval=26 eliteSpawnTick=1650 eliteTelegraphTicks=48 eliteBlastRadius=3 eliteDamage=0.4 eliteApproachRange=4.5 absoluteEnemyCap=60 backlogSize=10 backlogDrainPerTick=3 spawnRadius=17 eliteCooldownTicks=50 phases=14-20-26|10-8-6|6:1/2:1/1:1	8	7	5	5		0.485	0.161	0.236	0.088	0	10.93	0.242		I2;I2 windows;I3;I8;I10
R e12/s15 6:1/2:1/1:1 c12-18-24 i9-8-6 R12 R10 H20 MS0.132 AI16 MS0.05 AI32 ST1800 TT40 BR2 D0.4 AR4.9 EC50 S12 DPT2 R15 CT42	engageRadius=12 leashRadius=10 eliteHp=20 meleeMoveSpeed=0.132 meleeAttackInterval=16 shooterMoveSpeed=0.05 shooterAttackInterval=32 eliteSpawnTick=1800 eliteTelegraphTicks=40 eliteBlastRadius=2 eliteDamage=0.4 eliteApproachRange=4.9 absoluteEnemyCap=50 backlogSize=12 backlogDrainPerTick=2 spawnRadius=15 eliteCooldownTicks=42 phases=12-18-24|9-8-6|6:1/2:1/1:1	8	5	4	4		0.522	0.198	0.193	0.132	0	10.51	0.218		I2;I3;I8;I10
R e11/s16 5:1/3:1/3:2 c12-18-24 i9-8-6 R11 R11 H22 MS0.136 AI16 MS0.065 AI26 ST1500 TT62 BR2 D0.4 AR3.5 EC70 S16 DPT2 R16 CT64	engageRadius=11 leashRadius=11 eliteHp=22 meleeMoveSpeed=0.136 meleeAttackInterval=16 shooterMoveSpeed=0.065 shooterAttackInterval=26 eliteSpawnTick=1500 eliteTelegraphTicks=62 eliteBlastRadius=2 eliteDamage=0.4 eliteApproachRange=3.5 absoluteEnemyCap=70 backlogSize=16 backlogDrainPerTick=2 spawnRadius=16 eliteCooldownTicks=64 phases=12-18-24|9-8-6|5:1/3:1/3:2	8	6	3	4		0.582	0.232	0.342	0.008	0	10.31	0.191		I2 windows;I3;I8;I10
R e10/s14 5:1/2:1/3:2 c16-22-28 i10-8-6 R10 R8.5 H19 MS0.128 AI14 MS0.055 AI32 ST1800 TT48 BR2.4 D0.4 AR4.5 EC70 S10 DPT3 R14 CT50	engageRadius=10 leashRadius=8.5 eliteHp=19 meleeMoveSpeed=0.128 meleeAttackInterval=14 shooterMoveSpeed=0.055 shooterAttackInterval=32 eliteSpawnTick=1800 eliteTelegraphTicks=48 eliteBlastRadius=2.4 eliteDamage=0.4 eliteApproachRange=4.5 absoluteEnemyCap=70 backlogSize=10 backlogDrainPerTick=3 spawnRadius=14 eliteCooldownTicks=50 phases=16-22-28|10-8-6|5:1/2:1/3:2	8	7	6	7		0.447	0.139	0.162	0.146	0	9.48	0.240		I2;I3;I8;I10
R e11/s13 5:1/3:2/1:1 c12-18-24 i10-8-6 R11 R10.5 H18 MS0.128 AI14 MS0.06 AI30 ST1800 TT54 BR2 D0.5 AR4.9 EC60 S10 DPT2 R13 CT56	engageRadius=11 leashRadius=10.5 eliteHp=18 meleeMoveSpeed=0.128 meleeAttackInterval=14 shooterMoveSpeed=0.06 shooterAttackInterval=30 eliteSpawnTick=1800 eliteTelegraphTicks=54 eliteBlastRadius=2 eliteDamage=0.5 eliteApproachRange=4.9 absoluteEnemyCap=60 backlogSize=10 backlogDrainPerTick=2 spawnRadius=13 eliteCooldownTicks=56 phases=12-18-24|10-8-6|5:1/3:2/1:1	8	5	2	2		0.546	0.190	0.221	0.135	0	7.93	0.248		I2;I3;I8
R e13/s15 5:1/2:1/1:1 c12-18-24 i10-7-5 R13 R10 H21 MS0.128 AI15 MS0.06 AI28 ST1800 TT54 BR3.4 D0.5 AR4.5 EC50 S10 DPT3 R15 CT56	engageRadius=13 leashRadius=10 eliteHp=21 meleeMoveSpeed=0.128 meleeAttackInterval=15 shooterMoveSpeed=0.06 shooterAttackInterval=28 eliteSpawnTick=1800 eliteTelegraphTicks=54 eliteBlastRadius=3.4 eliteDamage=0.5 eliteApproachRange=4.5 absoluteEnemyCap=50 backlogSize=10 backlogDrainPerTick=3 spawnRadius=15 eliteCooldownTicks=56 phases=12-18-24|10-7-5|5:1/2:1/1:1	8	4	2	2		0.688	0.163	0.289	0.236	0	12.30	0.282		I3;I8
R e11/s15 7:1/3:1/1:1 c17-23-29 i8-6-5 R11 R10.5 H22 MS0.136 AI17 MS0.06 AI30 ST1500 TT40 BR3.4 D0.5 AR3.5 EC70 S16 DPT3 R15 CT42	engageRadius=11 leashRadius=10.5 eliteHp=22 meleeMoveSpeed=0.136 meleeAttackInterval=17 shooterMoveSpeed=0.06 shooterAttackInterval=30 eliteSpawnTick=1500 eliteTelegraphTicks=40 eliteBlastRadius=3.4 eliteDamage=0.5 eliteApproachRange=3.5 absoluteEnemyCap=70 backlogSize=16 backlogDrainPerTick=3 spawnRadius=15 eliteCooldownTicks=42 phases=17-23-29|8-6-5|7:1/3:1/1:1	6	3	1	1		0.919	0.256	0.601	0.063	0	15.21	0.188		skilled 8/8;I2;I2 windows;I3;I8
R e11/s13 5:1/3:1/2:1 c17-23-29 i7-6-5 R11 R9 H22 MS0.132 AI17 MS0.055 AI26 ST1800 TT48 BR2 D0.4 AR3.5 EC70 S10 DPT2 R13 CT50	engageRadius=11 leashRadius=9 eliteHp=22 meleeMoveSpeed=0.132 meleeAttackInterval=17 shooterMoveSpeed=0.055 shooterAttackInterval=26 eliteSpawnTick=1800 eliteTelegraphTicks=48 eliteBlastRadius=2 eliteDamage=0.4 eliteApproachRange=3.5 absoluteEnemyCap=70 backlogSize=10 backlogDrainPerTick=2 spawnRadius=13 eliteCooldownTicks=50 phases=17-23-29|7-6-5|5:1/3:1/2:1	5	0	0	0		1.022	0.302	0.500	0.221	0	17.44	0.252		skilled 8/8;I2;I2 windows
R e10/s14 5:1/2:1/3:2 c16-22-28 i8-6-5 R10 R11 H18 MS0.132 AI18 MS0.055 AI32 ST1650 TT48 BR2.4 D0.3 AR4.9 EC50 S16 DPT2 R14 CT50	engageRadius=10 leashRadius=11 eliteHp=18 meleeMoveSpeed=0.132 meleeAttackInterval=18 shooterMoveSpeed=0.055 shooterAttackInterval=32 eliteSpawnTick=1650 eliteTelegraphTicks=48 eliteBlastRadius=2.4 eliteDamage=0.3 eliteApproachRange=4.9 absoluteEnemyCap=50 backlogSize=16 backlogDrainPerTick=2 spawnRadius=14 eliteCooldownTicks=50 phases=16-22-28|8-6-5|5:1/2:1/3:2	6	3	0	0		0.850	0.262	0.469	0.119	0	15.65	0.254		skilled 8/8;I2;I2 windows;I8
R e13/s16 5:1/3:2/2:3 c17-23-29 i10-8-6 R13 R9.5 H21 MS0.136 AI14 MS0.065 AI34 ST1650 TT54 BR2 D0.3 AR3.5 EC70 S16 DPT2 R16 CT56	engageRadius=13 leashRadius=9.5 eliteHp=21 meleeMoveSpeed=0.136 meleeAttackInterval=14 shooterMoveSpeed=0.065 shooterAttackInterval=34 eliteSpawnTick=1650 eliteTelegraphTicks=54 eliteBlastRadius=2 eliteDamage=0.3 eliteApproachRange=3.5 absoluteEnemyCap=70 backlogSize=16 backlogDrainPerTick=2 spawnRadius=16 eliteCooldownTicks=56 phases=17-23-29|10-8-6|5:1/3:2/2:3	8	6	5	6		0.465	0.164	0.202	0.099	0	10.72	0.257		I2;I2 windows;I3;I8;I10
R e13/s15 5:1/3:1/1:1 c12-18-24 i9-8-6 R13 R11 H22 MS0.145 AI15 MS0.065 AI32 ST1500 TT54 BR2 D0.3 AR4.9 EC60 S12 DPT3 R15 CT56	engageRadius=13 leashRadius=11 eliteHp=22 meleeMoveSpeed=0.145 meleeAttackInterval=15 shooterMoveSpeed=0.065 shooterAttackInterval=32 eliteSpawnTick=1500 eliteTelegraphTicks=54 eliteBlastRadius=2 eliteDamage=0.3 eliteApproachRange=4.9 absoluteEnemyCap=60 backlogSize=12 backlogDrainPerTick=3 spawnRadius=15 eliteCooldownTicks=56 phases=12-18-24|9-8-6|5:1/3:1/1:1	8	6	2	2		0.638	0.281	0.345	0.012	0	9.34	0.150		I2 windows;I3;I8
R e11/s15 5:1/3:1/2:1 c16-22-28 i10-7-5 R11 R10 H18 MS0.14 AI18 MS0.065 AI30 ST1650 TT54 BR3 D0.4 AR3.5 EC70 S10 DPT3 R15 CT56	engageRadius=11 leashRadius=10 eliteHp=18 meleeMoveSpeed=0.14 meleeAttackInterval=18 shooterMoveSpeed=0.065 shooterAttackInterval=30 eliteSpawnTick=1650 eliteTelegraphTicks=54 eliteBlastRadius=3 eliteDamage=0.4 eliteApproachRange=3.5 absoluteEnemyCap=70 backlogSize=10 backlogDrainPerTick=3 spawnRadius=15 eliteCooldownTicks=56 phases=16-22-28|10-7-5|5:1/3:1/2:1	8	4	3	3		0.593	0.172	0.341	0.080	0	10.88	0.212		I2 windows;I3;I8;I10
R e10/s12 5:1/3:1/2:1 c16-22-28 i10-7-5 R10 R9.5 H18 MS0.132 AI16 MS0.055 AI32 ST1650 TT40 BR2 D0.5 AR4.5 EC50 S16 DPT2 R12 CT42	engageRadius=10 leashRadius=9.5 eliteHp=18 meleeMoveSpeed=0.132 meleeAttackInterval=16 shooterMoveSpeed=0.055 shooterAttackInterval=32 eliteSpawnTick=1650 eliteTelegraphTicks=40 eliteBlastRadius=2 eliteDamage=0.5 eliteApproachRange=4.5 absoluteEnemyCap=50 backlogSize=16 backlogDrainPerTick=2 spawnRadius=12 eliteCooldownTicks=42 phases=16-22-28|10-7-5|5:1/3:1/2:1	8	5	2	4		0.600	0.195	0.325	0.080	0	8.21	0.184		I2 windows;I3;I8;I10
R e10/s14 5:1/3:2/1:1 c14-20-26 i7-6-5 R10 R11 H21 MS0.136 AI14 MS0.06 AI32 ST1650 TT62 BR2.4 D0.3 AR4.9 EC70 S16 DPT2 R14 CT64	engageRadius=10 leashRadius=11 eliteHp=21 meleeMoveSpeed=0.136 meleeAttackInterval=14 shooterMoveSpeed=0.06 shooterAttackInterval=32 eliteSpawnTick=1650 eliteTelegraphTicks=62 eliteBlastRadius=2.4 eliteDamage=0.3 eliteApproachRange=4.9 absoluteEnemyCap=70 backlogSize=16 backlogDrainPerTick=2 spawnRadius=14 eliteCooldownTicks=64 phases=14-20-26|7-6-5|5:1/3:2/1:1	3	1	0	0		1.171	0.446	0.616	0.108	0	18.17	0.245		skilled 8/8;I2;I2 windows;I8
R e11/s16 5:1/3:1/1:1 c14-20-26 i10-8-6 R11 R10.5 H20 MS0.128 AI16 MS0.07 AI28 ST1800 TT54 BR2.4 D0.5 AR4.9 EC60 S16 DPT2 R16 CT56	engageRadius=11 leashRadius=10.5 eliteHp=20 meleeMoveSpeed=0.128 meleeAttackInterval=16 shooterMoveSpeed=0.07 shooterAttackInterval=28 eliteSpawnTick=1800 eliteTelegraphTicks=54 eliteBlastRadius=2.4 eliteDamage=0.5 eliteApproachRange=4.9 absoluteEnemyCap=60 backlogSize=16 backlogDrainPerTick=2 spawnRadius=16 eliteCooldownTicks=56 phases=14-20-26|10-8-6|5:1/3:1/1:1	8	6	4	4		0.520	0.178	0.207	0.134	0	10.00	0.244		I2;I3;I8;I10
R e10/s12 5:1/2:1/3:2 c12-18-24 i9-7-5 R10 R10 H19 MS0.132 AI14 MS0.055 AI32 ST1650 TT62 BR2 D0.3 AR3.5 EC70 S16 DPT3 R12 CT64	engageRadius=10 leashRadius=10 eliteHp=19 meleeMoveSpeed=0.132 meleeAttackInterval=14 shooterMoveSpeed=0.055 shooterAttackInterval=32 eliteSpawnTick=1650 eliteTelegraphTicks=62 eliteBlastRadius=2 eliteDamage=0.3 eliteApproachRange=3.5 absoluteEnemyCap=70 backlogSize=16 backlogDrainPerTick=3 spawnRadius=12 eliteCooldownTicks=64 phases=12-18-24|9-7-5|5:1/2:1/3:2	8	3	1	1		0.661	0.258	0.336	0.066	0	9.16	0.197		I2 windows;I3;I8
R e10/s13 6:1/3:1/2:1 c16-22-28 i7-6-5 R10 R8.5 H22 MS0.14 AI15 MS0.065 AI32 ST1500 TT48 BR2 D0.3 AR4.5 EC50 S16 DPT3 R13 CT50	engageRadius=10 leashRadius=8.5 eliteHp=22 meleeMoveSpeed=0.14 meleeAttackInterval=15 shooterMoveSpeed=0.065 shooterAttackInterval=32 eliteSpawnTick=1500 eliteTelegraphTicks=48 eliteBlastRadius=2 eliteDamage=0.3 eliteApproachRange=4.5 absoluteEnemyCap=50 backlogSize=16 backlogDrainPerTick=3 spawnRadius=13 eliteCooldownTicks=50 phases=16-22-28|7-6-5|6:1/3:1/2:1	4	1	0	0		0.998	0.351	0.611	0.036	0	16.18	0.203		skilled 8/8;I2;I2 windows;I8
R e11/s13 5:1/2:1/2:3 c17-23-29 i8-7-5 R11 R9.5 H22 MS0.136 AI14 MS0.07 AI30 ST1500 TT48 BR3.4 D0.5 AR4.5 EC70 S16 DPT3 R13 CT50	engageRadius=11 leashRadius=9.5 eliteHp=22 meleeMoveSpeed=0.136 meleeAttackInterval=14 shooterMoveSpeed=0.07 shooterAttackInterval=30 eliteSpawnTick=1500 eliteTelegraphTicks=48 eliteBlastRadius=3.4 eliteDamage=0.5 eliteApproachRange=4.5 absoluteEnemyCap=70 backlogSize=16 backlogDrainPerTick=3 spawnRadius=13 eliteCooldownTicks=50 phases=17-23-29|8-7-5|5:1/2:1/2:3	7	2	0	0		0.844	0.329	0.474	0.041	0	11.44	0.202		skilled 8/8;I2;I2 windows;I8
R e13/s16 5:1/2:1/2:3 c16-22-28 i8-6-5 R13 R10.5 H19 MS0.14 AI17 MS0.05 AI30 ST1500 TT62 BR3.4 D0.3 AR4.9 EC60 S10 DPT3 R16 CT64	engageRadius=13 leashRadius=10.5 eliteHp=19 meleeMoveSpeed=0.14 meleeAttackInterval=17 shooterMoveSpeed=0.05 shooterAttackInterval=30 eliteSpawnTick=1500 eliteTelegraphTicks=62 eliteBlastRadius=3.4 eliteDamage=0.3 eliteApproachRange=4.9 absoluteEnemyCap=60 backlogSize=10 backlogDrainPerTick=3 spawnRadius=16 eliteCooldownTicks=64 phases=16-22-28|8-6-5|5:1/2:1/2:3	8	3	2	2		0.736	0.244	0.488	0.005	0	15.30	0.240		I2 windows;I3;I8
R e11/s13 5:1/2:1/1:1 c17-23-29 i10-8-6 R11 R9 H21 MS0.14 AI15 MS0.06 AI32 ST1800 TT48 BR2.4 D0.4 AR3.5 EC50 S12 DPT2 R13 CT50	engageRadius=11 leashRadius=9 eliteHp=21 meleeMoveSpeed=0.14 meleeAttackInterval=15 shooterMoveSpeed=0.06 shooterAttackInterval=32 eliteSpawnTick=1800 eliteTelegraphTicks=48 eliteBlastRadius=2.4 eliteDamage=0.4 eliteApproachRange=3.5 absoluteEnemyCap=50 backlogSize=12 backlogDrainPerTick=2 spawnRadius=13 eliteCooldownTicks=50 phases=17-23-29|10-8-6|5:1/2:1/1:1	8	5	4	4		0.541	0.174	0.193	0.174	0	8.03	0.240		I2;I3;I8;I10
R e11/s14 5:1/3:1/1:1 c17-23-29 i9-7-5 R11 R11 H20 MS0.145 AI14 MS0.065 AI30 ST1650 TT62 BR2.4 D0.5 AR4.5 EC70 S16 DPT2 R14 CT64	engageRadius=11 leashRadius=11 eliteHp=20 meleeMoveSpeed=0.145 meleeAttackInterval=14 shooterMoveSpeed=0.065 shooterAttackInterval=30 eliteSpawnTick=1650 eliteTelegraphTicks=62 eliteBlastRadius=2.4 eliteDamage=0.5 eliteApproachRange=4.5 absoluteEnemyCap=70 backlogSize=16 backlogDrainPerTick=2 spawnRadius=14 eliteCooldownTicks=64 phases=17-23-29|9-7-5|5:1/3:1/1:1	5	2	0	0		0.940	0.309	0.447	0.185	0	10.54	0.145		skilled 8/8;I2;I8
R e13/s16 5:1/2:1/2:3 c14-20-26 i7-6-5 R13 R11 H19 MS0.14 AI18 MS0.055 AI26 ST1500 TT48 BR2.4 D0.4 AR3.5 EC50 S10 DPT3 R16 CT50	engageRadius=13 leashRadius=11 eliteHp=19 meleeMoveSpeed=0.14 meleeAttackInterval=18 shooterMoveSpeed=0.055 shooterAttackInterval=26 eliteSpawnTick=1500 eliteTelegraphTicks=48 eliteBlastRadius=2.4 eliteDamage=0.4 eliteApproachRange=3.5 absoluteEnemyCap=50 backlogSize=10 backlogDrainPerTick=3 spawnRadius=16 eliteCooldownTicks=50 phases=14-20-26|7-6-5|5:1/2:1/2:3	7	2	2	2		0.858	0.333	0.523	0.002	0	18.57	0.271		skilled 8/8;I2;I2 windows;I3;I8
R e11/s15 5:1/3:1/3:2 c14-20-26 i9-7-5 R11 R9 H19 MS0.136 AI15 MS0.06 AI26 ST1500 TT48 BR3.4 D0.5 AR3.5 EC60 S10 DPT3 R15 CT50	engageRadius=11 leashRadius=9 eliteHp=19 meleeMoveSpeed=0.136 meleeAttackInterval=15 shooterMoveSpeed=0.06 shooterAttackInterval=26 eliteSpawnTick=1500 eliteTelegraphTicks=48 eliteBlastRadius=3.4 eliteDamage=0.5 eliteApproachRange=3.5 absoluteEnemyCap=60 backlogSize=10 backlogDrainPerTick=3 spawnRadius=15 eliteCooldownTicks=50 phases=14-20-26|9-7-5|5:1/3:1/3:2	8	5	2	2		0.580	0.195	0.355	0.030	0	11.94	0.188		I2 windows;I3;I8
R e12/s15 5:1/3:1/1:1 c16-22-28 i9-7-5 R12 R8.5 H18 MS0.136 AI17 MS0.05 AI26 ST1800 TT54 BR3 D0.4 AR4.9 EC50 S16 DPT2 R15 CT56	engageRadius=12 leashRadius=8.5 eliteHp=18 meleeMoveSpeed=0.136 meleeAttackInterval=17 shooterMoveSpeed=0.05 shooterAttackInterval=26 eliteSpawnTick=1800 eliteTelegraphTicks=54 eliteBlastRadius=3 eliteDamage=0.4 eliteApproachRange=4.9 absoluteEnemyCap=50 backlogSize=16 backlogDrainPerTick=2 spawnRadius=15 eliteCooldownTicks=56 phases=16-22-28|9-7-5|5:1/3:1/1:1	8	3	3	2		0.590	0.159	0.258	0.172	0	12.45	0.232		I3;I8
R e12/s15 7:1/3:1/1:1 c14-20-26 i8-6-5 R12 R10 H19 MS0.145 AI14 MS0.065 AI30 ST1500 TT40 BR2.4 D0.4 AR4.5 EC70 S10 DPT2 R15 CT42	engageRadius=12 leashRadius=10 eliteHp=19 meleeMoveSpeed=0.145 meleeAttackInterval=14 shooterMoveSpeed=0.065 shooterAttackInterval=30 eliteSpawnTick=1500 eliteTelegraphTicks=40 eliteBlastRadius=2.4 eliteDamage=0.4 eliteApproachRange=4.5 absoluteEnemyCap=70 backlogSize=10 backlogDrainPerTick=2 spawnRadius=15 eliteCooldownTicks=42 phases=14-20-26|8-6-5|7:1/3:1/1:1	6	2	0	0		0.922	0.316	0.586	0.020	0	14.87	0.186		skilled 8/8;I2;I2 windows;I8
R e12/s17 6:1/2:1/1:1 c16-22-28 i8-6-5 R12 R9 H21 MS0.14 AI17 MS0.05 AI26 ST1650 TT62 BR2 D0.4 AR4.9 EC70 S12 DPT3 R17 CT64	engageRadius=12 leashRadius=9 eliteHp=21 meleeMoveSpeed=0.14 meleeAttackInterval=17 shooterMoveSpeed=0.05 shooterAttackInterval=26 eliteSpawnTick=1650 eliteTelegraphTicks=62 eliteBlastRadius=2 eliteDamage=0.4 eliteApproachRange=4.9 absoluteEnemyCap=70 backlogSize=12 backlogDrainPerTick=3 spawnRadius=17 eliteCooldownTicks=64 phases=16-22-28|8-6-5|6:1/2:1/1:1	7	3	2	2		0.841	0.217	0.455	0.169	0	18.72	0.287		skilled 8/8;I2;I2 windows;I3;I8
R e13/s15 5:1/3:2/1:1 c16-22-28 i10-8-6 R13 R9.5 H20 MS0.14 AI17 MS0.065 AI28 ST1500 TT48 BR2 D0.3 AR3.5 EC60 S12 DPT3 R15 CT50	engageRadius=13 leashRadius=9.5 eliteHp=20 meleeMoveSpeed=0.14 meleeAttackInterval=17 shooterMoveSpeed=0.065 shooterAttackInterval=28 eliteSpawnTick=1500 eliteTelegraphTicks=48 eliteBlastRadius=2 eliteDamage=0.3 eliteApproachRange=3.5 absoluteEnemyCap=60 backlogSize=12 backlogDrainPerTick=3 spawnRadius=15 eliteCooldownTicks=50 phases=16-22-28|10-8-6|5:1/3:2/1:1	8	8	7	8		0.428	0.151	0.262	0.015	0	9.07	0.275		I2;I2 windows;I3;I8;I10
R e13/s18 5:1/3:2/1:1 c12-18-24 i7-6-5 R13 R10 H19 MS0.145 AI16 MS0.055 AI26 ST1500 TT54 BR3.4 D0.4 AR3.5 EC50 S16 DPT2 R18 CT56	engageRadius=13 leashRadius=10 eliteHp=19 meleeMoveSpeed=0.145 meleeAttackInterval=16 shooterMoveSpeed=0.055 shooterAttackInterval=26 eliteSpawnTick=1500 eliteTelegraphTicks=54 eliteBlastRadius=3.4 eliteDamage=0.4 eliteApproachRange=3.5 absoluteEnemyCap=50 backlogSize=16 backlogDrainPerTick=2 spawnRadius=18 eliteCooldownTicks=56 phases=12-18-24|7-6-5|5:1/3:2/1:1	8	3	1	2		0.825	0.325	0.482	0.018	0	19.94	0.260		I2;I2 windows;I3;I8
R e13/s15 5:1/2:1/1:1 c14-20-26 i10-8-6 R13 R9.5 H18 MS0.136 AI18 MS0.05 AI30 ST1500 TT48 BR3 D0.5 AR4.9 EC70 S10 DPT2 R15 CT50	engageRadius=13 leashRadius=9.5 eliteHp=18 meleeMoveSpeed=0.136 meleeAttackInterval=18 shooterMoveSpeed=0.05 shooterAttackInterval=30 eliteSpawnTick=1500 eliteTelegraphTicks=48 eliteBlastRadius=3 eliteDamage=0.5 eliteApproachRange=4.9 absoluteEnemyCap=70 backlogSize=10 backlogDrainPerTick=2 spawnRadius=15 eliteCooldownTicks=50 phases=14-20-26|10-8-6|5:1/2:1/1:1	8	8	8	8		0.425	0.155	0.248	0.023	0	9.39	0.207		I2;I2 windows;I3;I8;I10
R e13/s16 5:1/2:1/3:2 c14-20-26 i10-7-5 R13 R10.5 H18 MS0.14 AI18 MS0.06 AI34 ST1500 TT40 BR3 D0.4 AR4.5 EC70 S12 DPT3 R16 CT42	engageRadius=13 leashRadius=10.5 eliteHp=18 meleeMoveSpeed=0.14 meleeAttackInterval=18 shooterMoveSpeed=0.06 shooterAttackInterval=34 eliteSpawnTick=1500 eliteTelegraphTicks=40 eliteBlastRadius=3 eliteDamage=0.4 eliteApproachRange=4.5 absoluteEnemyCap=70 backlogSize=12 backlogDrainPerTick=3 spawnRadius=16 eliteCooldownTicks=42 phases=14-20-26|10-7-5|5:1/2:1/3:2	8	7	5	7		0.473	0.170	0.296	0.007	0	11.21	0.212		I2;I2 windows;I3;I8;I10
R e10/s13 6:1/3:1/2:1 c14-20-26 i8-6-5 R10 R11 H21 MS0.128 AI16 MS0.05 AI26 ST1800 TT40 BR3.4 D0.3 AR3.5 EC50 S12 DPT3 R13 CT42	engageRadius=10 leashRadius=11 eliteHp=21 meleeMoveSpeed=0.128 meleeAttackInterval=16 shooterMoveSpeed=0.05 shooterAttackInterval=26 eliteSpawnTick=1800 eliteTelegraphTicks=40 eliteBlastRadius=3.4 eliteDamage=0.3 eliteApproachRange=3.5 absoluteEnemyCap=50 backlogSize=12 backlogDrainPerTick=3 spawnRadius=13 eliteCooldownTicks=42 phases=14-20-26|8-6-5|6:1/3:1/2:1	4	1	0	0		1.013	0.287	0.461	0.264	0	15.39	0.200		skilled 8/8;I2;I2 windows;I8
R e12/s15 5:1/3:1/3:2 c17-23-29 i9-7-5 R12 R8.5 H20 MS0.136 AI17 MS0.07 AI28 ST1800 TT54 BR2.4 D0.4 AR4.9 EC70 S10 DPT3 R15 CT56	engageRadius=12 leashRadius=8.5 eliteHp=20 meleeMoveSpeed=0.136 meleeAttackInterval=17 shooterMoveSpeed=0.07 shooterAttackInterval=28 eliteSpawnTick=1800 eliteTelegraphTicks=54 eliteBlastRadius=2.4 eliteDamage=0.4 eliteApproachRange=4.9 absoluteEnemyCap=70 backlogSize=10 backlogDrainPerTick=3 spawnRadius=15 eliteCooldownTicks=56 phases=17-23-29|9-7-5|5:1/3:1/3:2	8	3	2	2		0.623	0.164	0.246	0.213	0	12.12	0.250		I3;I8
R e11/s14 5:1/3:1/3:2 c17-23-29 i9-7-5 R11 R11 H21 MS0.145 AI18 MS0.05 AI26 ST1800 TT48 BR3 D0.3 AR4.5 EC70 S12 DPT2 R14 CT50	engageRadius=11 leashRadius=11 eliteHp=21 meleeMoveSpeed=0.145 meleeAttackInterval=18 shooterMoveSpeed=0.05 shooterAttackInterval=26 eliteSpawnTick=1800 eliteTelegraphTicks=48 eliteBlastRadius=3 eliteDamage=0.3 eliteApproachRange=4.5 absoluteEnemyCap=70 backlogSize=12 backlogDrainPerTick=2 spawnRadius=14 eliteCooldownTicks=50 phases=17-23-29|9-7-5|5:1/3:1/3:2	5	2	1	1		0.883	0.257	0.316	0.310	0	11.61	0.191		skilled 8/8;I2;I3;I8
R e13/s17 5:1/3:2/1:1 c14-20-26 i8-6-5 R13 R8.5 H19 MS0.132 AI17 MS0.05 AI32 ST1500 TT54 BR3 D0.4 AR4.5 EC60 S10 DPT3 R17 CT56	engageRadius=13 leashRadius=8.5 eliteHp=19 meleeMoveSpeed=0.132 meleeAttackInterval=17 shooterMoveSpeed=0.05 shooterAttackInterval=32 eliteSpawnTick=1500 eliteTelegraphTicks=54 eliteBlastRadius=3 eliteDamage=0.4 eliteApproachRange=4.5 absoluteEnemyCap=60 backlogSize=10 backlogDrainPerTick=3 spawnRadius=17 eliteCooldownTicks=56 phases=14-20-26|8-6-5|5:1/3:2/1:1	8	6	6	5		0.572	0.184	0.387	0.001	0	18.36	0.289		I2 windows;I3;I8;I10
R e11/s16 7:1/3:1/1:1 c17-23-29 i8-7-5 R11 R8.5 H20 MS0.145 AI15 MS0.06 AI28 ST1650 TT48 BR2 D0.5 AR4.9 EC60 S12 DPT3 R16 CT50	engageRadius=11 leashRadius=8.5 eliteHp=20 meleeMoveSpeed=0.145 meleeAttackInterval=15 shooterMoveSpeed=0.06 shooterAttackInterval=28 eliteSpawnTick=1650 eliteTelegraphTicks=48 eliteBlastRadius=2 eliteDamage=0.5 eliteApproachRange=4.9 absoluteEnemyCap=60 backlogSize=12 backlogDrainPerTick=3 spawnRadius=16 eliteCooldownTicks=50 phases=17-23-29|8-7-5|7:1/3:1/1:1	7	3	2	2		0.705	0.238	0.360	0.106	0	12.94	0.170		skilled 8/8;I3;I8
R e13/s16 5:1/3:1/3:2 c16-22-28 i8-7-5 R13 R10 H21 MS0.136 AI17 MS0.055 AI30 ST1650 TT54 BR2.4 D0.5 AR4.5 EC70 S16 DPT2 R16 CT56	engageRadius=13 leashRadius=10 eliteHp=21 meleeMoveSpeed=0.136 meleeAttackInterval=17 shooterMoveSpeed=0.055 shooterAttackInterval=30 eliteSpawnTick=1650 eliteTelegraphTicks=54 eliteBlastRadius=2.4 eliteDamage=0.5 eliteApproachRange=4.5 absoluteEnemyCap=70 backlogSize=16 backlogDrainPerTick=2 spawnRadius=16 eliteCooldownTicks=56 phases=16-22-28|8-7-5|5:1/3:1/3:2	8	3	2	2		0.704	0.233	0.317	0.154	0	13.89	0.193		I3;I8
R e10/s15 5:1/3:2/2:3 c16-22-28 i10-8-6 R10 R9 H19 MS0.132 AI17 MS0.06 AI26 ST1800 TT62 BR3.4 D0.3 AR4.5 EC50 S12 DPT3 R15 CT64	engageRadius=10 leashRadius=9 eliteHp=19 meleeMoveSpeed=0.132 meleeAttackInterval=17 shooterMoveSpeed=0.06 shooterAttackInterval=26 eliteSpawnTick=1800 eliteTelegraphTicks=62 eliteBlastRadius=3.4 eliteDamage=0.3 eliteApproachRange=4.5 absoluteEnemyCap=50 backlogSize=12 backlogDrainPerTick=3 spawnRadius=15 eliteCooldownTicks=64 phases=16-22-28|10-8-6|5:1/3:2/2:3	8	7	6	7		0.476	0.139	0.178	0.158	0	10.65	0.339		I2;I3;I8;I10
R e11/s14 5:1/3:1/2:1 c17-23-29 i9-8-6 R11 R9 H18 MS0.136 AI17 MS0.065 AI30 ST1500 TT40 BR3.4 D0.5 AR4.5 EC70 S16 DPT2 R14 CT42	engageRadius=11 leashRadius=9 eliteHp=18 meleeMoveSpeed=0.136 meleeAttackInterval=17 shooterMoveSpeed=0.065 shooterAttackInterval=30 eliteSpawnTick=1500 eliteTelegraphTicks=40 eliteBlastRadius=3.4 eliteDamage=0.5 eliteApproachRange=4.5 absoluteEnemyCap=70 backlogSize=16 backlogDrainPerTick=2 spawnRadius=14 eliteCooldownTicks=42 phases=17-23-29|9-8-6|5:1/3:1/2:1	8	7	6	7		0.465	0.182	0.283	0.000	0	9.11	0.173		I2;I2 windows;I3;I8;I10
R e11/s15 5:1/3:1/1:1 c12-18-24 i10-8-6 R11 R10 H19 MS0.14 AI16 MS0.06 AI26 ST1500 TT48 BR3.4 D0.4 AR4.5 EC70 S12 DPT3 R15 CT50	engageRadius=11 leashRadius=10 eliteHp=19 meleeMoveSpeed=0.14 meleeAttackInterval=16 shooterMoveSpeed=0.06 shooterAttackInterval=26 eliteSpawnTick=1500 eliteTelegraphTicks=48 eliteBlastRadius=3.4 eliteDamage=0.4 eliteApproachRange=4.5 absoluteEnemyCap=70 backlogSize=12 backlogDrainPerTick=3 spawnRadius=15 eliteCooldownTicks=50 phases=12-18-24|10-8-6|5:1/3:1/1:1	8	8	4	6		0.514	0.184	0.315	0.015	0	9.10	0.169		I2;I2 windows;I3;I8;I10
R e13/s18 9:2/3:1/2:1 c14-20-26 i9-8-6 R13 R10 H18 MS0.136 AI16 MS0.06 AI32 ST1650 TT40 BR2 D0.5 AR3.5 EC70 S10 DPT2 R18 CT42	engageRadius=13 leashRadius=10 eliteHp=18 meleeMoveSpeed=0.136 meleeAttackInterval=16 shooterMoveSpeed=0.06 shooterAttackInterval=32 eliteSpawnTick=1650 eliteTelegraphTicks=40 eliteBlastRadius=2 eliteDamage=0.5 eliteApproachRange=3.5 absoluteEnemyCap=70 backlogSize=10 backlogDrainPerTick=2 spawnRadius=18 eliteCooldownTicks=42 phases=14-20-26|9-8-6|9:2/3:1/2:1	8	6	4	5		0.464	0.184	0.226	0.054	0	12.50	0.199		I2;I2 windows;I3;I8;I10
R e11/s14 5:1/3:1/2:1 c16-22-28 i8-6-5 R11 R9.5 H20 MS0.145 AI16 MS0.055 AI32 ST1500 TT48 BR3 D0.4 AR3.5 EC60 S12 DPT2 R14 CT50	engageRadius=11 leashRadius=9.5 eliteHp=20 meleeMoveSpeed=0.145 meleeAttackInterval=16 shooterMoveSpeed=0.055 shooterAttackInterval=32 eliteSpawnTick=1500 eliteTelegraphTicks=48 eliteBlastRadius=3 eliteDamage=0.4 eliteApproachRange=3.5 absoluteEnemyCap=60 backlogSize=12 backlogDrainPerTick=2 spawnRadius=14 eliteCooldownTicks=50 phases=16-22-28|8-6-5|5:1/3:1/2:1	6	1	1	1		0.862	0.308	0.538	0.017	0	14.26	0.165		skilled 8/8;I2;I2 windows;I3;I8
R e12/s14 5:1/3:1/1:1 c16-22-28 i10-8-6 R12 R9 H21 MS0.132 AI17 MS0.07 AI28 ST1800 TT54 BR3.4 D0.4 AR4.5 EC70 S16 DPT3 R14 CT56	engageRadius=12 leashRadius=9 eliteHp=21 meleeMoveSpeed=0.132 meleeAttackInterval=17 shooterMoveSpeed=0.07 shooterAttackInterval=28 eliteSpawnTick=1800 eliteTelegraphTicks=54 eliteBlastRadius=3.4 eliteDamage=0.4 eliteApproachRange=4.5 absoluteEnemyCap=70 backlogSize=16 backlogDrainPerTick=3 spawnRadius=14 eliteCooldownTicks=56 phases=16-22-28|10-8-6|5:1/3:1/1:1	8	6	3	4		0.498	0.136	0.181	0.180	0	8.59	0.256		I2;I3;I8;I10
R e13/s18 6:1/2:1/1:1 c14-20-26 i8-7-5 R13 R11 H19 MS0.14 AI16 MS0.065 AI34 ST1800 TT54 BR2 D0.3 AR4.5 EC50 S10 DPT3 R18 CT56	engageRadius=13 leashRadius=11 eliteHp=19 meleeMoveSpeed=0.14 meleeAttackInterval=16 shooterMoveSpeed=0.065 shooterAttackInterval=34 eliteSpawnTick=1800 eliteTelegraphTicks=54 eliteBlastRadius=2 eliteDamage=0.3 eliteApproachRange=4.5 absoluteEnemyCap=50 backlogSize=10 backlogDrainPerTick=3 spawnRadius=18 eliteCooldownTicks=56 phases=14-20-26|8-7-5|6:1/2:1/1:1	8	3	2	3		0.755	0.263	0.333	0.159	0	15.41	0.233		I3;I8;I10
R e13/s18 5:1/2:1/1:1 c14-20-26 i8-6-5 R13 R9 H20 MS0.132 AI15 MS0.06 AI28 ST1500 TT48 BR3 D0.3 AR4.9 EC60 S10 DPT2 R18 CT50	engageRadius=13 leashRadius=9 eliteHp=20 meleeMoveSpeed=0.132 meleeAttackInterval=15 shooterMoveSpeed=0.06 shooterAttackInterval=28 eliteSpawnTick=1500 eliteTelegraphTicks=48 eliteBlastRadius=3 eliteDamage=0.3 eliteApproachRange=4.9 absoluteEnemyCap=60 backlogSize=10 backlogDrainPerTick=2 spawnRadius=18 eliteCooldownTicks=50 phases=14-20-26|8-6-5|5:1/2:1/1:1	8	4	4	3		0.724	0.189	0.527	0.008	0	18.62	0.287		I2 windows;I3;I8;I10
R e10/s12 5:1/3:1/2:1 c16-22-28 i8-7-5 R10 R10.5 H19 MS0.145 AI14 MS0.06 AI34 ST1800 TT48 BR3.4 D0.5 AR3.5 EC50 S10 DPT3 R12 CT50	engageRadius=10 leashRadius=10.5 eliteHp=19 meleeMoveSpeed=0.145 meleeAttackInterval=14 shooterMoveSpeed=0.06 shooterAttackInterval=34 eliteSpawnTick=1800 eliteTelegraphTicks=48 eliteBlastRadius=3.4 eliteDamage=0.5 eliteApproachRange=3.5 absoluteEnemyCap=50 backlogSize=10 backlogDrainPerTick=3 spawnRadius=12 eliteCooldownTicks=50 phases=16-22-28|8-7-5|5:1/3:1/2:1	4	0	0	0		1.091	0.380	0.440	0.271	0	12.19	0.146		skilled 8/8;I2
R e11/s15 6:1/2:1/1:1 c14-20-26 i9-7-5 R11 R9.5 H20 MS0.128 AI17 MS0.065 AI30 ST1500 TT62 BR2.4 D0.5 AR4.9 EC70 S12 DPT3 R15 CT64	engageRadius=11 leashRadius=9.5 eliteHp=20 meleeMoveSpeed=0.128 meleeAttackInterval=17 shooterMoveSpeed=0.065 shooterAttackInterval=30 eliteSpawnTick=1500 eliteTelegraphTicks=62 eliteBlastRadius=2.4 eliteDamage=0.5 eliteApproachRange=4.9 absoluteEnemyCap=70 backlogSize=12 backlogDrainPerTick=3 spawnRadius=15 eliteCooldownTicks=64 phases=14-20-26|9-7-5|6:1/2:1/1:1	8	5	4	4		0.485	0.161	0.320	0.004	0	11.69	0.265		I2;I2 windows;I3;I8;I10
R e12/s16 5:1/2:1/3:2 c12-18-24 i9-8-6 R12 R9.5 H19 MS0.145 AI16 MS0.07 AI34 ST1650 TT54 BR3.4 D0.5 AR4.9 EC60 S16 DPT2 R16 CT56	engageRadius=12 leashRadius=9.5 eliteHp=19 meleeMoveSpeed=0.145 meleeAttackInterval=16 shooterMoveSpeed=0.07 shooterAttackInterval=34 eliteSpawnTick=1650 eliteTelegraphTicks=54 eliteBlastRadius=3.4 eliteDamage=0.5 eliteApproachRange=4.9 absoluteEnemyCap=60 backlogSize=16 backlogDrainPerTick=2 spawnRadius=16 eliteCooldownTicks=56 phases=12-18-24|9-8-6|5:1/2:1/3:2	8	6	4	5		0.590	0.213	0.270	0.107	0	10.51	0.184		I3;I8;I10
R e11/s15 5:1/3:2/1:1 c17-23-29 i9-8-6 R11 R10.5 H22 MS0.132 AI16 MS0.07 AI28 ST1650 TT62 BR3 D0.4 AR3.5 EC50 S12 DPT2 R15 CT64	engageRadius=11 leashRadius=10.5 eliteHp=22 meleeMoveSpeed=0.132 meleeAttackInterval=16 shooterMoveSpeed=0.07 shooterAttackInterval=28 eliteSpawnTick=1650 eliteTelegraphTicks=62 eliteBlastRadius=3 eliteDamage=0.4 eliteApproachRange=3.5 absoluteEnemyCap=50 backlogSize=12 backlogDrainPerTick=2 spawnRadius=15 eliteCooldownTicks=64 phases=17-23-29|9-8-6|5:1/3:2/1:1	8	6	2	2		0.543	0.220	0.242	0.081	0	10.27	0.271		I2;I2 windows;I3;I8
R e13/s15 9:2/3:1/2:1 c12-18-24 i8-6-5 R13 R10 H18 MS0.136 AI15 MS0.065 AI26 ST1800 TT62 BR2 D0.3 AR4.5 EC60 S12 DPT2 R15 CT64	engageRadius=13 leashRadius=10 eliteHp=18 meleeMoveSpeed=0.136 meleeAttackInterval=15 shooterMoveSpeed=0.065 shooterAttackInterval=26 eliteSpawnTick=1800 eliteTelegraphTicks=62 eliteBlastRadius=2 eliteDamage=0.3 eliteApproachRange=4.5 absoluteEnemyCap=60 backlogSize=12 backlogDrainPerTick=2 spawnRadius=15 eliteCooldownTicks=64 phases=12-18-24|8-6-5|9:2/3:1/2:1	4	1	0	0		1.082	0.283	0.492	0.307	0	16.73	0.235		skilled 8/8;I2;I2 windows;I8
R e12/s17 5:1/3:1/1:1 c16-22-28 i8-7-5 R12 R9 H20 MS0.136 AI15 MS0.06 AI26 ST1500 TT54 BR2.4 D0.4 AR3.5 EC50 S10 DPT2 R17 CT56	engageRadius=12 leashRadius=9 eliteHp=20 meleeMoveSpeed=0.136 meleeAttackInterval=15 shooterMoveSpeed=0.06 shooterAttackInterval=26 eliteSpawnTick=1500 eliteTelegraphTicks=54 eliteBlastRadius=2.4 eliteDamage=0.4 eliteApproachRange=3.5 absoluteEnemyCap=50 backlogSize=10 backlogDrainPerTick=2 spawnRadius=17 eliteCooldownTicks=56 phases=16-22-28|8-7-5|5:1/3:1/1:1	8	4	2	3		0.611	0.240	0.363	0.008	0	14.41	0.215		I2 windows;I3;I8;I10
R e11/s14 5:1/3:2/2:3 c17-23-29 i7-6-5 R11 R9.5 H18 MS0.132 AI18 MS0.06 AI32 ST1800 TT48 BR2 D0.5 AR4.5 EC60 S16 DPT2 R14 CT50	engageRadius=11 leashRadius=9.5 eliteHp=18 meleeMoveSpeed=0.132 meleeAttackInterval=18 shooterMoveSpeed=0.06 shooterAttackInterval=32 eliteSpawnTick=1800 eliteTelegraphTicks=48 eliteBlastRadius=2 eliteDamage=0.5 eliteApproachRange=4.5 absoluteEnemyCap=60 backlogSize=16 backlogDrainPerTick=2 spawnRadius=14 eliteCooldownTicks=50 phases=17-23-29|7-6-5|5:1/3:2/2:3	5	0	0	0		0.978	0.292	0.435	0.251	0	19.00	0.347		skilled 8/8;I2
R e12/s17 9:2/3:1/2:1 c17-23-29 i10-7-5 R12 R9 H20 MS0.128 AI17 MS0.06 AI28 ST1800 TT54 BR3.4 D0.4 AR4.5 EC70 S16 DPT2 R17 CT56	engageRadius=12 leashRadius=9 eliteHp=20 meleeMoveSpeed=0.128 meleeAttackInterval=17 shooterMoveSpeed=0.06 shooterAttackInterval=28 eliteSpawnTick=1800 eliteTelegraphTicks=54 eliteBlastRadius=3.4 eliteDamage=0.4 eliteApproachRange=4.5 absoluteEnemyCap=70 backlogSize=16 backlogDrainPerTick=2 spawnRadius=17 eliteCooldownTicks=56 phases=17-23-29|10-7-5|9:2/3:1/2:1	8	4	3	3		0.589	0.121	0.251	0.217	0	13.57	0.219		I3;I8;I10
R e11/s15 5:1/3:1/2:1 c12-18-24 i10-7-5 R11 R9.5 H22 MS0.145 AI15 MS0.065 AI30 ST1650 TT40 BR3 D0.3 AR4.9 EC50 S16 DPT3 R15 CT42	engageRadius=11 leashRadius=9.5 eliteHp=22 meleeMoveSpeed=0.145 meleeAttackInterval=15 shooterMoveSpeed=0.065 shooterAttackInterval=30 eliteSpawnTick=1650 eliteTelegraphTicks=40 eliteBlastRadius=3 eliteDamage=0.3 eliteApproachRange=4.9 absoluteEnemyCap=50 backlogSize=16 backlogDrainPerTick=3 spawnRadius=15 eliteCooldownTicks=42 phases=12-18-24|10-7-5|5:1/3:1/2:1	8	3	2	2		0.757	0.191	0.384	0.182	0	11.11	0.184		I3;I8
R e10/s14 9:2/3:1/2:1 c12-18-24 i9-8-6 R10 R9 H21 MS0.136 AI14 MS0.065 AI34 ST1800 TT62 BR3.4 D0.3 AR4.5 EC70 S12 DPT3 R14 CT64	engageRadius=10 leashRadius=9 eliteHp=21 meleeMoveSpeed=0.136 meleeAttackInterval=14 shooterMoveSpeed=0.065 shooterAttackInterval=34 eliteSpawnTick=1800 eliteTelegraphTicks=62 eliteBlastRadius=3.4 eliteDamage=0.3 eliteApproachRange=4.5 absoluteEnemyCap=70 backlogSize=12 backlogDrainPerTick=3 spawnRadius=14 eliteCooldownTicks=64 phases=12-18-24|9-8-6|9:2/3:1/2:1	8	3	2	2		0.583	0.182	0.192	0.210	0	9.20	0.189		I3;I8
R e13/s15 5:1/3:1/3:2 c16-22-28 i8-6-5 R13 R9 H20 MS0.145 AI17 MS0.05 AI32 ST1650 TT48 BR2 D0.4 AR4.9 EC50 S12 DPT2 R15 CT50	engageRadius=13 leashRadius=9 eliteHp=20 meleeMoveSpeed=0.145 meleeAttackInterval=17 shooterMoveSpeed=0.05 shooterAttackInterval=32 eliteSpawnTick=1650 eliteTelegraphTicks=48 eliteBlastRadius=2 eliteDamage=0.4 eliteApproachRange=4.9 absoluteEnemyCap=50 backlogSize=12 backlogDrainPerTick=2 spawnRadius=15 eliteCooldownTicks=50 phases=16-22-28|8-6-5|5:1/3:1/3:2	8	3	2	2		0.838	0.245	0.461	0.132	0	16.06	0.201		I2;I2 windows;I3;I8
R e10.5/s14.5 5:1/3:1/3:2 c16-22-28 i9-7-6 R10.5 R9.5 H21 MS0.14 AI14 MS0.06 AI30 D0.35 TT48 BR2 AR4.5 ST1800 EC60 R14.5 CT50	engageRadius=10.5 leashRadius=9.5 eliteHp=21 meleeMoveSpeed=0.14 meleeAttackInterval=14 shooterMoveSpeed=0.06 shooterAttackInterval=30 eliteDamage=0.35 eliteTelegraphTicks=48 eliteBlastRadius=2 eliteApproachRange=4.5 eliteSpawnTick=1800 absoluteEnemyCap=60 spawnRadius=14.5 eliteCooldownTicks=50 phases=16-22-28|9-7-6|5:1/3:1/3:2	6	1	1	1		0.884	0.244	0.339	0.301	0	11.45	0.167		skilled 8/8;I2;I3;I8
R e11.5/s15.5 5:1/2:1/1:1 c16-22-28 i8-7-5 R11.5 R9.5 H20 MS0.136 AI16 MS0.065 AI32 D0.35 TT48 BR2 AR4.5 ST1800 EC60 R15.5 CT50	engageRadius=11.5 leashRadius=9.5 eliteHp=20 meleeMoveSpeed=0.136 meleeAttackInterval=16 shooterMoveSpeed=0.065 shooterAttackInterval=32 eliteDamage=0.35 eliteTelegraphTicks=48 eliteBlastRadius=2 eliteApproachRange=4.5 eliteSpawnTick=1800 absoluteEnemyCap=60 spawnRadius=15.5 eliteCooldownTicks=50 phases=16-22-28|8-7-5|5:1/2:1/1:1	8	2	2	2		0.656	0.234	0.273	0.149	0	13.87	0.253		I3;I8
R e10.5/s14 5:1/3:1/2:1 c16-22-28 i9-7-5 R10.5 R9.5 H22 MS0.136 AI14 MS0.055 AI32 D0.35 TT54 BR2.8 AR4.5 ST1800 EC65 R14 CT56	engageRadius=10.5 leashRadius=9.5 eliteHp=22 meleeMoveSpeed=0.136 meleeAttackInterval=14 shooterMoveSpeed=0.055 shooterAttackInterval=32 eliteDamage=0.35 eliteTelegraphTicks=54 eliteBlastRadius=2.8 eliteApproachRange=4.5 eliteSpawnTick=1800 absoluteEnemyCap=65 spawnRadius=14 eliteCooldownTicks=56 phases=16-22-28|9-7-5|5:1/3:1/2:1	8	3	0	1		0.788	0.215	0.313	0.261	0	11.46	0.186		I8
R e11/s15 5:1/3:1/2:1 c15-21-27 i9-7-5 R11 R9.5 H22 MS0.14 AI16 MS0.06 AI28 D0.3 TT48 BR2.4 AR4.5 ST1700 EC60 R15 CT50	engageRadius=11 leashRadius=9.5 eliteHp=22 meleeMoveSpeed=0.14 meleeAttackInterval=16 shooterMoveSpeed=0.06 shooterAttackInterval=28 eliteDamage=0.3 eliteTelegraphTicks=48 eliteBlastRadius=2.4 eliteApproachRange=4.5 eliteSpawnTick=1700 absoluteEnemyCap=60 spawnRadius=15 eliteCooldownTicks=50 phases=15-21-27|9-7-5|5:1/3:1/2:1	7	3	2	2		0.744	0.201	0.332	0.211	0	11.86	0.189		skilled 8/8;I3;I8
R e12/s14.5 5:1/3:1/3:2 c13-19-25 i9-7-5 R12 R9 H21 MS0.138 AI14 MS0.055 AI32 D0.4 TT48 BR2 AR4.5 ST1800 EC65 R14.5 CT50	engageRadius=12 leashRadius=9 eliteHp=21 meleeMoveSpeed=0.138 meleeAttackInterval=14 shooterMoveSpeed=0.055 shooterAttackInterval=32 eliteDamage=0.4 eliteTelegraphTicks=48 eliteBlastRadius=2 eliteApproachRange=4.5 eliteSpawnTick=1800 absoluteEnemyCap=65 spawnRadius=14.5 eliteCooldownTicks=50 phases=13-19-25|9-7-5|5:1/3:1/3:2	7	3	2	2		0.781	0.204	0.297	0.280	0	12.16	0.205		skilled 8/8;I3;I8
R e12/s15.5 5:1/2:1/1:1 c15-21-27 i9-7-5 R12 R11 H22 MS0.14 AI15 MS0.06 AI28 D0.3 TT60 BR2.8 AR4 ST1800 EC60 R15.5 CT62	engageRadius=12 leashRadius=11 eliteHp=22 meleeMoveSpeed=0.14 meleeAttackInterval=15 shooterMoveSpeed=0.06 shooterAttackInterval=28 eliteDamage=0.3 eliteTelegraphTicks=60 eliteBlastRadius=2.8 eliteApproachRange=4 eliteSpawnTick=1800 absoluteEnemyCap=60 spawnRadius=15.5 eliteCooldownTicks=62 phases=15-21-27|9-7-5|5:1/2:1/1:1	8	3	0	1		0.867	0.259	0.320	0.288	0	13.08	0.255		I2;I8
R e12/s15.5 5:1/3:1/2:1 c14-20-26 i9-8-5 R12 R10.5 H21 MS0.14 AI15 MS0.065 AI30 D0.4 TT48 BR2.4 AR4 ST1700 EC60 R15.5 CT50	engageRadius=12 leashRadius=10.5 eliteHp=21 meleeMoveSpeed=0.14 meleeAttackInterval=15 shooterMoveSpeed=0.065 shooterAttackInterval=30 eliteDamage=0.4 eliteTelegraphTicks=48 eliteBlastRadius=2.4 eliteApproachRange=4 eliteSpawnTick=1700 absoluteEnemyCap=60 spawnRadius=15.5 eliteCooldownTicks=50 phases=14-20-26|9-8-5|5:1/3:1/2:1	8	4	2	3		0.603	0.225	0.270	0.107	0	10.18	0.178		I3;I8;I10
R e12/s16 5:1/2:1/1:1 c15-21-27 i8-7-5 R12 R9 H21 MS0.136 AI14 MS0.065 AI32 D0.4 TT48 BR2.4 AR4 ST1700 EC55 R16 CT50	engageRadius=12 leashRadius=9 eliteHp=21 meleeMoveSpeed=0.136 meleeAttackInterval=14 shooterMoveSpeed=0.065 shooterAttackInterval=32 eliteDamage=0.4 eliteTelegraphTicks=48 eliteBlastRadius=2.4 eliteApproachRange=4 eliteSpawnTick=1700 absoluteEnemyCap=55 spawnRadius=16 eliteCooldownTicks=50 phases=15-21-27|8-7-5|5:1/2:1/1:1	7	3	2	2		0.709	0.252	0.255	0.202	0	14.65	0.250		skilled 8/8;I3;I8
R e11/s15 6:1/3:1/2:1 c13-19-25 i8-7-5 R11 R11 H22 MS0.142 AI14 MS0.06 AI30 D0.35 TT60 BR2 AR4 ST1700 EC55 R15 CT62	engageRadius=11 leashRadius=11 eliteHp=22 meleeMoveSpeed=0.142 meleeAttackInterval=14 shooterMoveSpeed=0.06 shooterAttackInterval=30 eliteDamage=0.35 eliteTelegraphTicks=60 eliteBlastRadius=2 eliteApproachRange=4 eliteSpawnTick=1700 absoluteEnemyCap=55 spawnRadius=15 eliteCooldownTicks=62 phases=13-19-25|8-7-5|6:1/3:1/2:1	5	2	0	0		1.028	0.349	0.415	0.263	0	13.53	0.154		skilled 8/8;I2;I8
R e11.5/s15 6:1/3:1/2:1 c13-19-25 i9-8-5 R11.5 R10 H20 MS0.142 AI15 MS0.055 AI32 D0.3 TT48 BR2.8 AR4.5 ST1800 EC65 R15 CT50	engageRadius=11.5 leashRadius=10 eliteHp=20 meleeMoveSpeed=0.142 meleeAttackInterval=15 shooterMoveSpeed=0.055 shooterAttackInterval=32 eliteDamage=0.3 eliteTelegraphTicks=48 eliteBlastRadius=2.8 eliteApproachRange=4.5 eliteSpawnTick=1800 absoluteEnemyCap=65 spawnRadius=15 eliteCooldownTicks=50 phases=13-19-25|9-8-5|6:1/3:1/2:1	8	4	1	2		0.695	0.237	0.238	0.220	0	10.44	0.151		I3;I8
R e10.5/s13 5:1/2:1/3:2 c13-19-25 i8-7-5 R10.5 R9 H20 MS0.142 AI16 MS0.055 AI30 D0.3 TT48 BR2.8 AR4.5 ST1700 EC65 R13 CT50	engageRadius=10.5 leashRadius=9 eliteHp=20 meleeMoveSpeed=0.142 meleeAttackInterval=16 shooterMoveSpeed=0.055 shooterAttackInterval=30 eliteDamage=0.3 eliteTelegraphTicks=48 eliteBlastRadius=2.8 eliteApproachRange=4.5 eliteSpawnTick=1700 absoluteEnemyCap=65 spawnRadius=13 eliteCooldownTicks=50 phases=13-19-25|8-7-5|5:1/2:1/3:2	8	3	1	2		0.731	0.278	0.301	0.152	0	10.89	0.235		I3;I8
R e12/s15.5 5:1/3:1/3:2 c14-20-26 i10-7-5 R12 R10.5 H21 MS0.136 AI15 MS0.065 AI32 D0.35 TT48 BR2.4 AR4 ST1700 EC55 R15.5 CT50	engageRadius=12 leashRadius=10.5 eliteHp=21 meleeMoveSpeed=0.136 meleeAttackInterval=15 shooterMoveSpeed=0.065 shooterAttackInterval=32 eliteDamage=0.35 eliteTelegraphTicks=48 eliteBlastRadius=2.4 eliteApproachRange=4 eliteSpawnTick=1700 absoluteEnemyCap=55 spawnRadius=15.5 eliteCooldownTicks=50 phases=14-20-26|10-7-5|5:1/3:1/3:2	7	3	2	3		0.693	0.202	0.331	0.160	0	11.05	0.183		skilled 8/8;I3;I8;I10
R e12/s14.5 5:1/2:1/3:2 c13-19-25 i8-7-5 R12 R10.5 H20 MS0.136 AI15 MS0.06 AI32 D0.35 TT48 BR2.4 AR4 ST1800 EC55 R14.5 CT50	engageRadius=12 leashRadius=10.5 eliteHp=20 meleeMoveSpeed=0.136 meleeAttackInterval=15 shooterMoveSpeed=0.06 shooterAttackInterval=32 eliteDamage=0.35 eliteTelegraphTicks=48 eliteBlastRadius=2.4 eliteApproachRange=4 eliteSpawnTick=1800 absoluteEnemyCap=55 spawnRadius=14.5 eliteCooldownTicks=50 phases=13-19-25|8-7-5|5:1/2:1/3:2	8	2	0	0		0.879	0.294	0.325	0.260	0	12.55	0.205		I2;I8
R e10.5/s13 5:1/2:1/3:2 c13-19-25 i9-7-5 R10.5 R10 H22 MS0.138 AI14 MS0.065 AI32 D0.35 TT48 BR2 AR4.5 ST1700 EC65 R13 CT50	engageRadius=10.5 leashRadius=10 eliteHp=22 meleeMoveSpeed=0.138 meleeAttackInterval=14 shooterMoveSpeed=0.065 shooterAttackInterval=32 eliteDamage=0.35 eliteTelegraphTicks=48 eliteBlastRadius=2 eliteApproachRange=4.5 eliteSpawnTick=1700 absoluteEnemyCap=65 spawnRadius=13 eliteCooldownTicks=50 phases=13-19-25|9-7-5|5:1/2:1/3:2	6	2	0	0		0.831	0.263	0.353	0.215	0	10.40	0.204		skilled 8/8;I2;I8
R e11.5/s15.5 6:1/3:1/2:1 c13-19-25 i9-7-5 R11.5 R9.5 H21 MS0.14 AI14 MS0.065 AI30 D0.35 TT60 BR2.4 AR4.5 ST1700 EC60 R15.5 CT62	engageRadius=11.5 leashRadius=9.5 eliteHp=21 meleeMoveSpeed=0.14 meleeAttackInterval=14 shooterMoveSpeed=0.065 shooterAttackInterval=30 eliteDamage=0.35 eliteTelegraphTicks=60 eliteBlastRadius=2.4 eliteApproachRange=4.5 eliteSpawnTick=1700 absoluteEnemyCap=60 spawnRadius=15.5 eliteCooldownTicks=62 phases=13-19-25|9-7-5|6:1/3:1/2:1	7	2	2	2		0.746	0.212	0.336	0.198	0	11.72	0.171		skilled 8/8;I3;I8
R e11.5/s15.5 5:1/3:1/3:2 c14-20-26 i10-7-5 R11.5 R9.5 H20 MS0.142 AI14 MS0.055 AI32 D0.4 TT48 BR2 AR4.5 ST1800 EC60 R15.5 CT50	engageRadius=11.5 leashRadius=9.5 eliteHp=20 meleeMoveSpeed=0.142 meleeAttackInterval=14 shooterMoveSpeed=0.055 shooterAttackInterval=32 eliteDamage=0.4 eliteTelegraphTicks=48 eliteBlastRadius=2 eliteApproachRange=4.5 eliteSpawnTick=1800 absoluteEnemyCap=60 spawnRadius=15.5 eliteCooldownTicks=50 phases=14-20-26|10-7-5|5:1/3:1/3:2	6	4	2	2		0.820	0.176	0.349	0.294	0	12.28	0.189		skilled 8/8;I2;I3;I8
R e12/s16 6:1/3:1/2:1 c16-22-28 i9-7-6 R12 R11 H20 MS0.136 AI15 MS0.065 AI30 D0.35 TT48 BR2.8 AR4.5 ST1800 EC65 R16 CT50	engageRadius=12 leashRadius=11 eliteHp=20 meleeMoveSpeed=0.136 meleeAttackInterval=15 shooterMoveSpeed=0.065 shooterAttackInterval=30 eliteDamage=0.35 eliteTelegraphTicks=48 eliteBlastRadius=2.8 eliteApproachRange=4.5 eliteSpawnTick=1800 absoluteEnemyCap=65 spawnRadius=16 eliteCooldownTicks=50 phases=16-22-28|9-7-6|6:1/3:1/2:1	8	3	0	0		0.788	0.233	0.333	0.222	0	12.07	0.172		I8
R e11/s14 6:1/3:1/2:1 c13-19-25 i10-7-5 R11 R9 H22 MS0.142 AI16 MS0.06 AI32 D0.4 TT60 BR2.4 AR4 ST1800 EC65 R14 CT62	engageRadius=11 leashRadius=9 eliteHp=22 meleeMoveSpeed=0.142 meleeAttackInterval=16 shooterMoveSpeed=0.06 shooterAttackInterval=32 eliteDamage=0.4 eliteTelegraphTicks=60 eliteBlastRadius=2.4 eliteApproachRange=4 eliteSpawnTick=1800 absoluteEnemyCap=65 spawnRadius=14 eliteCooldownTicks=62 phases=13-19-25|10-7-5|6:1/3:1/2:1	8	2	2	2		0.660	0.145	0.290	0.225	0	10.02	0.184		I3;I8
R e10.5/s13 5:1/3:1/2:1 c14-20-26 i10-7-5 R10.5 R11 H20 MS0.136 AI15 MS0.065 AI28 D0.3 TT60 BR2 AR4 ST1800 EC65 R13 CT62	engageRadius=10.5 leashRadius=11 eliteHp=20 meleeMoveSpeed=0.136 meleeAttackInterval=15 shooterMoveSpeed=0.065 shooterAttackInterval=28 eliteDamage=0.3 eliteTelegraphTicks=60 eliteBlastRadius=2 eliteApproachRange=4 eliteSpawnTick=1800 absoluteEnemyCap=65 spawnRadius=13 eliteCooldownTicks=62 phases=14-20-26|10-7-5|5:1/3:1/2:1	6	4	0	0		0.915	0.242	0.385	0.288	0	10.74	0.200		skilled 8/8;I2;I8
R e12/s15.5 6:1/3:1/2:1 c13-19-25 i9-7-6 R12 R9 H22 MS0.14 AI16 MS0.06 AI32 D0.35 TT48 BR2.4 AR4.5 ST1800 EC65 R15.5 CT50	engageRadius=12 leashRadius=9 eliteHp=22 meleeMoveSpeed=0.14 meleeAttackInterval=16 shooterMoveSpeed=0.06 shooterAttackInterval=32 eliteDamage=0.35 eliteTelegraphTicks=48 eliteBlastRadius=2.4 eliteApproachRange=4.5 eliteSpawnTick=1800 absoluteEnemyCap=65 spawnRadius=15.5 eliteCooldownTicks=50 phases=13-19-25|9-7-6|6:1/3:1/2:1	7	4	2	2		0.742	0.191	0.284	0.268	0	12.19	0.195		skilled 8/8;I3;I8
R e11.5/s14.5 6:1/3:1/2:1 c13-19-25 i8-7-5 R11.5 R9.5 H21 MS0.14 AI14 MS0.055 AI28 D0.4 TT48 BR2.8 AR4 ST1700 EC60 R14.5 CT50	engageRadius=11.5 leashRadius=9.5 eliteHp=21 meleeMoveSpeed=0.14 meleeAttackInterval=14 shooterMoveSpeed=0.055 shooterAttackInterval=28 eliteDamage=0.4 eliteTelegraphTicks=48 eliteBlastRadius=2.8 eliteApproachRange=4 eliteSpawnTick=1700 absoluteEnemyCap=60 spawnRadius=14.5 eliteCooldownTicks=50 phases=13-19-25|8-7-5|6:1/3:1/2:1	8	1	0	0		0.823	0.277	0.341	0.205	0	12.10	0.156		I2;I8
R e10.5/s13 5:1/2:1/3:2 c13-19-25 i9-7-6 R10.5 R9.5 H21 MS0.142 AI16 MS0.055 AI32 D0.4 TT48 BR2 AR4 ST1700 EC55 R13 CT50	engageRadius=10.5 leashRadius=9.5 eliteHp=21 meleeMoveSpeed=0.142 meleeAttackInterval=16 shooterMoveSpeed=0.055 shooterAttackInterval=32 eliteDamage=0.4 eliteTelegraphTicks=48 eliteBlastRadius=2 eliteApproachRange=4 eliteSpawnTick=1700 absoluteEnemyCap=55 spawnRadius=13 eliteCooldownTicks=50 phases=13-19-25|9-7-6|5:1/2:1/3:2	8	2	2	2		0.663	0.230	0.293	0.140	0	9.74	0.212		I3;I8
R e11/s13.5 5:1/2:1/3:2 c14-20-26 i10-7-5 R11 R10.5 H21 MS0.142 AI16 MS0.06 AI30 D0.35 TT54 BR2.4 AR4 ST1800 EC55 R13.5 CT56	engageRadius=11 leashRadius=10.5 eliteHp=21 meleeMoveSpeed=0.142 meleeAttackInterval=16 shooterMoveSpeed=0.06 shooterAttackInterval=30 eliteDamage=0.35 eliteTelegraphTicks=54 eliteBlastRadius=2.4 eliteApproachRange=4 eliteSpawnTick=1800 absoluteEnemyCap=55 spawnRadius=13.5 eliteCooldownTicks=56 phases=14-20-26|10-7-5|5:1/2:1/3:2	8	2	0	0		0.844	0.214	0.350	0.280	0	10.88	0.222		I2;I8
R e11/s13.5 5:1/3:1/2:1 c13-19-25 i9-7-5 R11 R9 H22 MS0.142 AI15 MS0.055 AI30 D0.35 TT54 BR2 AR4 ST1800 EC60 R13.5 CT56	engageRadius=11 leashRadius=9 eliteHp=22 meleeMoveSpeed=0.142 meleeAttackInterval=15 shooterMoveSpeed=0.055 shooterAttackInterval=30 eliteDamage=0.35 eliteTelegraphTicks=54 eliteBlastRadius=2 eliteApproachRange=4 eliteSpawnTick=1800 absoluteEnemyCap=60 spawnRadius=13.5 eliteCooldownTicks=56 phases=13-19-25|9-7-5|5:1/3:1/2:1	7	2	2	2		0.757	0.221	0.304	0.232	0	10.80	0.193		skilled 8/8;I3;I8
R e11.5/s15.5 6:1/3:1/2:1 c14-20-26 i9-7-6 R11.5 R10.5 H22 MS0.142 AI15 MS0.06 AI30 D0.4 TT48 BR2.4 AR4 ST1800 EC65 R15.5 CT50	engageRadius=11.5 leashRadius=10.5 eliteHp=22 meleeMoveSpeed=0.142 meleeAttackInterval=15 shooterMoveSpeed=0.06 shooterAttackInterval=30 eliteDamage=0.4 eliteTelegraphTicks=48 eliteBlastRadius=2.4 eliteApproachRange=4 eliteSpawnTick=1800 absoluteEnemyCap=65 spawnRadius=15.5 eliteCooldownTicks=50 phases=14-20-26|9-7-6|6:1/3:1/2:1	7	3	1	1		0.913	0.239	0.362	0.312	0	12.22	0.177		skilled 8/8;I2;I3;I8
R e11.5/s15 5:1/3:1/3:2 c14-20-26 i10-7-5 R11.5 R9.5 H21 MS0.142 AI15 MS0.06 AI32 D0.3 TT54 BR2 AR4 ST1700 EC55 R15 CT56	engageRadius=11.5 leashRadius=9.5 eliteHp=21 meleeMoveSpeed=0.142 meleeAttackInterval=15 shooterMoveSpeed=0.06 shooterAttackInterval=32 eliteDamage=0.3 eliteTelegraphTicks=54 eliteBlastRadius=2 eliteApproachRange=4 eliteSpawnTick=1700 absoluteEnemyCap=55 spawnRadius=15 eliteCooldownTicks=56 phases=14-20-26|10-7-5|5:1/3:1/3:2	8	2	2	2		0.633	0.173	0.280	0.181	0	10.99	0.189		I3;I8
R e11.5/s15.5 5:1/3:1/2:1 c15-21-27 i9-7-5 R11.5 R10 H20 MS0.136 AI15 MS0.065 AI28 D0.4 TT54 BR2.8 AR4.5 ST1800 EC65 R15.5 CT56	engageRadius=11.5 leashRadius=10 eliteHp=20 meleeMoveSpeed=0.136 meleeAttackInterval=15 shooterMoveSpeed=0.065 shooterAttackInterval=28 eliteDamage=0.4 eliteTelegraphTicks=54 eliteBlastRadius=2.8 eliteApproachRange=4.5 eliteSpawnTick=1800 absoluteEnemyCap=65 spawnRadius=15.5 eliteCooldownTicks=56 phases=15-21-27|9-7-5|5:1/3:1/2:1	7	3	1	2		0.770	0.215	0.279	0.276	0	12.78	0.226		skilled 8/8;I3;I8
R e10.5/s13 5:1/2:1/1:1 c13-19-25 i9-7-5 R10.5 R9 H22 MS0.138 AI14 MS0.065 AI30 D0.4 TT48 BR2.4 AR4.5 ST1800 EC65 R13 CT50	engageRadius=10.5 leashRadius=9 eliteHp=22 meleeMoveSpeed=0.138 meleeAttackInterval=14 shooterMoveSpeed=0.065 shooterAttackInterval=30 eliteDamage=0.4 eliteTelegraphTicks=48 eliteBlastRadius=2.4 eliteApproachRange=4.5 eliteSpawnTick=1800 absoluteEnemyCap=65 spawnRadius=13 eliteCooldownTicks=50 phases=13-19-25|9-7-5|5:1/2:1/1:1	8	1	1	1		0.837	0.245	0.307	0.285	0	11.33	0.271		I2;I3;I8
R e12/s14.5 6:1/3:1/2:1 c16-22-28 i9-8-5 R12 R10.5 H21 MS0.142 AI16 MS0.055 AI32 D0.4 TT54 BR2.4 AR4.5 ST1700 EC65 R14.5 CT56	engageRadius=12 leashRadius=10.5 eliteHp=21 meleeMoveSpeed=0.142 meleeAttackInterval=16 shooterMoveSpeed=0.055 shooterAttackInterval=32 eliteDamage=0.4 eliteTelegraphTicks=54 eliteBlastRadius=2.4 eliteApproachRange=4.5 eliteSpawnTick=1700 absoluteEnemyCap=65 spawnRadius=14.5 eliteCooldownTicks=56 phases=16-22-28|9-8-5|6:1/3:1/2:1	8	5	2	2		0.611	0.237	0.273	0.101	0	8.98	0.146		I3;I8
R e11/s14.5 6:1/3:1/2:1 c15-21-27 i8-7-5 R11 R9 H20 MS0.136 AI16 MS0.065 AI32 D0.35 TT48 BR2.8 AR4.5 ST1800 EC60 R14.5 CT50	engageRadius=11 leashRadius=9 eliteHp=20 meleeMoveSpeed=0.136 meleeAttackInterval=16 shooterMoveSpeed=0.065 shooterAttackInterval=32 eliteDamage=0.35 eliteTelegraphTicks=48 eliteBlastRadius=2.8 eliteApproachRange=4.5 eliteSpawnTick=1800 absoluteEnemyCap=60 spawnRadius=14.5 eliteCooldownTicks=50 phases=15-21-27|8-7-5|6:1/3:1/2:1	8	2	1	2		0.764	0.223	0.283	0.258	0	12.73	0.183		I3;I8
R e10.5/s13 5:1/2:1/1:1 c16-22-28 i9-7-5 R10.5 R10.5 H21 MS0.14 AI15 MS0.06 AI32 D0.3 TT48 BR2.8 AR4.5 ST1800 EC60 R13 CT50	engageRadius=10.5 leashRadius=10.5 eliteHp=21 meleeMoveSpeed=0.14 meleeAttackInterval=15 shooterMoveSpeed=0.06 shooterAttackInterval=32 eliteDamage=0.3 eliteTelegraphTicks=48 eliteBlastRadius=2.8 eliteApproachRange=4.5 eliteSpawnTick=1800 absoluteEnemyCap=60 spawnRadius=13 eliteCooldownTicks=50 phases=16-22-28|9-7-5|5:1/2:1/1:1	7	2	0	0		0.882	0.268	0.327	0.287	0	10.96	0.212		skilled 8/8;I2;I8
R e11.5/s15 5:1/2:1/1:1 c14-20-26 i10-7-5 R11.5 R9 H20 MS0.14 AI15 MS0.055 AI30 D0.3 TT48 BR2.8 AR4.5 ST1800 EC55 R15 CT50	engageRadius=11.5 leashRadius=9 eliteHp=20 meleeMoveSpeed=0.14 meleeAttackInterval=15 shooterMoveSpeed=0.055 shooterAttackInterval=30 eliteDamage=0.3 eliteTelegraphTicks=48 eliteBlastRadius=2.8 eliteApproachRange=4.5 eliteSpawnTick=1800 absoluteEnemyCap=55 spawnRadius=15 eliteCooldownTicks=50 phases=14-20-26|10-7-5|5:1/2:1/1:1	8	4	2	2		0.691	0.154	0.270	0.267	0	12.73	0.281		I3;I8
R e12/s16 6:1/3:1/2:1 c16-22-28 i10-7-5 R12 R11 H20 MS0.142 AI14 MS0.065 AI32 D0.4 TT48 BR2.4 AR4 ST1700 EC65 R16 CT50	engageRadius=12 leashRadius=11 eliteHp=20 meleeMoveSpeed=0.142 meleeAttackInterval=14 shooterMoveSpeed=0.065 shooterAttackInterval=32 eliteDamage=0.4 eliteTelegraphTicks=48 eliteBlastRadius=2.4 eliteApproachRange=4 eliteSpawnTick=1700 absoluteEnemyCap=65 spawnRadius=16 eliteCooldownTicks=50 phases=16-22-28|10-7-5|6:1/3:1/2:1	5	3	1	1		0.870	0.208	0.410	0.252	0	11.34	0.160		skilled 8/8;I2;I3;I8
R e10.5/s14.5 6:1/3:1/2:1 c13-19-25 i8-7-5 R10.5 R9 H21 MS0.14 AI16 MS0.055 AI32 D0.4 TT60 BR2 AR4.5 ST1700 EC65 R14.5 CT62	engageRadius=10.5 leashRadius=9 eliteHp=21 meleeMoveSpeed=0.14 meleeAttackInterval=16 shooterMoveSpeed=0.055 shooterAttackInterval=32 eliteDamage=0.4 eliteTelegraphTicks=60 eliteBlastRadius=2 eliteApproachRange=4.5 eliteSpawnTick=1700 absoluteEnemyCap=65 spawnRadius=14.5 eliteCooldownTicks=62 phases=13-19-25|8-7-5|6:1/3:1/2:1	8	2	1	2		0.727	0.232	0.327	0.167	0	12.71	0.180		I3;I8
R e12/s15 6:1/3:1/2:1 c13-19-25 i9-8-5 R12 R9 H22 MS0.142 AI14 MS0.055 AI28 D0.35 TT54 BR2.8 AR4 ST1700 EC65 R15 CT56	engageRadius=12 leashRadius=9 eliteHp=22 meleeMoveSpeed=0.142 meleeAttackInterval=14 shooterMoveSpeed=0.055 shooterAttackInterval=28 eliteDamage=0.35 eliteTelegraphTicks=54 eliteBlastRadius=2.8 eliteApproachRange=4 eliteSpawnTick=1700 absoluteEnemyCap=65 spawnRadius=15 eliteCooldownTicks=56 phases=13-19-25|9-8-5|6:1/3:1/2:1	8	4	2	3		0.561	0.199	0.237	0.125	0	9.84	0.157		I3;I8;I10
R e10.5/s14.5 5:1/2:1/1:1 c15-21-27 i10-7-5 R10.5 R9 H21 MS0.142 AI16 MS0.065 AI32 D0.3 TT48 BR2.8 AR4.5 ST1800 EC65 R14.5 CT50	engageRadius=10.5 leashRadius=9 eliteHp=21 meleeMoveSpeed=0.142 meleeAttackInterval=16 shooterMoveSpeed=0.065 shooterAttackInterval=32 eliteDamage=0.3 eliteTelegraphTicks=48 eliteBlastRadius=2.8 eliteApproachRange=4.5 eliteSpawnTick=1800 absoluteEnemyCap=65 spawnRadius=14.5 eliteCooldownTicks=50 phases=15-21-27|10-7-5|5:1/2:1/1:1	8	4	2	2		0.722	0.166	0.274	0.282	0	11.51	0.282		I3;I8
R e11.5/s14 5:1/3:1/3:2 c15-21-27 i9-8-5 R11.5 R9.5 H21 MS0.136 AI16 MS0.06 AI32 D0.4 TT54 BR2 AR4 ST1700 EC65 R14 CT56	engageRadius=11.5 leashRadius=9.5 eliteHp=21 meleeMoveSpeed=0.136 meleeAttackInterval=16 shooterMoveSpeed=0.06 shooterAttackInterval=32 eliteDamage=0.4 eliteTelegraphTicks=54 eliteBlastRadius=2 eliteApproachRange=4 eliteSpawnTick=1700 absoluteEnemyCap=65 spawnRadius=14 eliteCooldownTicks=56 phases=15-21-27|9-8-5|5:1/3:1/3:2	8	5	3	3		0.498	0.205	0.216	0.077	0	8.78	0.182		I2;I2 windows;I3;I8;I10
R e12/s14.5 5:1/3:1/3:2 c15-21-27 i9-7-6 R12 R11 H21 MS0.14 AI14 MS0.065 AI28 D0.35 TT60 BR2.8 AR4 ST1800 EC55 R14.5 CT62	engageRadius=12 leashRadius=11 eliteHp=21 meleeMoveSpeed=0.14 meleeAttackInterval=14 shooterMoveSpeed=0.065 shooterAttackInterval=28 eliteDamage=0.35 eliteTelegraphTicks=60 eliteBlastRadius=2.8 eliteApproachRange=4 eliteSpawnTick=1800 absoluteEnemyCap=55 spawnRadius=14.5 eliteCooldownTicks=62 phases=15-21-27|9-7-6|5:1/3:1/3:2	6	2	0	0		0.982	0.276	0.391	0.316	0	11.79	0.180		skilled 8/8;I2;I8
R e11/s14.5 5:1/3:1/3:2 c13-19-25 i9-7-5 R11 R9 H21 MS0.142 AI15 MS0.065 AI30 D0.4 TT48 BR2.8 AR4.5 ST1800 EC60 R14.5 CT50	engageRadius=11 leashRadius=9 eliteHp=21 meleeMoveSpeed=0.142 meleeAttackInterval=15 shooterMoveSpeed=0.065 shooterAttackInterval=30 eliteDamage=0.4 eliteTelegraphTicks=48 eliteBlastRadius=2.8 eliteApproachRange=4.5 eliteSpawnTick=1800 absoluteEnemyCap=60 spawnRadius=14.5 eliteCooldownTicks=50 phases=13-19-25|9-7-5|5:1/3:1/3:2	7	3	2	2		0.763	0.217	0.285	0.262	0	11.39	0.190		skilled 8/8;I3;I8
R e11.5/s14.5 5:1/2:1/1:1 c16-22-28 i9-8-5 R11.5 R10 H21 MS0.14 AI15 MS0.06 AI32 D0.4 TT60 BR2.4 AR4.5 ST1700 EC60 R14.5 CT62	engageRadius=11.5 leashRadius=10 eliteHp=21 meleeMoveSpeed=0.14 meleeAttackInterval=15 shooterMoveSpeed=0.06 shooterAttackInterval=32 eliteDamage=0.4 eliteTelegraphTicks=60 eliteBlastRadius=2.4 eliteApproachRange=4.5 eliteSpawnTick=1700 absoluteEnemyCap=60 spawnRadius=14.5 eliteCooldownTicks=62 phases=16-22-28|9-8-5|5:1/2:1/1:1	8	3	2	2		0.572	0.230	0.242	0.100	0	9.05	0.193		I3;I8
R e11.5/s15 5:1/3:1/3:2 c14-20-26 i10-7-5 R11.5 R9.5 H22 MS0.136 AI14 MS0.065 AI32 D0.35 TT60 BR2 AR4 ST1800 EC65 R15 CT62	engageRadius=11.5 leashRadius=9.5 eliteHp=22 meleeMoveSpeed=0.136 meleeAttackInterval=14 shooterMoveSpeed=0.065 shooterAttackInterval=32 eliteDamage=0.35 eliteTelegraphTicks=60 eliteBlastRadius=2 eliteApproachRange=4 eliteSpawnTick=1800 absoluteEnemyCap=65 spawnRadius=15 eliteCooldownTicks=62 phases=14-20-26|10-7-5|5:1/3:1/3:2	7	3	2	2		0.752	0.178	0.305	0.269	0	11.45	0.201		skilled 8/8;I3;I8
R e11/s14 5:1/3:1/2:1 c13-19-25 i8-7-5 R11 R9.5 H21 MS0.142 AI16 MS0.06 AI30 D0.35 TT48 BR2 AR4 ST1700 EC65 R14 CT50	engageRadius=11 leashRadius=9.5 eliteHp=21 meleeMoveSpeed=0.142 meleeAttackInterval=16 shooterMoveSpeed=0.06 shooterAttackInterval=30 eliteDamage=0.35 eliteTelegraphTicks=48 eliteBlastRadius=2 eliteApproachRange=4 eliteSpawnTick=1700 absoluteEnemyCap=65 spawnRadius=14 eliteCooldownTicks=50 phases=13-19-25|8-7-5|5:1/3:1/2:1	8	3	1	1		0.761	0.298	0.343	0.120	0	11.64	0.180		I3;I8
R e11.5/s15.5 5:1/3:1/2:1 c14-20-26 i9-8-5 R11.5 R10.5 H21 MS0.136 AI14 MS0.06 AI30 D0.35 TT48 BR2.4 AR4.5 ST1700 EC65 R15.5 CT50	engageRadius=11.5 leashRadius=10.5 eliteHp=21 meleeMoveSpeed=0.136 meleeAttackInterval=14 shooterMoveSpeed=0.06 shooterAttackInterval=30 eliteDamage=0.35 eliteTelegraphTicks=48 eliteBlastRadius=2.4 eliteApproachRange=4.5 eliteSpawnTick=1700 absoluteEnemyCap=65 spawnRadius=15.5 eliteCooldownTicks=50 phases=14-20-26|9-8-5|5:1/3:1/2:1	8	4	2	2		0.628	0.221	0.257	0.150	0	10.26	0.163		I3;I8
R e12/s16 5:1/3:1/3:2 c14-20-26 i9-7-6 R12 R10 H22 MS0.14 AI15 MS0.06 AI28 D0.3 TT48 BR2.4 AR4 ST1700 EC65 R16 CT50	engageRadius=12 leashRadius=10 eliteHp=22 meleeMoveSpeed=0.14 meleeAttackInterval=15 shooterMoveSpeed=0.06 shooterAttackInterval=28 eliteDamage=0.3 eliteTelegraphTicks=48 eliteBlastRadius=2.4 eliteApproachRange=4 eliteSpawnTick=1700 absoluteEnemyCap=65 spawnRadius=16 eliteCooldownTicks=50 phases=14-20-26|9-7-6|5:1/3:1/3:2	7	3	2	2		0.742	0.221	0.315	0.206	0	12.88	0.203		skilled 8/8;I3;I8
R e12/s16 6:1/3:1/2:1 c14-20-26 i9-7-6 R12 R9.5 H20 MS0.14 AI15 MS0.065 AI32 D0.3 TT54 BR2 AR4.5 ST1800 EC60 R16 CT56	engageRadius=12 leashRadius=9.5 eliteHp=20 meleeMoveSpeed=0.14 meleeAttackInterval=15 shooterMoveSpeed=0.065 shooterAttackInterval=32 eliteDamage=0.3 eliteTelegraphTicks=54 eliteBlastRadius=2 eliteApproachRange=4.5 eliteSpawnTick=1800 absoluteEnemyCap=60 spawnRadius=16 eliteCooldownTicks=56 phases=14-20-26|9-7-6|6:1/3:1/2:1	8	3	2	2		0.695	0.197	0.288	0.210	0	12.46	0.190		I3;I8
R e12/s15 6:1/3:1/2:1 c15-21-27 i8-7-5 R12 R9 H22 MS0.136 AI16 MS0.06 AI32 D0.35 TT54 BR2 AR4 ST1800 EC55 R15 CT56	engageRadius=12 leashRadius=9 eliteHp=22 meleeMoveSpeed=0.136 meleeAttackInterval=16 shooterMoveSpeed=0.06 shooterAttackInterval=32 eliteDamage=0.35 eliteTelegraphTicks=54 eliteBlastRadius=2 eliteApproachRange=4 eliteSpawnTick=1800 absoluteEnemyCap=55 spawnRadius=15 eliteCooldownTicks=56 phases=15-21-27|8-7-5|6:1/3:1/2:1	8	2	2	2		0.713	0.222	0.286	0.204	0	13.08	0.207		I3;I8
R e11.5/s15.5 5:1/3:1/2:1 c14-20-26 i9-7-5 R11.5 R9 H21 MS0.138 AI16 MS0.06 AI32 D0.3 TT54 BR2.8 AR4.5 ST1800 EC60 R15.5 CT56	engageRadius=11.5 leashRadius=9 eliteHp=21 meleeMoveSpeed=0.138 meleeAttackInterval=16 shooterMoveSpeed=0.06 shooterAttackInterval=32 eliteDamage=0.3 eliteTelegraphTicks=54 eliteBlastRadius=2.8 eliteApproachRange=4.5 eliteSpawnTick=1800 absoluteEnemyCap=60 spawnRadius=15.5 eliteCooldownTicks=56 phases=14-20-26|9-7-5|5:1/3:1/2:1	7	3	2	2		0.678	0.182	0.262	0.233	0	13.01	0.211		skilled 8/8;I3;I8
R e12/s14.5 5:1/2:1/1:1 c13-19-25 i9-8-5 R12 R11 H22 MS0.142 AI15 MS0.055 AI32 D0.3 TT60 BR2.8 AR4 ST1800 EC60 R14.5 CT62	engageRadius=12 leashRadius=11 eliteHp=22 meleeMoveSpeed=0.142 meleeAttackInterval=15 shooterMoveSpeed=0.055 shooterAttackInterval=32 eliteDamage=0.3 eliteTelegraphTicks=60 eliteBlastRadius=2.8 eliteApproachRange=4 eliteSpawnTick=1800 absoluteEnemyCap=60 spawnRadius=14.5 eliteCooldownTicks=62 phases=13-19-25|9-8-5|5:1/2:1/1:1	7	2	1	2		0.812	0.284	0.258	0.271	0	10.62	0.215		skilled 8/8;I2;I3;I8
R e11.5/s15.5 5:1/2:1/1:1 c14-20-26 i9-7-6 R11.5 R11 H22 MS0.138 AI14 MS0.065 AI28 D0.4 TT54 BR2.4 AR4.5 ST1700 EC55 R15.5 CT56	engageRadius=11.5 leashRadius=11 eliteHp=22 meleeMoveSpeed=0.138 meleeAttackInterval=14 shooterMoveSpeed=0.065 shooterAttackInterval=28 eliteDamage=0.4 eliteTelegraphTicks=54 eliteBlastRadius=2.4 eliteApproachRange=4.5 eliteSpawnTick=1700 absoluteEnemyCap=55 spawnRadius=15.5 eliteCooldownTicks=56 phases=14-20-26|9-7-6|5:1/2:1/1:1	7	2	0	0		0.830	0.253	0.359	0.217	0	12.41	0.235		skilled 8/8;I2;I8
R e10.5/s13 5:1/3:1/2:1 c16-22-28 i9-8-5 R10.5 R11 H21 MS0.136 AI14 MS0.06 AI30 D0.4 TT48 BR2 AR4 ST1700 EC55 R13 CT50	engageRadius=10.5 leashRadius=11 eliteHp=21 meleeMoveSpeed=0.136 meleeAttackInterval=14 shooterMoveSpeed=0.06 shooterAttackInterval=30 eliteDamage=0.4 eliteTelegraphTicks=48 eliteBlastRadius=2 eliteApproachRange=4 eliteSpawnTick=1700 absoluteEnemyCap=55 spawnRadius=13 eliteCooldownTicks=50 phases=16-22-28|9-8-5|5:1/3:1/2:1	8	2	2	2		0.690	0.303	0.281	0.106	0	8.12	0.138		I3;I8
R e10.5/s13 5:1/2:1/1:1 c14-20-26 i9-7-5 R10.5 R10 H22 MS0.142 AI14 MS0.065 AI30 D0.3 TT60 BR2.8 AR4 ST1800 EC65 R13 CT62	engageRadius=10.5 leashRadius=10 eliteHp=22 meleeMoveSpeed=0.142 meleeAttackInterval=14 shooterMoveSpeed=0.065 shooterAttackInterval=30 eliteDamage=0.3 eliteTelegraphTicks=60 eliteBlastRadius=2.8 eliteApproachRange=4 eliteSpawnTick=1800 absoluteEnemyCap=65 spawnRadius=13 eliteCooldownTicks=62 phases=14-20-26|9-7-5|5:1/2:1/1:1	6	1	0	0		0.938	0.261	0.363	0.314	0	10.97	0.250		skilled 8/8;I2;I8
R e10.5/s14.5 5:1/2:1/1:1 c15-21-27 i8-7-5 R10.5 R10 H21 MS0.142 AI15 MS0.065 AI32 D0.3 TT60 BR2.8 AR4.5 ST1700 EC65 R14.5 CT62	engageRadius=10.5 leashRadius=10 eliteHp=21 meleeMoveSpeed=0.142 meleeAttackInterval=15 shooterMoveSpeed=0.065 shooterAttackInterval=32 eliteDamage=0.3 eliteTelegraphTicks=60 eliteBlastRadius=2.8 eliteApproachRange=4.5 eliteSpawnTick=1700 absoluteEnemyCap=65 spawnRadius=14.5 eliteCooldownTicks=62 phases=15-21-27|8-7-5|5:1/2:1/1:1	7	2	0	0		0.883	0.312	0.364	0.208	0	12.46	0.220		skilled 8/8;I2;I8
R e10.5/s13 5:1/2:1/1:1 c15-21-27 i9-7-5 R10.5 R10.5 H22 MS0.136 AI15 MS0.06 AI32 D0.35 TT60 BR2.4 AR4.5 ST1700 EC65 R13 CT62	engageRadius=10.5 leashRadius=10.5 eliteHp=22 meleeMoveSpeed=0.136 meleeAttackInterval=15 shooterMoveSpeed=0.06 shooterAttackInterval=32 eliteDamage=0.35 eliteTelegraphTicks=60 eliteBlastRadius=2.4 eliteApproachRange=4.5 eliteSpawnTick=1700 absoluteEnemyCap=65 spawnRadius=13 eliteCooldownTicks=62 phases=15-21-27|9-7-5|5:1/2:1/1:1	7	3	0	2		0.797	0.256	0.334	0.206	0	11.08	0.230		skilled 8/8;I8
R e11.5/s15.5 5:1/2:1/1:1 c14-20-26 i8-7-5 R11.5 R9 H20 MS0.142 AI16 MS0.055 AI30 D0.3 TT54 BR2.4 AR4 ST1800 EC60 R15.5 CT56	engageRadius=11.5 leashRadius=9 eliteHp=20 meleeMoveSpeed=0.142 meleeAttackInterval=16 shooterMoveSpeed=0.055 shooterAttackInterval=30 eliteDamage=0.3 eliteTelegraphTicks=54 eliteBlastRadius=2.4 eliteApproachRange=4 eliteSpawnTick=1800 absoluteEnemyCap=60 spawnRadius=15.5 eliteCooldownTicks=56 phases=14-20-26|8-7-5|5:1/2:1/1:1	8	3	2	2		0.677	0.259	0.259	0.159	0	13.72	0.220		I3;I8
R e10.5/s13.5 6:1/3:1/2:1 c16-22-28 i9-7-6 R10.5 R9.5 H21 MS0.138 AI15 MS0.06 AI28 D0.3 TT60 BR2 AR4 ST1800 EC60 R13.5 CT62	engageRadius=10.5 leashRadius=9.5 eliteHp=21 meleeMoveSpeed=0.138 meleeAttackInterval=15 shooterMoveSpeed=0.06 shooterAttackInterval=28 eliteDamage=0.3 eliteTelegraphTicks=60 eliteBlastRadius=2 eliteApproachRange=4 eliteSpawnTick=1800 absoluteEnemyCap=60 spawnRadius=13.5 eliteCooldownTicks=62 phases=16-22-28|9-7-6|6:1/3:1/2:1	8	2	1	1		0.771	0.233	0.318	0.221	0	10.51	0.186		I3;I8
R e10.5/s13 6:1/3:1/2:1 c15-21-27 i8-7-5 R10.5 R9 H21 MS0.136 AI16 MS0.06 AI30 D0.35 TT48 BR2.8 AR4.5 ST1800 EC60 R13 CT50	engageRadius=10.5 leashRadius=9 eliteHp=21 meleeMoveSpeed=0.136 meleeAttackInterval=16 shooterMoveSpeed=0.06 shooterAttackInterval=30 eliteDamage=0.35 eliteTelegraphTicks=48 eliteBlastRadius=2.8 eliteApproachRange=4.5 eliteSpawnTick=1800 absoluteEnemyCap=60 spawnRadius=13 eliteCooldownTicks=50 phases=15-21-27|8-7-5|6:1/3:1/2:1	8	1	0	0		0.793	0.267	0.283	0.242	0	11.51	0.177		I8
R e12/s14.5 6:1/3:1/2:1 c15-21-27 i9-7-6 R12 R9 H20 MS0.138 AI14 MS0.065 AI32 D0.3 TT48 BR2.4 AR4.5 ST1800 EC65 R14.5 CT50	engageRadius=12 leashRadius=9 eliteHp=20 meleeMoveSpeed=0.138 meleeAttackInterval=14 shooterMoveSpeed=0.065 shooterAttackInterval=32 eliteDamage=0.3 eliteTelegraphTicks=48 eliteBlastRadius=2.4 eliteApproachRange=4.5 eliteSpawnTick=1800 absoluteEnemyCap=65 spawnRadius=14.5 eliteCooldownTicks=50 phases=15-21-27|9-7-6|6:1/3:1/2:1	8	3	2	2		0.721	0.205	0.292	0.223	0	10.89	0.175		I3;I8
R e11/s13.5 5:1/2:1/1:1 c15-21-27 i9-7-5 R11 R9.5 H22 MS0.136 AI15 MS0.055 AI32 D0.35 TT60 BR2.4 AR4.5 ST1800 EC55 R13.5 CT62	engageRadius=11 leashRadius=9.5 eliteHp=22 meleeMoveSpeed=0.136 meleeAttackInterval=15 shooterMoveSpeed=0.055 shooterAttackInterval=32 eliteDamage=0.35 eliteTelegraphTicks=60 eliteBlastRadius=2.4 eliteApproachRange=4.5 eliteSpawnTick=1800 absoluteEnemyCap=55 spawnRadius=13.5 eliteCooldownTicks=62 phases=15-21-27|9-7-5|5:1/2:1/1:1	8	2	1	1		0.749	0.225	0.268	0.257	0	11.24	0.249		I3;I8
R e12/s16 5:1/3:1/2:1 c16-22-28 i9-8-5 R12 R9 H20 MS0.142 AI14 MS0.06 AI32 D0.4 TT54 BR2.4 AR4.5 ST1700 EC60 R16 CT56	engageRadius=12 leashRadius=9 eliteHp=20 meleeMoveSpeed=0.142 meleeAttackInterval=14 shooterMoveSpeed=0.06 shooterAttackInterval=32 eliteDamage=0.4 eliteTelegraphTicks=54 eliteBlastRadius=2.4 eliteApproachRange=4.5 eliteSpawnTick=1700 absoluteEnemyCap=60 spawnRadius=16 eliteCooldownTicks=56 phases=16-22-28|9-8-5|5:1/3:1/2:1	8	3	2	4		0.538	0.210	0.234	0.094	0	10.94	0.160		I2;I2 windows;I3;I8;I10
R e10.5/s13.5 5:1/2:1/3:2 c14-20-26 i9-8-5 R10.5 R10 H20 MS0.136 AI16 MS0.055 AI28 D0.3 TT60 BR2.4 AR4.5 ST1800 EC55 R13.5 CT62	engageRadius=10.5 leashRadius=10 eliteHp=20 meleeMoveSpeed=0.136 meleeAttackInterval=16 shooterMoveSpeed=0.055 shooterAttackInterval=28 eliteDamage=0.3 eliteTelegraphTicks=60 eliteBlastRadius=2.4 eliteApproachRange=4.5 eliteSpawnTick=1800 absoluteEnemyCap=55 spawnRadius=13.5 eliteCooldownTicks=62 phases=14-20-26|9-8-5|5:1/2:1/3:2	7	4	1	2		0.679	0.227	0.213	0.239	0	9.70	0.242		skilled 8/8;I3;I8
R e12/s15 5:1/3:1/3:2 c15-21-27 i9-7-5 R12 R11 H20 MS0.142 AI15 MS0.06 AI28 D0.35 TT48 BR2.4 AR4.5 ST1700 EC60 R15 CT50	engageRadius=12 leashRadius=11 eliteHp=20 meleeMoveSpeed=0.142 meleeAttackInterval=15 shooterMoveSpeed=0.06 shooterAttackInterval=28 eliteDamage=0.35 eliteTelegraphTicks=48 eliteBlastRadius=2.4 eliteApproachRange=4.5 eliteSpawnTick=1700 absoluteEnemyCap=60 spawnRadius=15 eliteCooldownTicks=50 phases=15-21-27|9-7-5|5:1/3:1/3:2	8	3	1	1		0.871	0.284	0.382	0.206	0	12.48	0.190		I2;I3;I8
R e11.5/s14.5 5:1/2:1/1:1 c15-21-27 i9-7-5 R11.5 R11 H22 MS0.14 AI14 MS0.055 AI30 D0.35 TT54 BR2.8 AR4.5 ST1800 EC65 R14.5 CT56	engageRadius=11.5 leashRadius=11 eliteHp=22 meleeMoveSpeed=0.14 meleeAttackInterval=14 shooterMoveSpeed=0.055 shooterAttackInterval=30 eliteDamage=0.35 eliteTelegraphTicks=54 eliteBlastRadius=2.8 eliteApproachRange=4.5 eliteSpawnTick=1800 absoluteEnemyCap=65 spawnRadius=14.5 eliteCooldownTicks=56 phases=15-21-27|9-7-5|5:1/2:1/1:1	5	1	0	0		0.966	0.273	0.369	0.324	0	12.21	0.233		skilled 8/8;I2;I8
R e11.5/s15.5 5:1/2:1/1:1 c13-19-25 i9-7-5 R11.5 R10 H20 MS0.138 AI15 MS0.065 AI28 D0.4 TT48 BR2.4 AR4.5 ST1700 EC55 R15.5 CT50	engageRadius=11.5 leashRadius=10 eliteHp=20 meleeMoveSpeed=0.138 meleeAttackInterval=15 shooterMoveSpeed=0.065 shooterAttackInterval=28 eliteDamage=0.4 eliteTelegraphTicks=48 eliteBlastRadius=2.4 eliteApproachRange=4.5 eliteSpawnTick=1700 absoluteEnemyCap=55 spawnRadius=15.5 eliteCooldownTicks=50 phases=13-19-25|9-7-5|5:1/2:1/1:1	8	3	1	2		0.684	0.219	0.298	0.166	0	12.42	0.252		I3;I8
R e10.5/s14 5:1/3:1/2:1 c15-21-27 i9-7-5 R10.5 R11 H21 MS0.136 AI16 MS0.055 AI28 D0.35 TT48 BR2 AR4.5 ST1800 EC55 R14 CT50	engageRadius=10.5 leashRadius=11 eliteHp=21 meleeMoveSpeed=0.136 meleeAttackInterval=16 shooterMoveSpeed=0.055 shooterAttackInterval=28 eliteDamage=0.35 eliteTelegraphTicks=48 eliteBlastRadius=2 eliteApproachRange=4.5 eliteSpawnTick=1800 absoluteEnemyCap=55 spawnRadius=14 eliteCooldownTicks=50 phases=15-21-27|9-7-5|5:1/3:1/2:1	7	3	0	0		0.904	0.255	0.342	0.307	0	11.63	0.191		skilled 8/8;I2;I8
R e11.5/s15 5:1/3:1/2:1 c16-22-28 i9-8-5 R11.5 R10.5 H20 MS0.136 AI16 MS0.06 AI28 D0.35 TT54 BR2.4 AR4 ST1800 EC65 R15 CT56	engageRadius=11.5 leashRadius=10.5 eliteHp=20 meleeMoveSpeed=0.136 meleeAttackInterval=16 shooterMoveSpeed=0.06 shooterAttackInterval=28 eliteDamage=0.35 eliteTelegraphTicks=54 eliteBlastRadius=2.4 eliteApproachRange=4 eliteSpawnTick=1800 absoluteEnemyCap=65 spawnRadius=15 eliteCooldownTicks=56 phases=16-22-28|9-8-5|5:1/3:1/2:1	8	4	2	2		0.619	0.221	0.213	0.184	0	10.51	0.211		I3;I8
R e10.5/s14 6:1/3:1/2:1 c15-21-27 i9-8-5 R10.5 R10 H22 MS0.142 AI14 MS0.055 AI28 D0.3 TT48 BR2 AR4.5 ST1700 EC60 R14 CT50	engageRadius=10.5 leashRadius=10 eliteHp=22 meleeMoveSpeed=0.142 meleeAttackInterval=14 shooterMoveSpeed=0.055 shooterAttackInterval=28 eliteDamage=0.3 eliteTelegraphTicks=48 eliteBlastRadius=2 eliteApproachRange=4.5 eliteSpawnTick=1700 absoluteEnemyCap=60 spawnRadius=14 eliteCooldownTicks=50 phases=15-21-27|9-8-5|6:1/3:1/2:1	8	4	1	2		0.653	0.255	0.276	0.122	0	8.80	0.145		I3;I8
R e11.5/s15 5:1/2:1/1:1 c14-20-26 i9-7-6 R11.5 R10.5 H20 MS0.138 AI15 MS0.055 AI30 D0.35 TT54 BR2.4 AR4 ST1800 EC60 R15 CT56	engageRadius=11.5 leashRadius=10.5 eliteHp=20 meleeMoveSpeed=0.138 meleeAttackInterval=15 shooterMoveSpeed=0.055 shooterAttackInterval=30 eliteDamage=0.35 eliteTelegraphTicks=54 eliteBlastRadius=2.4 eliteApproachRange=4 eliteSpawnTick=1800 absoluteEnemyCap=60 spawnRadius=15 eliteCooldownTicks=56 phases=14-20-26|9-7-6|5:1/2:1/1:1	8	3	1	1		0.747	0.230	0.314	0.203	0	12.14	0.238		I3;I8
R e11/s14 5:1/3:1/3:2 c14-20-26 i9-8-5 R11 R10.5 H20 MS0.136 AI16 MS0.065 AI30 D0.4 TT48 BR2.8 AR4 ST1700 EC60 R14 CT50	engageRadius=11 leashRadius=10.5 eliteHp=20 meleeMoveSpeed=0.136 meleeAttackInterval=16 shooterMoveSpeed=0.065 shooterAttackInterval=30 eliteDamage=0.4 eliteTelegraphTicks=48 eliteBlastRadius=2.8 eliteApproachRange=4 eliteSpawnTick=1700 absoluteEnemyCap=60 spawnRadius=14 eliteCooldownTicks=50 phases=14-20-26|9-8-5|5:1/3:1/3:2	8	5	2	2		0.595	0.242	0.270	0.083	0	9.11	0.177		I2 windows;I3;I8
R e12/s16 6:1/3:1/2:1 c15-21-27 i9-8-5 R12 R10 H21 MS0.136 AI14 MS0.06 AI32 D0.3 TT54 BR2.8 AR4.5 ST1800 EC60 R16 CT56	engageRadius=12 leashRadius=10 eliteHp=21 meleeMoveSpeed=0.136 meleeAttackInterval=14 shooterMoveSpeed=0.06 shooterAttackInterval=32 eliteDamage=0.3 eliteTelegraphTicks=54 eliteBlastRadius=2.8 eliteApproachRange=4.5 eliteSpawnTick=1800 absoluteEnemyCap=60 spawnRadius=16 eliteCooldownTicks=56 phases=15-21-27|9-8-5|6:1/3:1/2:1	8	5	3	2		0.623	0.200	0.228	0.194	0	11.29	0.169		I3;I8
R e11.5/s14.5 6:1/3:1/2:1 c15-21-27 i9-7-6 R11.5 R10 H21 MS0.136 AI15 MS0.065 AI32 D0.3 TT48 BR2.8 AR4 ST1800 EC65 R14.5 CT50	engageRadius=11.5 leashRadius=10 eliteHp=21 meleeMoveSpeed=0.136 meleeAttackInterval=15 shooterMoveSpeed=0.065 shooterAttackInterval=32 eliteDamage=0.3 eliteTelegraphTicks=48 eliteBlastRadius=2.8 eliteApproachRange=4 eliteSpawnTick=1800 absoluteEnemyCap=65 spawnRadius=14.5 eliteCooldownTicks=50 phases=15-21-27|9-7-6|6:1/3:1/2:1	7	2	2	1		0.786	0.230	0.309	0.247	0	11.90	0.181		skilled 8/8;I3;I8
R e11.5/s15 5:1/3:1/3:2 c13-19-25 i8-7-5 R11.5 R10.5 H22 MS0.136 AI16 MS0.055 AI28 D0.4 TT54 BR2.4 AR4 ST1800 EC65 R15 CT56	engageRadius=11.5 leashRadius=10.5 eliteHp=22 meleeMoveSpeed=0.136 meleeAttackInterval=16 shooterMoveSpeed=0.055 shooterAttackInterval=28 eliteDamage=0.4 eliteTelegraphTicks=54 eliteBlastRadius=2.4 eliteApproachRange=4 eliteSpawnTick=1800 absoluteEnemyCap=65 spawnRadius=15 eliteCooldownTicks=56 phases=13-19-25|8-7-5|5:1/3:1/3:2	7	1	0	0		0.841	0.283	0.292	0.266	0	13.66	0.199		skilled 8/8;I2;I8
R e10.5/s13.5 5:1/2:1/3:2 c13-19-25 i10-7-5 R10.5 R10.5 H20 MS0.138 AI14 MS0.06 AI30 D0.4 TT54 BR2 AR4 ST1800 EC65 R13.5 CT56	engageRadius=10.5 leashRadius=10.5 eliteHp=20 meleeMoveSpeed=0.138 meleeAttackInterval=14 shooterMoveSpeed=0.06 shooterAttackInterval=30 eliteDamage=0.4 eliteTelegraphTicks=54 eliteBlastRadius=2 eliteApproachRange=4 eliteSpawnTick=1800 absoluteEnemyCap=65 spawnRadius=13.5 eliteCooldownTicks=56 phases=13-19-25|10-7-5|5:1/2:1/3:2	6	2	0	0		0.892	0.221	0.363	0.308	0	11.17	0.218		skilled 8/8;I2;I8
R e11/s15 6:1/3:1/2:1 c16-22-28 i9-7-6 R11 R9.5 H22 MS0.138 AI16 MS0.055 AI32 D0.35 TT54 BR2 AR4.5 ST1700 EC65 R15 CT56	engageRadius=11 leashRadius=9.5 eliteHp=22 meleeMoveSpeed=0.138 meleeAttackInterval=16 shooterMoveSpeed=0.055 shooterAttackInterval=32 eliteDamage=0.35 eliteTelegraphTicks=54 eliteBlastRadius=2 eliteApproachRange=4.5 eliteSpawnTick=1700 absoluteEnemyCap=65 spawnRadius=15 eliteCooldownTicks=56 phases=16-22-28|9-7-6|6:1/3:1/2:1	8	4	2	2		0.652	0.191	0.327	0.135	0	11.47	0.187		I3;I8
R e11.5/s15.5 5:1/2:1/3:2 c14-20-26 i9-8-5 R11.5 R10 H20 MS0.14 AI14 MS0.055 AI30 D0.4 TT48 BR2 AR4.5 ST1700 EC55 R15.5 CT50	engageRadius=11.5 leashRadius=10 eliteHp=20 meleeMoveSpeed=0.14 meleeAttackInterval=14 shooterMoveSpeed=0.055 shooterAttackInterval=30 eliteDamage=0.4 eliteTelegraphTicks=48 eliteBlastRadius=2 eliteApproachRange=4.5 eliteSpawnTick=1700 absoluteEnemyCap=55 spawnRadius=15.5 eliteCooldownTicks=50 phases=14-20-26|9-8-5|5:1/2:1/3:2	8	3	2	2		0.552	0.233	0.236	0.084	0	10.49	0.190		I2 windows;I3;I8
R e10.5/s14.5 5:1/2:1/3:2 c16-22-28 i8-7-5 R10.5 R11 H20 MS0.138 AI15 MS0.065 AI28 D0.3 TT54 BR2.8 AR4.5 ST1700 EC55 R14.5 CT56	engageRadius=10.5 leashRadius=11 eliteHp=20 meleeMoveSpeed=0.138 meleeAttackInterval=15 shooterMoveSpeed=0.065 shooterAttackInterval=28 eliteDamage=0.3 eliteTelegraphTicks=54 eliteBlastRadius=2.8 eliteApproachRange=4.5 eliteSpawnTick=1700 absoluteEnemyCap=55 spawnRadius=14.5 eliteCooldownTicks=56 phases=16-22-28|8-7-5|5:1/2:1/3:2	7	1	0	0		0.913	0.323	0.367	0.223	0	12.03	0.217		skilled 8/8;I2;I8
R e11.5/s14 5:1/3:1/3:2 c14-20-26 i10-7-5 R11.5 R9 H20 MS0.14 AI16 MS0.06 AI32 D0.3 TT48 BR2 AR4.5 ST1700 EC55 R14 CT50	engageRadius=11.5 leashRadius=9 eliteHp=20 meleeMoveSpeed=0.14 meleeAttackInterval=16 shooterMoveSpeed=0.06 shooterAttackInterval=32 eliteDamage=0.3 eliteTelegraphTicks=48 eliteBlastRadius=2 eliteApproachRange=4.5 eliteSpawnTick=1700 absoluteEnemyCap=55 spawnRadius=14 eliteCooldownTicks=50 phases=14-20-26|10-7-5|5:1/3:1/3:2	8	4	2	3		0.573	0.161	0.293	0.119	0	9.67	0.191		I3;I8;I10
R e11.5/s15.5 5:1/2:1/1:1 c14-20-26 i10-7-5 R11.5 R9.5 H20 MS0.136 AI14 MS0.06 AI30 D0.4 TT60 BR2.4 AR4 ST1800 EC60 R15.5 CT62	engageRadius=11.5 leashRadius=9.5 eliteHp=20 meleeMoveSpeed=0.136 meleeAttackInterval=14 shooterMoveSpeed=0.06 shooterAttackInterval=30 eliteDamage=0.4 eliteTelegraphTicks=60 eliteBlastRadius=2.4 eliteApproachRange=4 eliteSpawnTick=1800 absoluteEnemyCap=60 spawnRadius=15.5 eliteCooldownTicks=62 phases=14-20-26|10-7-5|5:1/2:1/1:1	7	4	2	2		0.637	0.162	0.264	0.211	0	12.55	0.275		skilled 8/8;I3;I8
R e12/s16 5:1/3:1/3:2 c16-22-28 i9-8-5 R12 R9 H22 MS0.142 AI14 MS0.055 AI32 D0.35 TT48 BR2 AR4.5 ST1800 EC65 R16 CT50	engageRadius=12 leashRadius=9 eliteHp=22 meleeMoveSpeed=0.142 meleeAttackInterval=14 shooterMoveSpeed=0.055 shooterAttackInterval=32 eliteDamage=0.35 eliteTelegraphTicks=48 eliteBlastRadius=2 eliteApproachRange=4.5 eliteSpawnTick=1800 absoluteEnemyCap=65 spawnRadius=16 eliteCooldownTicks=50 phases=16-22-28|9-8-5|5:1/3:1/3:2	8	4	2	2		0.602	0.223	0.191	0.187	0	11.35	0.159		I3;I8
R e11/s13.5 5:1/2:1/3:2 c13-19-25 i9-8-5 R11 R9.5 H21 MS0.142 AI15 MS0.055 AI32 D0.3 TT60 BR2.4 AR4 ST1800 EC60 R13.5 CT62	engageRadius=11 leashRadius=9.5 eliteHp=21 meleeMoveSpeed=0.142 meleeAttackInterval=15 shooterMoveSpeed=0.055 shooterAttackInterval=32 eliteDamage=0.3 eliteTelegraphTicks=60 eliteBlastRadius=2.4 eliteApproachRange=4 eliteSpawnTick=1800 absoluteEnemyCap=60 spawnRadius=13.5 eliteCooldownTicks=62 phases=13-19-25|9-8-5|5:1/2:1/3:2	8	2	2	2		0.696	0.241	0.222	0.232	0	9.79	0.215		I3;I8
R e11/s14.5 5:1/3:1/3:2 c13-19-25 i9-7-6 R11 R9 H22 MS0.136 AI14 MS0.065 AI28 D0.35 TT54 BR2.8 AR4.5 ST1800 EC60 R14.5 CT56	engageRadius=11 leashRadius=9 eliteHp=22 meleeMoveSpeed=0.136 meleeAttackInterval=14 shooterMoveSpeed=0.065 shooterAttackInterval=28 eliteDamage=0.35 eliteTelegraphTicks=54 eliteBlastRadius=2.8 eliteApproachRange=4.5 eliteSpawnTick=1800 absoluteEnemyCap=60 spawnRadius=14.5 eliteCooldownTicks=56 phases=13-19-25|9-7-6|5:1/3:1/3:2	7	3	3	2		0.704	0.202	0.267	0.236	0	11.66	0.232		skilled 8/8;I3;I8
R e11/s14 5:1/2:1/3:2 c16-22-28 i8-7-5 R11 R9 H21 MS0.14 AI14 MS0.055 AI28 D0.3 TT48 BR2.4 AR4.5 ST1700 EC60 R14 CT50	engageRadius=11 leashRadius=9 eliteHp=21 meleeMoveSpeed=0.14 meleeAttackInterval=14 shooterMoveSpeed=0.055 shooterAttackInterval=28 eliteDamage=0.3 eliteTelegraphTicks=48 eliteBlastRadius=2.4 eliteApproachRange=4.5 eliteSpawnTick=1700 absoluteEnemyCap=60 spawnRadius=14 eliteCooldownTicks=50 phases=16-22-28|8-7-5|5:1/2:1/3:2	5	1	0	1		0.920	0.295	0.360	0.265	0	13.00	0.206		skilled 8/8;I2;I8
R e11.5/s15 5:1/2:1/1:1 c15-21-27 i10-7-5 R11.5 R10 H22 MS0.138 AI14 MS0.06 AI32 D0.3 TT54 BR2.4 AR4.5 ST1700 EC65 R15 CT56	engageRadius=11.5 leashRadius=10 eliteHp=22 meleeMoveSpeed=0.138 meleeAttackInterval=14 shooterMoveSpeed=0.06 shooterAttackInterval=32 eliteDamage=0.3 eliteTelegraphTicks=54 eliteBlastRadius=2.4 eliteApproachRange=4.5 eliteSpawnTick=1700 absoluteEnemyCap=65 spawnRadius=15 eliteCooldownTicks=56 phases=15-21-27|10-7-5|5:1/2:1/1:1	8	2	2	2		0.717	0.191	0.356	0.170	0	11.86	0.220		I3;I8
R e11.5/s14.5 5:1/2:1/3:2 c16-22-28 i9-7-5 R11.5 R10 H20 MS0.142 AI14 MS0.055 AI30 D0.3 TT54 BR2.4 AR4.5 ST1800 EC55 R14.5 CT56	engageRadius=11.5 leashRadius=10 eliteHp=20 meleeMoveSpeed=0.142 meleeAttackInterval=14 shooterMoveSpeed=0.055 shooterAttackInterval=30 eliteDamage=0.3 eliteTelegraphTicks=54 eliteBlastRadius=2.4 eliteApproachRange=4.5 eliteSpawnTick=1800 absoluteEnemyCap=55 spawnRadius=14.5 eliteCooldownTicks=56 phases=16-22-28|9-7-5|5:1/2:1/3:2	6	2	1	1		0.926	0.259	0.353	0.314	0	12.83	0.214		skilled 8/8;I2;I3;I8
R e11/s14.5 5:1/2:1/1:1 c16-22-28 i8-7-5 R11 R10.5 H21 MS0.138 AI15 MS0.065 AI28 D0.35 TT54 BR2.4 AR4 ST1800 EC60 R14.5 CT56	engageRadius=11 leashRadius=10.5 eliteHp=21 meleeMoveSpeed=0.138 meleeAttackInterval=15 shooterMoveSpeed=0.065 shooterAttackInterval=28 eliteDamage=0.35 eliteTelegraphTicks=54 eliteBlastRadius=2.4 eliteApproachRange=4 eliteSpawnTick=1800 absoluteEnemyCap=60 spawnRadius=14.5 eliteCooldownTicks=56 phases=16-22-28|8-7-5|5:1/2:1/1:1	7	1	0	0		0.889	0.306	0.327	0.255	0	13.18	0.263		skilled 8/8;I2;I8
R e11/s14.5 6:1/3:1/2:1 c15-21-27 i9-7-5 R11 R10.5 H21 MS0.142 AI14 MS0.06 AI32 D0.4 TT60 BR2 AR4 ST1700 EC60 R14.5 CT62	engageRadius=11 leashRadius=10.5 eliteHp=21 meleeMoveSpeed=0.142 meleeAttackInterval=14 shooterMoveSpeed=0.06 shooterAttackInterval=32 eliteDamage=0.4 eliteTelegraphTicks=60 eliteBlastRadius=2 eliteApproachRange=4 eliteSpawnTick=1700 absoluteEnemyCap=60 spawnRadius=14.5 eliteCooldownTicks=62 phases=15-21-27|9-7-5|6:1/3:1/2:1	7	1	0	0		0.867	0.261	0.395	0.211	0	11.64	0.151		skilled 8/8;I2;I8
R e11.5/s14.5 5:1/2:1/1:1 c15-21-27 i9-7-5 R11.5 R11 H21 MS0.138 AI14 MS0.06 AI32 D0.3 TT60 BR2 AR4.5 ST1700 EC60 R14.5 CT62	engageRadius=11.5 leashRadius=11 eliteHp=21 meleeMoveSpeed=0.138 meleeAttackInterval=14 shooterMoveSpeed=0.06 shooterAttackInterval=32 eliteDamage=0.3 eliteTelegraphTicks=60 eliteBlastRadius=2 eliteApproachRange=4.5 eliteSpawnTick=1700 absoluteEnemyCap=60 spawnRadius=14.5 eliteCooldownTicks=62 phases=15-21-27|9-7-5|5:1/2:1/1:1	8	2	0	0		0.831	0.256	0.361	0.213	0	11.74	0.205		I2;I8
R e11.5/s15.5 6:1/3:1/2:1 c16-22-28 i9-7-5 R11.5 R10 H20 MS0.138 AI15 MS0.055 AI30 D0.35 TT48 BR2 AR4 ST1700 EC55 R15.5 CT50	engageRadius=11.5 leashRadius=10 eliteHp=20 meleeMoveSpeed=0.138 meleeAttackInterval=15 shooterMoveSpeed=0.055 shooterAttackInterval=30 eliteDamage=0.35 eliteTelegraphTicks=48 eliteBlastRadius=2 eliteApproachRange=4 eliteSpawnTick=1700 absoluteEnemyCap=55 spawnRadius=15.5 eliteCooldownTicks=50 phases=16-22-28|9-7-5|6:1/3:1/2:1	7	3	2	2		0.674	0.222	0.312	0.140	0	12.22	0.173		skilled 8/8;I3;I8
R e11/s14.5 5:1/3:1/3:2 c14-20-26 i9-8-5 R11 R9 H21 MS0.136 AI15 MS0.06 AI28 D0.35 TT48 BR2.4 AR4 ST1700 EC55 R14.5 CT50	engageRadius=11 leashRadius=9 eliteHp=21 meleeMoveSpeed=0.136 meleeAttackInterval=15 shooterMoveSpeed=0.06 shooterAttackInterval=28 eliteDamage=0.35 eliteTelegraphTicks=48 eliteBlastRadius=2.4 eliteApproachRange=4 eliteSpawnTick=1700 absoluteEnemyCap=55 spawnRadius=14.5 eliteCooldownTicks=50 phases=14-20-26|9-8-5|5:1/3:1/3:2	8	6	3	3		0.533	0.196	0.206	0.132	0	9.87	0.203		I2;I3;I8;I10
R e12/s15 5:1/3:1/2:1 c16-22-28 i8-7-5 R12 R9.5 H22 MS0.138 AI14 MS0.06 AI28 D0.35 TT54 BR2.4 AR4 ST1700 EC60 R15 CT56	engageRadius=12 leashRadius=9.5 eliteHp=22 meleeMoveSpeed=0.138 meleeAttackInterval=14 shooterMoveSpeed=0.06 shooterAttackInterval=28 eliteDamage=0.35 eliteTelegraphTicks=54 eliteBlastRadius=2.4 eliteApproachRange=4 eliteSpawnTick=1700 absoluteEnemyCap=60 spawnRadius=15 eliteCooldownTicks=56 phases=16-22-28|8-7-5|5:1/3:1/2:1	8	2	0	0		0.837	0.290	0.329	0.219	0	13.46	0.184		I2;I8
R e11/s13.5 5:1/3:1/3:2 c13-19-25 i8-7-5 R11 R10.5 H21 MS0.142 AI14 MS0.06 AI28 D0.3 TT48 BR2.8 AR4.5 ST1800 EC65 R13.5 CT50	engageRadius=11 leashRadius=10.5 eliteHp=21 meleeMoveSpeed=0.142 meleeAttackInterval=14 shooterMoveSpeed=0.06 shooterAttackInterval=28 eliteDamage=0.3 eliteTelegraphTicks=48 eliteBlastRadius=2.8 eliteApproachRange=4.5 eliteSpawnTick=1800 absoluteEnemyCap=65 spawnRadius=13.5 eliteCooldownTicks=50 phases=13-19-25|8-7-5|5:1/3:1/3:2	5	0	0	0		0.996	0.339	0.380	0.278	0	12.24	0.163		skilled 8/8;I2
R e11/s13.5 5:1/2:1/1:1 c15-21-27 i9-7-5 R11 R10.5 H21 MS0.14 AI16 MS0.065 AI30 D0.35 TT54 BR2 AR4.5 ST1700 EC65 R13.5 CT56	engageRadius=11 leashRadius=10.5 eliteHp=21 meleeMoveSpeed=0.14 meleeAttackInterval=16 shooterMoveSpeed=0.065 shooterAttackInterval=30 eliteDamage=0.35 eliteTelegraphTicks=54 eliteBlastRadius=2 eliteApproachRange=4.5 eliteSpawnTick=1700 absoluteEnemyCap=65 spawnRadius=13.5 eliteCooldownTicks=56 phases=15-21-27|9-7-5|5:1/2:1/1:1	7	3	0	1		0.773	0.258	0.362	0.153	0	10.53	0.226		skilled 8/8;I8
R e11/s14 6:1/3:1/2:1 c15-21-27 i8-7-5 R11 R10.5 H21 MS0.138 AI16 MS0.055 AI30 D0.3 TT60 BR2.8 AR4 ST1700 EC60 R14 CT62	engageRadius=11 leashRadius=10.5 eliteHp=21 meleeMoveSpeed=0.138 meleeAttackInterval=16 shooterMoveSpeed=0.055 shooterAttackInterval=30 eliteDamage=0.3 eliteTelegraphTicks=60 eliteBlastRadius=2.8 eliteApproachRange=4 eliteSpawnTick=1700 absoluteEnemyCap=60 spawnRadius=14 eliteCooldownTicks=62 phases=15-21-27|8-7-5|6:1/3:1/2:1	7	3	0	0		0.771	0.283	0.302	0.186	0	12.28	0.165		skilled 8/8;I8
R e10.5/s14.5 5:1/2:1/1:1 c15-21-27 i8-7-5 R10.5 R9 H22 MS0.14 AI14 MS0.06 AI32 D0.3 TT60 BR2.4 AR4 ST1800 EC60 R14.5 CT62	engageRadius=10.5 leashRadius=9 eliteHp=22 meleeMoveSpeed=0.14 meleeAttackInterval=14 shooterMoveSpeed=0.06 shooterAttackInterval=32 eliteDamage=0.3 eliteTelegraphTicks=60 eliteBlastRadius=2.4 eliteApproachRange=4 eliteSpawnTick=1800 absoluteEnemyCap=60 spawnRadius=14.5 eliteCooldownTicks=62 phases=15-21-27|8-7-5|5:1/2:1/1:1	8	1	2	2		0.744	0.261	0.273	0.211	0	13.02	0.222		I3;I8
R e10.5/s13.5 6:1/3:1/2:1 c13-19-25 i10-7-5 R10.5 R11 H22 MS0.142 AI14 MS0.055 AI32 D0.4 TT60 BR2 AR4 ST1800 EC60 R13.5 CT62	engageRadius=10.5 leashRadius=11 eliteHp=22 meleeMoveSpeed=0.142 meleeAttackInterval=14 shooterMoveSpeed=0.055 shooterAttackInterval=32 eliteDamage=0.4 eliteTelegraphTicks=60 eliteBlastRadius=2 eliteApproachRange=4 eliteSpawnTick=1800 absoluteEnemyCap=60 spawnRadius=13.5 eliteCooldownTicks=62 phases=13-19-25|10-7-5|6:1/3:1/2:1	6	2	1	1		0.948	0.256	0.380	0.311	0	10.74	0.152		skilled 8/8;I2;I3;I8
R e11.5/s15 5:1/2:1/1:1 c15-21-27 i8-7-5 R11.5 R10.5 H22 MS0.14 AI15 MS0.06 AI30 D0.3 TT60 BR2.8 AR4 ST1700 EC65 R15 CT62	engageRadius=11.5 leashRadius=10.5 eliteHp=22 meleeMoveSpeed=0.14 meleeAttackInterval=15 shooterMoveSpeed=0.06 shooterAttackInterval=30 eliteDamage=0.3 eliteTelegraphTicks=60 eliteBlastRadius=2.8 eliteApproachRange=4 eliteSpawnTick=1700 absoluteEnemyCap=65 spawnRadius=15 eliteCooldownTicks=62 phases=15-21-27|8-7-5|5:1/2:1/1:1	8	4	0	0		0.839	0.312	0.314	0.212	0	12.66	0.222		I2;I8
R e11.5/s15 5:1/3:1/3:2 c16-22-28 i9-7-5 R11.5 R9 H20 MS0.14 AI14 MS0.055 AI28 D0.3 TT60 BR2 AR4 ST1700 EC55 R15 CT62	engageRadius=11.5 leashRadius=9 eliteHp=20 meleeMoveSpeed=0.14 meleeAttackInterval=14 shooterMoveSpeed=0.055 shooterAttackInterval=28 eliteDamage=0.3 eliteTelegraphTicks=60 eliteBlastRadius=2 eliteApproachRange=4 eliteSpawnTick=1700 absoluteEnemyCap=55 spawnRadius=15 eliteCooldownTicks=62 phases=16-22-28|9-7-5|5:1/3:1/3:2	7	3	2	2		0.681	0.217	0.315	0.148	0	11.92	0.182		skilled 8/8;I3;I8
R e11.5/s15.5 5:1/2:1/3:2 c16-22-28 i9-7-6 R11.5 R10.5 H22 MS0.14 AI16 MS0.065 AI30 D0.4 TT54 BR2.4 AR4.5 ST1700 EC65 R15.5 CT56	engageRadius=11.5 leashRadius=10.5 eliteHp=22 meleeMoveSpeed=0.14 meleeAttackInterval=16 shooterMoveSpeed=0.065 shooterAttackInterval=30 eliteDamage=0.4 eliteTelegraphTicks=54 eliteBlastRadius=2.4 eliteApproachRange=4.5 eliteSpawnTick=1700 absoluteEnemyCap=65 spawnRadius=15.5 eliteCooldownTicks=56 phases=16-22-28|9-7-6|5:1/2:1/3:2	8	4	2	2		0.726	0.215	0.345	0.165	0	12.40	0.263		I3;I8
R e11.5/s15 5:1/2:1/1:1 c14-20-26 i9-8-5 R11.5 R10.5 H21 MS0.138 AI14 MS0.055 AI32 D0.4 TT48 BR2.8 AR4.5 ST1700 EC55 R15 CT50	engageRadius=11.5 leashRadius=10.5 eliteHp=21 meleeMoveSpeed=0.138 meleeAttackInterval=14 shooterMoveSpeed=0.055 shooterAttackInterval=32 eliteDamage=0.4 eliteTelegraphTicks=48 eliteBlastRadius=2.8 eliteApproachRange=4.5 eliteSpawnTick=1700 absoluteEnemyCap=55 spawnRadius=15 eliteCooldownTicks=50 phases=14-20-26|9-8-5|5:1/2:1/1:1	8	3	2	2		0.628	0.243	0.261	0.124	0	10.25	0.192		I3;I8
R e10.5/s14 5:1/2:1/1:1 c16-22-28 i9-7-5 R10.5 R10 H21 MS0.142 AI14 MS0.06 AI28 D0.4 TT48 BR2.8 AR4 ST1800 EC60 R14 CT50	engageRadius=10.5 leashRadius=10 eliteHp=21 meleeMoveSpeed=0.142 meleeAttackInterval=14 shooterMoveSpeed=0.06 shooterAttackInterval=28 eliteDamage=0.4 eliteTelegraphTicks=48 eliteBlastRadius=2.8 eliteApproachRange=4 eliteSpawnTick=1800 absoluteEnemyCap=60 spawnRadius=14 eliteCooldownTicks=50 phases=16-22-28|9-7-5|5:1/2:1/1:1	6	0	0	0		0.893	0.264	0.331	0.298	0	11.60	0.227		skilled 8/8;I2
R e10.5/s14.5 5:1/2:1/3:2 c15-21-27 i8-7-5 R10.5 R10 H21 MS0.136 AI16 MS0.055 AI28 D0.35 TT54 BR2 AR4.5 ST1800 EC60 R14.5 CT56	engageRadius=10.5 leashRadius=10 eliteHp=21 meleeMoveSpeed=0.136 meleeAttackInterval=16 shooterMoveSpeed=0.055 shooterAttackInterval=28 eliteDamage=0.35 eliteTelegraphTicks=54 eliteBlastRadius=2 eliteApproachRange=4.5 eliteSpawnTick=1800 absoluteEnemyCap=60 spawnRadius=14.5 eliteCooldownTicks=56 phases=15-21-27|8-7-5|5:1/2:1/3:2	7	2	1	0		0.862	0.287	0.295	0.279	0	13.51	0.236		skilled 8/8;I2;I3;I8
R e10.5/s13 5:1/2:1/1:1 c16-22-28 i9-8-5 R10.5 R9.5 H21 MS0.14 AI15 MS0.065 AI28 D0.35 TT60 BR2 AR4 ST1700 EC55 R13 CT62	engageRadius=10.5 leashRadius=9.5 eliteHp=21 meleeMoveSpeed=0.14 meleeAttackInterval=15 shooterMoveSpeed=0.065 shooterAttackInterval=28 eliteDamage=0.35 eliteTelegraphTicks=60 eliteBlastRadius=2 eliteApproachRange=4 eliteSpawnTick=1700 absoluteEnemyCap=55 spawnRadius=13 eliteCooldownTicks=62 phases=16-22-28|9-8-5|5:1/2:1/1:1	8	3	2	2		0.565	0.236	0.237	0.092	0	8.08	0.233		I2 windows;I3;I8
R e11.5/s14 5:1/2:1/1:1 c16-22-28 i9-7-6 R11.5 R10.5 H21 MS0.142 AI14 MS0.065 AI28 D0.35 TT54 BR2.8 AR4 ST1700 EC60 R14 CT56	engageRadius=11.5 leashRadius=10.5 eliteHp=21 meleeMoveSpeed=0.142 meleeAttackInterval=14 shooterMoveSpeed=0.065 shooterAttackInterval=28 eliteDamage=0.35 eliteTelegraphTicks=54 eliteBlastRadius=2.8 eliteApproachRange=4 eliteSpawnTick=1700 absoluteEnemyCap=60 spawnRadius=14 eliteCooldownTicks=56 phases=16-22-28|9-7-6|5:1/2:1/1:1	6	2	0	0		0.857	0.280	0.389	0.188	0	10.82	0.208		skilled 8/8;I2;I8
R e12/s16 6:1/3:1/2:1 c14-20-26 i9-7-5 R12 R9 H21 MS0.14 AI14 MS0.065 AI28 D0.3 TT60 BR2.4 AR4 ST1700 EC60 R16 CT62	engageRadius=12 leashRadius=9 eliteHp=21 meleeMoveSpeed=0.14 meleeAttackInterval=14 shooterMoveSpeed=0.065 shooterAttackInterval=28 eliteDamage=0.3 eliteTelegraphTicks=60 eliteBlastRadius=2.4 eliteApproachRange=4 eliteSpawnTick=1700 absoluteEnemyCap=60 spawnRadius=16 eliteCooldownTicks=62 phases=14-20-26|9-7-5|6:1/3:1/2:1	7	3	2	2		0.677	0.198	0.342	0.137	0	12.40	0.181		skilled 8/8;I3;I8
R e10.5/s14.5 5:1/2:1/3:2 c13-19-25 i9-7-5 R10.5 R11 H20 MS0.14 AI16 MS0.065 AI30 D0.3 TT60 BR2.4 AR4 ST1800 EC55 R14.5 CT62	engageRadius=10.5 leashRadius=11 eliteHp=20 meleeMoveSpeed=0.14 meleeAttackInterval=16 shooterMoveSpeed=0.065 shooterAttackInterval=30 eliteDamage=0.3 eliteTelegraphTicks=60 eliteBlastRadius=2.4 eliteApproachRange=4 eliteSpawnTick=1800 absoluteEnemyCap=55 spawnRadius=14.5 eliteCooldownTicks=62 phases=13-19-25|9-7-5|5:1/2:1/3:2	8	2	0	0		0.864	0.249	0.338	0.277	0	11.69	0.224		I2;I8
R e10.5/s14 5:1/3:1/3:2 c15-21-27 i8-7-5 R10.5 R11 H21 MS0.136 AI15 MS0.06 AI32 D0.3 TT54 BR2.8 AR4 ST1700 EC60 R14 CT56	engageRadius=10.5 leashRadius=11 eliteHp=21 meleeMoveSpeed=0.136 meleeAttackInterval=15 shooterMoveSpeed=0.06 shooterAttackInterval=32 eliteDamage=0.3 eliteTelegraphTicks=54 eliteBlastRadius=2.8 eliteApproachRange=4 eliteSpawnTick=1700 absoluteEnemyCap=60 spawnRadius=14 eliteCooldownTicks=56 phases=15-21-27|8-7-5|5:1/3:1/3:2	7	1	0	0		0.878	0.333	0.324	0.221	0	12.77	0.179		skilled 8/8;I2;I8
R e11.5/s15 5:1/2:1/1:1 c13-19-25 i9-8-5 R11.5 R10 H21 MS0.136 AI15 MS0.065 AI32 D0.3 TT60 BR2.4 AR4.5 ST1700 EC65 R15 CT62	engageRadius=11.5 leashRadius=10 eliteHp=21 meleeMoveSpeed=0.136 meleeAttackInterval=15 shooterMoveSpeed=0.065 shooterAttackInterval=32 eliteDamage=0.3 eliteTelegraphTicks=60 eliteBlastRadius=2.4 eliteApproachRange=4.5 eliteSpawnTick=1700 absoluteEnemyCap=65 spawnRadius=15 eliteCooldownTicks=62 phases=13-19-25|9-8-5|5:1/2:1/1:1	8	4	2	4		0.546	0.220	0.226	0.100	0	10.41	0.231		I2;I3;I8;I10
R e12/s15.5 5:1/2:1/1:1 c13-19-25 i9-7-6 R12 R11 H20 MS0.14 AI15 MS0.055 AI28 D0.35 TT54 BR2 AR4.5 ST1800 EC60 R15.5 CT56	engageRadius=12 leashRadius=11 eliteHp=20 meleeMoveSpeed=0.14 meleeAttackInterval=15 shooterMoveSpeed=0.055 shooterAttackInterval=28 eliteDamage=0.35 eliteTelegraphTicks=54 eliteBlastRadius=2 eliteApproachRange=4.5 eliteSpawnTick=1800 absoluteEnemyCap=60 spawnRadius=15.5 eliteCooldownTicks=56 phases=13-19-25|9-7-6|5:1/2:1/1:1	8	3	1	1		0.779	0.251	0.321	0.207	0	12.72	0.237		I3;I8
R e10.5/s13.5 5:1/2:1/3:2 c15-21-27 i8-7-5 R10.5 R9 H21 MS0.142 AI15 MS0.055 AI28 D0.35 TT60 BR2 AR4.5 ST1800 EC65 R13.5 CT62	engageRadius=10.5 leashRadius=9 eliteHp=21 meleeMoveSpeed=0.142 meleeAttackInterval=15 shooterMoveSpeed=0.055 shooterAttackInterval=28 eliteDamage=0.35 eliteTelegraphTicks=60 eliteBlastRadius=2 eliteApproachRange=4.5 eliteSpawnTick=1800 absoluteEnemyCap=65 spawnRadius=13.5 eliteCooldownTicks=62 phases=15-21-27|8-7-5|5:1/2:1/3:2	6	1	1	1		0.897	0.308	0.308	0.282	0	12.61	0.214		skilled 8/8;I2;I3;I8
R e12/s14.5 5:1/3:1/2:1 c13-19-25 i10-7-5 R12 R9.5 H21 MS0.136 AI14 MS0.055 AI32 D0.35 TT60 BR2.4 AR4 ST1800 EC55 R14.5 CT62	engageRadius=12 leashRadius=9.5 eliteHp=21 meleeMoveSpeed=0.136 meleeAttackInterval=14 shooterMoveSpeed=0.055 shooterAttackInterval=32 eliteDamage=0.35 eliteTelegraphTicks=60 eliteBlastRadius=2.4 eliteApproachRange=4 eliteSpawnTick=1800 absoluteEnemyCap=55 spawnRadius=14.5 eliteCooldownTicks=62 phases=13-19-25|10-7-5|5:1/3:1/2:1	8	3	2	2		0.728	0.170	0.293	0.265	0	11.31	0.181		I3;I8
R e11.5/s14 5:1/3:1/2:1 c14-20-26 i10-7-5 R11.5 R9 H22 MS0.138 AI15 MS0.065 AI28 D0.35 TT54 BR2.8 AR4.5 ST1800 EC60 R14 CT56	engageRadius=11.5 leashRadius=9 eliteHp=22 meleeMoveSpeed=0.138 meleeAttackInterval=15 shooterMoveSpeed=0.065 shooterAttackInterval=28 eliteDamage=0.35 eliteTelegraphTicks=54 eliteBlastRadius=2.8 eliteApproachRange=4.5 eliteSpawnTick=1800 absoluteEnemyCap=60 spawnRadius=14 eliteCooldownTicks=56 phases=14-20-26|10-7-5|5:1/3:1/2:1	7	4	2	2		0.802	0.160	0.296	0.347	0	10.91	0.192		skilled 8/8;I2;I3;I8
R e10.5/s13 5:1/2:1/3:2 c15-21-27 i8-7-5 R10.5 R11 H22 MS0.138 AI14 MS0.06 AI32 D0.3 TT48 BR2.4 AR4.5 ST1800 EC65 R13 CT50	engageRadius=10.5 leashRadius=11 eliteHp=22 meleeMoveSpeed=0.138 meleeAttackInterval=14 shooterMoveSpeed=0.06 shooterAttackInterval=32 eliteDamage=0.3 eliteTelegraphTicks=48 eliteBlastRadius=2.4 eliteApproachRange=4.5 eliteSpawnTick=1800 absoluteEnemyCap=65 spawnRadius=13 eliteCooldownTicks=50 phases=15-21-27|8-7-5|5:1/2:1/3:2	4	0	0	0		1.047	0.373	0.371	0.302	0	12.33	0.197		skilled 8/8;I2
R e11.5/s14.5 5:1/3:1/2:1 c13-19-25 i8-7-5 R11.5 R9 H21 MS0.142 AI16 MS0.06 AI28 D0.3 TT54 BR2.4 AR4.5 ST1700 EC55 R14.5 CT56	engageRadius=11.5 leashRadius=9 eliteHp=21 meleeMoveSpeed=0.142 meleeAttackInterval=16 shooterMoveSpeed=0.06 shooterAttackInterval=28 eliteDamage=0.3 eliteTelegraphTicks=54 eliteBlastRadius=2.4 eliteApproachRange=4.5 eliteSpawnTick=1700 absoluteEnemyCap=55 spawnRadius=14.5 eliteCooldownTicks=56 phases=13-19-25|8-7-5|5:1/3:1/2:1	7	3	2	1		0.791	0.259	0.309	0.224	0	12.87	0.211		skilled 8/8;I3;I8
R e11/s15 5:1/3:1/3:2 c15-21-27 i9-7-6 R11 R9.5 H20 MS0.14 AI15 MS0.06 AI28 D0.3 TT48 BR2.4 AR4.5 ST1800 EC60 R15 CT50	engageRadius=11 leashRadius=9.5 eliteHp=20 meleeMoveSpeed=0.14 meleeAttackInterval=15 shooterMoveSpeed=0.06 shooterAttackInterval=28 eliteDamage=0.3 eliteTelegraphTicks=48 eliteBlastRadius=2.4 eliteApproachRange=4.5 eliteSpawnTick=1800 absoluteEnemyCap=60 spawnRadius=15 eliteCooldownTicks=50 phases=15-21-27|9-7-6|5:1/3:1/3:2	7	2	2	2		0.756	0.211	0.319	0.226	0	11.83	0.204		skilled 8/8;I3;I8
R e11/s14.5 5:1/3:1/2:1 c14-20-26 i9-7-5 R11 R9.5 H21 MS0.14 AI15 MS0.065 AI32 D0.35 TT54 BR2 AR4.5 ST1800 EC65 R14.5 CT56	engageRadius=11 leashRadius=9.5 eliteHp=21 meleeMoveSpeed=0.14 meleeAttackInterval=15 shooterMoveSpeed=0.065 shooterAttackInterval=32 eliteDamage=0.35 eliteTelegraphTicks=54 eliteBlastRadius=2 eliteApproachRange=4.5 eliteSpawnTick=1800 absoluteEnemyCap=65 spawnRadius=14.5 eliteCooldownTicks=56 phases=14-20-26|9-7-5|5:1/3:1/2:1	7	3	2	2		0.791	0.232	0.304	0.255	0	11.60	0.197		skilled 8/8;I3;I8
R e11/s13.5 5:1/2:1/3:2 c13-19-25 i9-8-5 R11 R10.5 H21 MS0.14 AI15 MS0.055 AI30 D0.4 TT60 BR2 AR4.5 ST1700 EC55 R13.5 CT62	engageRadius=11 leashRadius=10.5 eliteHp=21 meleeMoveSpeed=0.14 meleeAttackInterval=15 shooterMoveSpeed=0.055 shooterAttackInterval=30 eliteDamage=0.4 eliteTelegraphTicks=60 eliteBlastRadius=2 eliteApproachRange=4.5 eliteSpawnTick=1700 absoluteEnemyCap=55 spawnRadius=13.5 eliteCooldownTicks=62 phases=13-19-25|9-8-5|5:1/2:1/3:2	8	3	1	2		0.632	0.268	0.274	0.090	0	8.71	0.194		I2 windows;I3;I8
R e12/s15 5:1/2:1/3:2 c16-22-28 i9-7-5 R12 R9 H21 MS0.142 AI16 MS0.055 AI30 D0.35 TT48 BR2.4 AR4 ST1700 EC60 R15 CT50	engageRadius=12 leashRadius=9 eliteHp=21 meleeMoveSpeed=0.142 meleeAttackInterval=16 shooterMoveSpeed=0.055 shooterAttackInterval=30 eliteDamage=0.35 eliteTelegraphTicks=48 eliteBlastRadius=2.4 eliteApproachRange=4 eliteSpawnTick=1700 absoluteEnemyCap=60 spawnRadius=15 eliteCooldownTicks=50 phases=16-22-28|9-7-5|5:1/2:1/3:2	8	3	2	2		0.639	0.187	0.272	0.180	0	12.18	0.234		I3;I8
R e12/s14.5 5:1/2:1/1:1 c13-19-25 i8-7-5 R12 R10.5 H21 MS0.14 AI15 MS0.055 AI32 D0.35 TT60 BR2.8 AR4.5 ST1800 EC60 R14.5 CT62	engageRadius=12 leashRadius=10.5 eliteHp=21 meleeMoveSpeed=0.14 meleeAttackInterval=15 shooterMoveSpeed=0.055 shooterAttackInterval=32 eliteDamage=0.35 eliteTelegraphTicks=60 eliteBlastRadius=2.8 eliteApproachRange=4.5 eliteSpawnTick=1800 absoluteEnemyCap=60 spawnRadius=14.5 eliteCooldownTicks=62 phases=13-19-25|8-7-5|5:1/2:1/1:1	8	1	0	0		0.858	0.319	0.308	0.231	0	13.42	0.224		I2;I8
R e11/s13.5 6:1/3:1/2:1 c14-20-26 i10-7-5 R11 R9.5 H22 MS0.142 AI14 MS0.06 AI30 D0.3 TT54 BR2 AR4.5 ST1800 EC55 R13.5 CT56	engageRadius=11 leashRadius=9.5 eliteHp=22 meleeMoveSpeed=0.142 meleeAttackInterval=14 shooterMoveSpeed=0.06 shooterAttackInterval=30 eliteDamage=0.3 eliteTelegraphTicks=54 eliteBlastRadius=2 eliteApproachRange=4.5 eliteSpawnTick=1800 absoluteEnemyCap=55 spawnRadius=13.5 eliteCooldownTicks=56 phases=14-20-26|10-7-5|6:1/3:1/2:1	6	2	0	1		0.885	0.193	0.361	0.331	0	10.19	0.164		skilled 8/8;I2;I8
R e12/s15 6:1/3:1/2:1 c16-22-28 i10-7-5 R12 R9 H21 MS0.136 AI16 MS0.06 AI32 D0.4 TT54 BR2.4 AR4 ST1700 EC55 R15 CT56	engageRadius=12 leashRadius=9 eliteHp=21 meleeMoveSpeed=0.136 meleeAttackInterval=16 shooterMoveSpeed=0.06 shooterAttackInterval=32 eliteDamage=0.4 eliteTelegraphTicks=54 eliteBlastRadius=2.4 eliteApproachRange=4 eliteSpawnTick=1700 absoluteEnemyCap=55 spawnRadius=15 eliteCooldownTicks=56 phases=16-22-28|10-7-5|6:1/3:1/2:1	8	5	4	4		0.538	0.147	0.267	0.124	0	10.47	0.186		I2;I3;I8;I10
R e10.5/s14.5 5:1/3:1/3:2 c14-20-26 i10-7-5 R10.5 R9 H22 MS0.142 AI16 MS0.055 AI28 D0.4 TT54 BR2.8 AR4 ST1800 EC55 R14.5 CT56	engageRadius=10.5 leashRadius=9 eliteHp=22 meleeMoveSpeed=0.142 meleeAttackInterval=16 shooterMoveSpeed=0.055 shooterAttackInterval=28 eliteDamage=0.4 eliteTelegraphTicks=54 eliteBlastRadius=2.8 eliteApproachRange=4 eliteSpawnTick=1800 absoluteEnemyCap=55 spawnRadius=14.5 eliteCooldownTicks=56 phases=14-20-26|10-7-5|5:1/3:1/3:2	7	3	2	2		0.786	0.154	0.275	0.358	0	11.75	0.206		skilled 8/8;I3;I8
R e11.5/s14.5 5:1/2:1/3:2 c15-21-27 i9-7-5 R11.5 R9.5 H20 MS0.136 AI14 MS0.06 AI32 D0.3 TT54 BR2.8 AR4 ST1700 EC60 R14.5 CT56	engageRadius=11.5 leashRadius=9.5 eliteHp=20 meleeMoveSpeed=0.136 meleeAttackInterval=14 shooterMoveSpeed=0.06 shooterAttackInterval=32 eliteDamage=0.3 eliteTelegraphTicks=54 eliteBlastRadius=2.8 eliteApproachRange=4 eliteSpawnTick=1700 absoluteEnemyCap=60 spawnRadius=14.5 eliteCooldownTicks=56 phases=15-21-27|9-7-5|5:1/2:1/3:2	8	3	2	2		0.725	0.225	0.324	0.176	0	11.66	0.215		I3;I8
R e10.5/s13 5:1/3:1/3:2 c14-20-26 i10-7-5 R10.5 R10 H22 MS0.136 AI15 MS0.065 AI32 D0.3 TT48 BR2 AR4 ST1700 EC60 R13 CT50	engageRadius=10.5 leashRadius=10 eliteHp=22 meleeMoveSpeed=0.136 meleeAttackInterval=15 shooterMoveSpeed=0.065 shooterAttackInterval=32 eliteDamage=0.3 eliteTelegraphTicks=48 eliteBlastRadius=2 eliteApproachRange=4 eliteSpawnTick=1700 absoluteEnemyCap=60 spawnRadius=13 eliteCooldownTicks=50 phases=14-20-26|10-7-5|5:1/3:1/3:2	7	4	2	2		0.773	0.201	0.359	0.212	0	10.13	0.197		skilled 8/8;I3;I8
R e12/s15.5 5:1/3:1/2:1 c14-20-26 i9-7-5 R12 R9 H22 MS0.142 AI16 MS0.055 AI28 D0.4 TT60 BR2.4 AR4 ST1800 EC55 R15.5 CT62	engageRadius=12 leashRadius=9 eliteHp=22 meleeMoveSpeed=0.142 meleeAttackInterval=16 shooterMoveSpeed=0.055 shooterAttackInterval=28 eliteDamage=0.4 eliteTelegraphTicks=60 eliteBlastRadius=2.4 eliteApproachRange=4 eliteSpawnTick=1800 absoluteEnemyCap=55 spawnRadius=15.5 eliteCooldownTicks=62 phases=14-20-26|9-7-5|5:1/3:1/2:1	8	3	3	2		0.774	0.195	0.285	0.294	0	13.25	0.216		I3;I8
R e11.5/s15 6:1/3:1/2:1 c16-22-28 i10-7-5 R11.5 R9 H21 MS0.136 AI16 MS0.06 AI28 D0.3 TT60 BR2.8 AR4.5 ST1800 EC55 R15 CT62	engageRadius=11.5 leashRadius=9 eliteHp=21 meleeMoveSpeed=0.136 meleeAttackInterval=16 shooterMoveSpeed=0.06 shooterAttackInterval=28 eliteDamage=0.3 eliteTelegraphTicks=60 eliteBlastRadius=2.8 eliteApproachRange=4.5 eliteSpawnTick=1800 absoluteEnemyCap=55 spawnRadius=15 eliteCooldownTicks=62 phases=16-22-28|10-7-5|6:1/3:1/2:1	8	4	3	2		0.656	0.148	0.244	0.264	0	11.31	0.194		I3;I8
R e12/s15.5 5:1/3:1/3:2 c13-19-25 i9-7-5 R12 R10.5 H22 MS0.136 AI14 MS0.065 AI32 D0.35 TT60 BR2.4 AR4.5 ST1800 EC65 R15.5 CT62	engageRadius=12 leashRadius=10.5 eliteHp=22 meleeMoveSpeed=0.136 meleeAttackInterval=14 shooterMoveSpeed=0.065 shooterAttackInterval=32 eliteDamage=0.35 eliteTelegraphTicks=60 eliteBlastRadius=2.4 eliteApproachRange=4.5 eliteSpawnTick=1800 absoluteEnemyCap=65 spawnRadius=15.5 eliteCooldownTicks=62 phases=13-19-25|9-7-5|5:1/3:1/3:2	7	3	0	0		0.881	0.229	0.348	0.304	0	12.73	0.202		skilled 8/8;I2;I8
R e11.5/s14.5 5:1/3:1/3:2 c15-21-27 i9-8-5 R11.5 R9 H21 MS0.138 AI15 MS0.055 AI32 D0.35 TT60 BR2 AR4 ST1800 EC55 R14.5 CT62	engageRadius=11.5 leashRadius=9 eliteHp=21 meleeMoveSpeed=0.138 meleeAttackInterval=15 shooterMoveSpeed=0.055 shooterAttackInterval=32 eliteDamage=0.35 eliteTelegraphTicks=60 eliteBlastRadius=2 eliteApproachRange=4 eliteSpawnTick=1800 absoluteEnemyCap=55 spawnRadius=14.5 eliteCooldownTicks=62 phases=15-21-27|9-8-5|5:1/3:1/3:2	8	5	2	2		0.540	0.198	0.186	0.156	0	9.93	0.192		I2;I3;I8
R e10.5/s13.5 5:1/2:1/1:1 c13-19-25 i9-8-5 R10.5 R9.5 H22 MS0.136 AI14 MS0.065 AI28 D0.4 TT48 BR2 AR4.5 ST1800 EC65 R13.5 CT50	engageRadius=10.5 leashRadius=9.5 eliteHp=22 meleeMoveSpeed=0.136 meleeAttackInterval=14 shooterMoveSpeed=0.065 shooterAttackInterval=28 eliteDamage=0.4 eliteTelegraphTicks=48 eliteBlastRadius=2 eliteApproachRange=4.5 eliteSpawnTick=1800 absoluteEnemyCap=65 spawnRadius=13.5 eliteCooldownTicks=50 phases=13-19-25|9-8-5|5:1/2:1/1:1	8	3	2	2		0.706	0.228	0.225	0.253	0	9.54	0.255		I3;I8
R e10.5/s13.5 5:1/2:1/1:1 c16-22-28 i9-7-5 R10.5 R9 H20 MS0.136 AI14 MS0.055 AI28 D0.35 TT54 BR2.8 AR4.5 ST1700 EC65 R13.5 CT56	engageRadius=10.5 leashRadius=9 eliteHp=20 meleeMoveSpeed=0.136 meleeAttackInterval=14 shooterMoveSpeed=0.055 shooterAttackInterval=28 eliteDamage=0.35 eliteTelegraphTicks=54 eliteBlastRadius=2.8 eliteApproachRange=4.5 eliteSpawnTick=1700 absoluteEnemyCap=65 spawnRadius=13.5 eliteCooldownTicks=56 phases=16-22-28|9-7-5|5:1/2:1/1:1	8	2	2	2		0.658	0.217	0.311	0.129	0	10.36	0.232		I3;I8
R e11/s13.5 5:1/3:1/2:1 c14-20-26 i9-8-5 R11 R11 H22 MS0.138 AI16 MS0.065 AI28 D0.35 TT48 BR2 AR4 ST1800 EC60 R13.5 CT50	engageRadius=11 leashRadius=11 eliteHp=22 meleeMoveSpeed=0.138 meleeAttackInterval=16 shooterMoveSpeed=0.065 shooterAttackInterval=28 eliteDamage=0.35 eliteTelegraphTicks=48 eliteBlastRadius=2 eliteApproachRange=4 eliteSpawnTick=1800 absoluteEnemyCap=60 spawnRadius=13.5 eliteCooldownTicks=50 phases=14-20-26|9-8-5|5:1/3:1/2:1	8	2	1	1		0.783	0.257	0.261	0.264	0	9.36	0.189		I3;I8
R e11/s14.5 5:1/3:1/2:1 c16-22-28 i9-7-6 R11 R9.5 H22 MS0.136 AI14 MS0.06 AI30 D0.3 TT48 BR2 AR4.5 ST1800 EC60 R14.5 CT50	engageRadius=11 leashRadius=9.5 eliteHp=22 meleeMoveSpeed=0.136 meleeAttackInterval=14 shooterMoveSpeed=0.06 shooterAttackInterval=30 eliteDamage=0.3 eliteTelegraphTicks=48 eliteBlastRadius=2 eliteApproachRange=4.5 eliteSpawnTick=1800 absoluteEnemyCap=60 spawnRadius=14.5 eliteCooldownTicks=50 phases=16-22-28|9-7-6|5:1/3:1/2:1	7	3	1	1		0.791	0.225	0.305	0.261	0	12.09	0.208		skilled 8/8;I3;I8
R e11/s14.5 6:1/3:1/2:1 c14-20-26 i9-8-5 R11 R9.5 H22 MS0.142 AI16 MS0.055 AI30 D0.3 TT48 BR2.8 AR4 ST1700 EC55 R14.5 CT50	engageRadius=11 leashRadius=9.5 eliteHp=22 meleeMoveSpeed=0.142 meleeAttackInterval=16 shooterMoveSpeed=0.055 shooterAttackInterval=30 eliteDamage=0.3 eliteTelegraphTicks=48 eliteBlastRadius=2.8 eliteApproachRange=4 eliteSpawnTick=1700 absoluteEnemyCap=55 spawnRadius=14.5 eliteCooldownTicks=50 phases=14-20-26|9-8-5|6:1/3:1/2:1	8	4	2	3		0.586	0.235	0.249	0.101	0	9.30	0.148		I3;I8;I10
R e11.5/s15.5 5:1/2:1/1:1 c15-21-27 i9-7-5 R11.5 R10.5 H21 MS0.142 AI16 MS0.055 AI32 D0.3 TT54 BR2.8 AR4.5 ST1700 EC65 R15.5 CT56	engageRadius=11.5 leashRadius=10.5 eliteHp=21 meleeMoveSpeed=0.142 meleeAttackInterval=16 shooterMoveSpeed=0.055 shooterAttackInterval=32 eliteDamage=0.3 eliteTelegraphTicks=54 eliteBlastRadius=2.8 eliteApproachRange=4.5 eliteSpawnTick=1700 absoluteEnemyCap=65 spawnRadius=15.5 eliteCooldownTicks=56 phases=15-21-27|9-7-5|5:1/2:1/1:1	8	4	2	2		0.713	0.244	0.305	0.165	0	12.57	0.219		I3;I8
R e11.5/s14 5:1/3:1/2:1 c16-22-28 i8-7-5 R11.5 R10 H20 MS0.142 AI16 MS0.06 AI32 D0.35 TT60 BR2 AR4.5 ST1700 EC60 R14 CT62	engageRadius=11.5 leashRadius=10 eliteHp=20 meleeMoveSpeed=0.142 meleeAttackInterval=16 shooterMoveSpeed=0.06 shooterAttackInterval=32 eliteDamage=0.35 eliteTelegraphTicks=60 eliteBlastRadius=2 eliteApproachRange=4.5 eliteSpawnTick=1700 absoluteEnemyCap=60 spawnRadius=14 eliteCooldownTicks=62 phases=16-22-28|8-7-5|5:1/3:1/2:1	8	2	0	1		0.792	0.319	0.320	0.154	0	11.98	0.162		I8
R e12/s15.5 5:1/2:1/3:2 c14-20-26 i9-7-6 R12 R11 H20 MS0.136 AI14 MS0.06 AI30 D0.35 TT54 BR2.4 AR4 ST1700 EC55 R15.5 CT56	engageRadius=12 leashRadius=11 eliteHp=20 meleeMoveSpeed=0.136 meleeAttackInterval=14 shooterMoveSpeed=0.06 shooterAttackInterval=30 eliteDamage=0.35 eliteTelegraphTicks=54 eliteBlastRadius=2.4 eliteApproachRange=4 eliteSpawnTick=1700 absoluteEnemyCap=55 spawnRadius=15.5 eliteCooldownTicks=56 phases=14-20-26|9-7-6|5:1/2:1/3:2	8	3	0	0		0.735	0.247	0.353	0.135	0	11.61	0.215		I8
R e11/s15 5:1/2:1/3:2 c15-21-27 i9-7-6 R11 R11 H22 MS0.142 AI16 MS0.06 AI32 D0.35 TT48 BR2.8 AR4.5 ST1700 EC55 R15 CT50	engageRadius=11 leashRadius=11 eliteHp=22 meleeMoveSpeed=0.142 meleeAttackInterval=16 shooterMoveSpeed=0.06 shooterAttackInterval=32 eliteDamage=0.35 eliteTelegraphTicks=48 eliteBlastRadius=2.8 eliteApproachRange=4.5 eliteSpawnTick=1700 absoluteEnemyCap=55 spawnRadius=15 eliteCooldownTicks=50 phases=15-21-27|9-7-6|5:1/2:1/3:2	7	3	1	2		0.803	0.271	0.354	0.179	0	11.96	0.223		skilled 8/8;I2;I3;I8
R e12/s16 5:1/2:1/3:2 c16-22-28 i9-8-5 R12 R10.5 H20 MS0.142 AI14 MS0.065 AI32 D0.4 TT54 BR2.8 AR4.5 ST1800 EC55 R16 CT56	engageRadius=12 leashRadius=10.5 eliteHp=20 meleeMoveSpeed=0.142 meleeAttackInterval=14 shooterMoveSpeed=0.065 shooterAttackInterval=32 eliteDamage=0.4 eliteTelegraphTicks=54 eliteBlastRadius=2.8 eliteApproachRange=4.5 eliteSpawnTick=1800 absoluteEnemyCap=55 spawnRadius=16 eliteCooldownTicks=56 phases=16-22-28|9-8-5|5:1/2:1/3:2	8	3	2	2		0.732	0.259	0.250	0.223	0	11.06	0.201		I3;I8
R e10.5/s13 5:1/2:1/3:2 c15-21-27 i9-8-5 R10.5 R10 H21 MS0.138 AI14 MS0.065 AI32 D0.35 TT54 BR2.4 AR4.5 ST1800 EC65 R13 CT56	engageRadius=10.5 leashRadius=10 eliteHp=21 meleeMoveSpeed=0.138 meleeAttackInterval=14 shooterMoveSpeed=0.065 shooterAttackInterval=32 eliteDamage=0.35 eliteTelegraphTicks=54 eliteBlastRadius=2.4 eliteApproachRange=4.5 eliteSpawnTick=1800 absoluteEnemyCap=65 spawnRadius=13 eliteCooldownTicks=56 phases=15-21-27|9-8-5|5:1/2:1/3:2	7	2	0	1		0.787	0.263	0.234	0.291	0	9.64	0.210		skilled 8/8;I8
R e11.5/s14 5:1/3:1/3:2 c13-19-25 i9-7-6 R11.5 R9 H21 MS0.136 AI14 MS0.06 AI30 D0.35 TT48 BR2.8 AR4 ST1700 EC55 R14 CT50	engageRadius=11.5 leashRadius=9 eliteHp=21 meleeMoveSpeed=0.136 meleeAttackInterval=14 shooterMoveSpeed=0.06 shooterAttackInterval=30 eliteDamage=0.35 eliteTelegraphTicks=48 eliteBlastRadius=2.8 eliteApproachRange=4 eliteSpawnTick=1700 absoluteEnemyCap=55 spawnRadius=14 eliteCooldownTicks=50 phases=13-19-25|9-7-6|5:1/3:1/3:2	7	3	1	2		0.687	0.216	0.293	0.179	0	10.51	0.176		skilled 8/8;I3;I8
R e12/s14.5 5:1/3:1/2:1 c13-19-25 i9-7-5 R12 R11 H22 MS0.138 AI16 MS0.06 AI28 D0.3 TT54 BR2.8 AR4 ST1800 EC65 R14.5 CT56	engageRadius=12 leashRadius=11 eliteHp=22 meleeMoveSpeed=0.138 meleeAttackInterval=16 shooterMoveSpeed=0.06 shooterAttackInterval=28 eliteDamage=0.3 eliteTelegraphTicks=54 eliteBlastRadius=2.8 eliteApproachRange=4 eliteSpawnTick=1800 absoluteEnemyCap=65 spawnRadius=14.5 eliteCooldownTicks=56 phases=13-19-25|9-7-5|5:1/3:1/2:1	6	2	0	1		0.908	0.239	0.351	0.318	0	12.21	0.210		skilled 8/8;I2;I8
R e10.5/s14.5 6:1/3:1/2:1 c14-20-26 i10-7-5 R10.5 R11 H22 MS0.14 AI16 MS0.055 AI30 D0.3 TT60 BR2.4 AR4.5 ST1700 EC60 R14.5 CT62	engageRadius=10.5 leashRadius=11 eliteHp=22 meleeMoveSpeed=0.14 meleeAttackInterval=16 shooterMoveSpeed=0.055 shooterAttackInterval=30 eliteDamage=0.3 eliteTelegraphTicks=60 eliteBlastRadius=2.4 eliteApproachRange=4.5 eliteSpawnTick=1700 absoluteEnemyCap=60 spawnRadius=14.5 eliteCooldownTicks=62 phases=14-20-26|10-7-5|6:1/3:1/2:1	8	3	1	1		0.680	0.204	0.343	0.133	0	9.87	0.170		I3;I8
R e11/s14.5 6:1/3:1/2:1 c14-20-26 i8-7-5 R11 R9 H20 MS0.14 AI14 MS0.065 AI32 D0.3 TT54 BR2.4 AR4 ST1700 EC55 R14.5 CT56	engageRadius=11 leashRadius=9 eliteHp=20 meleeMoveSpeed=0.14 meleeAttackInterval=14 shooterMoveSpeed=0.065 shooterAttackInterval=32 eliteDamage=0.3 eliteTelegraphTicks=54 eliteBlastRadius=2.4 eliteApproachRange=4 eliteSpawnTick=1700 absoluteEnemyCap=55 spawnRadius=14.5 eliteCooldownTicks=56 phases=14-20-26|8-7-5|6:1/3:1/2:1	8	2	1	1		0.776	0.259	0.334	0.184	0	12.65	0.186		I3;I8
R e11.5/s15 5:1/3:1/2:1 c15-21-27 i10-7-5 R11.5 R11 H22 MS0.136 AI15 MS0.055 AI30 D0.35 TT54 BR2 AR4.5 ST1800 EC55 R15 CT56	engageRadius=11.5 leashRadius=11 eliteHp=22 meleeMoveSpeed=0.136 meleeAttackInterval=15 shooterMoveSpeed=0.055 shooterAttackInterval=30 eliteDamage=0.35 eliteTelegraphTicks=54 eliteBlastRadius=2 eliteApproachRange=4.5 eliteSpawnTick=1800 absoluteEnemyCap=55 spawnRadius=15 eliteCooldownTicks=56 phases=15-21-27|10-7-5|5:1/3:1/2:1	5	4	0	1		0.915	0.200	0.359	0.357	0	12.21	0.179		skilled 8/8;I2;I8
R e12/s14.5 5:1/3:1/3:2 c13-19-25 i8-7-5 R12 R10.5 H21 MS0.142 AI15 MS0.06 AI32 D0.4 TT54 BR2.8 AR4 ST1700 EC60 R14.5 CT56	engageRadius=12 leashRadius=10.5 eliteHp=21 meleeMoveSpeed=0.142 meleeAttackInterval=15 shooterMoveSpeed=0.06 shooterAttackInterval=32 eliteDamage=0.4 eliteTelegraphTicks=54 eliteBlastRadius=2.8 eliteApproachRange=4 eliteSpawnTick=1700 absoluteEnemyCap=60 spawnRadius=14.5 eliteCooldownTicks=56 phases=13-19-25|8-7-5|5:1/3:1/3:2	7	1	0	0		0.854	0.323	0.355	0.176	0	12.43	0.169		skilled 8/8;I2;I8
R e11/s15 5:1/2:1/1:1 c13-19-25 i9-7-6 R11 R9 H21 MS0.138 AI15 MS0.06 AI28 D0.3 TT48 BR2.8 AR4 ST1800 EC65 R15 CT50	engageRadius=11 leashRadius=9 eliteHp=21 meleeMoveSpeed=0.138 meleeAttackInterval=15 shooterMoveSpeed=0.06 shooterAttackInterval=28 eliteDamage=0.3 eliteTelegraphTicks=48 eliteBlastRadius=2.8 eliteApproachRange=4 eliteSpawnTick=1800 absoluteEnemyCap=65 spawnRadius=15 eliteCooldownTicks=50 phases=13-19-25|9-7-6|5:1/2:1/1:1	8	3	1	2		0.720	0.201	0.290	0.229	0	12.40	0.262		I3;I8
R e10.5/s14 6:1/3:1/2:1 c13-19-25 i10-7-5 R10.5 R10 H22 MS0.14 AI15 MS0.06 AI32 D0.3 TT48 BR2.8 AR4.5 ST1700 EC60 R14 CT50	engageRadius=10.5 leashRadius=10 eliteHp=22 meleeMoveSpeed=0.14 meleeAttackInterval=15 shooterMoveSpeed=0.06 shooterAttackInterval=32 eliteDamage=0.3 eliteTelegraphTicks=48 eliteBlastRadius=2.8 eliteApproachRange=4.5 eliteSpawnTick=1700 absoluteEnemyCap=60 spawnRadius=14 eliteCooldownTicks=50 phases=13-19-25|10-7-5|6:1/3:1/2:1	8	2	1	2		0.781	0.188	0.341	0.253	0	10.28	0.164		I3;I8
R e12/s14.5 5:1/3:1/2:1 c13-19-25 i8-7-5 R12 R10.5 H21 MS0.142 AI16 MS0.06 AI32 D0.4 TT54 BR2 AR4.5 ST1800 EC65 R14.5 CT56	engageRadius=12 leashRadius=10.5 eliteHp=21 meleeMoveSpeed=0.142 meleeAttackInterval=16 shooterMoveSpeed=0.06 shooterAttackInterval=32 eliteDamage=0.4 eliteTelegraphTicks=54 eliteBlastRadius=2 eliteApproachRange=4.5 eliteSpawnTick=1800 absoluteEnemyCap=65 spawnRadius=14.5 eliteCooldownTicks=56 phases=13-19-25|8-7-5|5:1/3:1/2:1	6	1	0	0		0.903	0.310	0.324	0.269	0	12.82	0.180		skilled 8/8;I2;I8
R e12/s16 5:1/3:1/3:2 c15-21-27 i8-7-5 R12 R10.5 H21 MS0.138 AI16 MS0.055 AI30 D0.4 TT48 BR2.8 AR4 ST1700 EC65 R16 CT50	engageRadius=12 leashRadius=10.5 eliteHp=21 meleeMoveSpeed=0.138 meleeAttackInterval=16 shooterMoveSpeed=0.055 shooterAttackInterval=30 eliteDamage=0.4 eliteTelegraphTicks=48 eliteBlastRadius=2.8 eliteApproachRange=4 eliteSpawnTick=1700 absoluteEnemyCap=65 spawnRadius=16 eliteCooldownTicks=50 phases=15-21-27|8-7-5|5:1/3:1/3:2	7	2	2	2		0.816	0.255	0.344	0.217	0	14.54	0.184		skilled 8/8;I2;I3;I8
R e10.5/s14.5 5:1/3:1/3:2 c15-21-27 i9-7-5 R10.5 R10.5 H20 MS0.138 AI16 MS0.06 AI32 D0.35 TT48 BR2 AR4 ST1700 EC65 R14.5 CT50	engageRadius=10.5 leashRadius=10.5 eliteHp=20 meleeMoveSpeed=0.138 meleeAttackInterval=16 shooterMoveSpeed=0.06 shooterAttackInterval=32 eliteDamage=0.35 eliteTelegraphTicks=48 eliteBlastRadius=2 eliteApproachRange=4 eliteSpawnTick=1700 absoluteEnemyCap=65 spawnRadius=14.5 eliteCooldownTicks=50 phases=15-21-27|9-7-5|5:1/3:1/3:2	7	3	2	2		0.738	0.235	0.319	0.183	0	11.42	0.187		skilled 8/8;I3;I8
R e10.5/s14.5 5:1/3:1/3:2 c14-20-26 i9-7-6 R10.5 R10 H21 MS0.138 AI15 MS0.06 AI30 D0.35 TT48 BR2.4 AR4 ST1700 EC60 R14.5 CT50	engageRadius=10.5 leashRadius=10 eliteHp=21 meleeMoveSpeed=0.138 meleeAttackInterval=15 shooterMoveSpeed=0.06 shooterAttackInterval=30 eliteDamage=0.35 eliteTelegraphTicks=48 eliteBlastRadius=2.4 eliteApproachRange=4 eliteSpawnTick=1700 absoluteEnemyCap=60 spawnRadius=14.5 eliteCooldownTicks=50 phases=14-20-26|9-7-6|5:1/3:1/3:2	7	4	2	2		0.771	0.234	0.342	0.195	0	11.46	0.187		skilled 8/8;I3;I8
R e11.5/s14 5:1/2:1/3:2 c15-21-27 i9-8-5 R11.5 R10.5 H22 MS0.138 AI15 MS0.055 AI32 D0.3 TT48 BR2.4 AR4.5 ST1800 EC60 R14 CT50	engageRadius=11.5 leashRadius=10.5 eliteHp=22 meleeMoveSpeed=0.138 meleeAttackInterval=15 shooterMoveSpeed=0.055 shooterAttackInterval=32 eliteDamage=0.3 eliteTelegraphTicks=48 eliteBlastRadius=2.4 eliteApproachRange=4.5 eliteSpawnTick=1800 absoluteEnemyCap=60 spawnRadius=14 eliteCooldownTicks=50 phases=15-21-27|9-8-5|5:1/2:1/3:2	8	3	0	1		0.758	0.253	0.244	0.262	0	9.99	0.198		I8
R e10.5/s13.5 6:1/3:1/2:1 c13-19-25 i9-8-5 R10.5 R10.5 H21 MS0.14 AI15 MS0.06 AI32 D0.3 TT48 BR2 AR4.5 ST1800 EC65 R13.5 CT50	engageRadius=10.5 leashRadius=10.5 eliteHp=21 meleeMoveSpeed=0.14 meleeAttackInterval=15 shooterMoveSpeed=0.06 shooterAttackInterval=32 eliteDamage=0.3 eliteTelegraphTicks=48 eliteBlastRadius=2 eliteApproachRange=4.5 eliteSpawnTick=1800 absoluteEnemyCap=65 spawnRadius=13.5 eliteCooldownTicks=50 phases=13-19-25|9-8-5|6:1/3:1/2:1	8	3	1	1		0.745	0.265	0.263	0.218	0	8.85	0.159		I3;I8
R e10.5/s14 5:1/3:1/2:1 c13-19-25 i9-8-5 R10.5 R10.5 H21 MS0.14 AI14 MS0.06 AI30 D0.3 TT48 BR2.8 AR4 ST1800 EC60 R14 CT50	engageRadius=10.5 leashRadius=10.5 eliteHp=21 meleeMoveSpeed=0.14 meleeAttackInterval=14 shooterMoveSpeed=0.06 shooterAttackInterval=30 eliteDamage=0.3 eliteTelegraphTicks=48 eliteBlastRadius=2.8 eliteApproachRange=4 eliteSpawnTick=1800 absoluteEnemyCap=60 spawnRadius=14 eliteCooldownTicks=50 phases=13-19-25|9-8-5|5:1/3:1/2:1	7	1	0	1		0.844	0.263	0.276	0.304	0	9.81	0.161		skilled 8/8;I2;I8
R e10.5/s13 5:1/3:1/2:1 c15-21-27 i9-7-5 R10.5 R10 H21 MS0.142 AI16 MS0.055 AI28 D0.4 TT48 BR2.8 AR4.5 ST1800 EC60 R13 CT50	engageRadius=10.5 leashRadius=10 eliteHp=21 meleeMoveSpeed=0.142 meleeAttackInterval=16 shooterMoveSpeed=0.055 shooterAttackInterval=28 eliteDamage=0.4 eliteTelegraphTicks=48 eliteBlastRadius=2.8 eliteApproachRange=4.5 eliteSpawnTick=1800 absoluteEnemyCap=60 spawnRadius=13 eliteCooldownTicks=50 phases=15-21-27|9-7-5|5:1/3:1/2:1	6	1	0	0		0.897	0.252	0.326	0.319	0	11.13	0.193		skilled 8/8;I2;I8
R e10.5/s13.5 5:1/2:1/3:2 c16-22-28 i9-7-6 R10.5 R9 H20 MS0.142 AI14 MS0.06 AI28 D0.35 TT60 BR2 AR4 ST1700 EC65 R13.5 CT62	engageRadius=10.5 leashRadius=9 eliteHp=20 meleeMoveSpeed=0.142 meleeAttackInterval=14 shooterMoveSpeed=0.06 shooterAttackInterval=28 eliteDamage=0.35 eliteTelegraphTicks=60 eliteBlastRadius=2 eliteApproachRange=4 eliteSpawnTick=1700 absoluteEnemyCap=65 spawnRadius=13.5 eliteCooldownTicks=62 phases=16-22-28|9-7-6|5:1/2:1/3:2	7	2	1	2		0.745	0.223	0.344	0.178	0	10.58	0.232		skilled 8/8;I3;I8
R e10.5/s13.5 5:1/3:1/2:1 c14-20-26 i9-8-5 R10.5 R9.5 H22 MS0.138 AI14 MS0.055 AI32 D0.35 TT54 BR2.4 AR4.5 ST1800 EC60 R13.5 CT56	engageRadius=10.5 leashRadius=9.5 eliteHp=22 meleeMoveSpeed=0.138 meleeAttackInterval=14 shooterMoveSpeed=0.055 shooterAttackInterval=32 eliteDamage=0.35 eliteTelegraphTicks=54 eliteBlastRadius=2.4 eliteApproachRange=4.5 eliteSpawnTick=1800 absoluteEnemyCap=60 spawnRadius=13.5 eliteCooldownTicks=56 phases=14-20-26|9-8-5|5:1/3:1/2:1	7	2	2	2		0.785	0.231	0.240	0.315	0	9.72	0.180		skilled 8/8;I3;I8
R e10.5/s14 6:1/3:1/2:1 c16-22-28 i9-8-5 R10.5 R9 H20 MS0.142 AI15 MS0.055 AI30 D0.3 TT54 BR2.4 AR4 ST1700 EC60 R14 CT56	engageRadius=10.5 leashRadius=9 eliteHp=20 meleeMoveSpeed=0.142 meleeAttackInterval=15 shooterMoveSpeed=0.055 shooterAttackInterval=30 eliteDamage=0.3 eliteTelegraphTicks=54 eliteBlastRadius=2.4 eliteApproachRange=4 eliteSpawnTick=1700 absoluteEnemyCap=60 spawnRadius=14 eliteCooldownTicks=56 phases=16-22-28|9-8-5|6:1/3:1/2:1	8	5	2	3		0.532	0.198	0.231	0.104	0	8.87	0.165		I2;I3;I8;I10
R e10.5/s13 6:1/3:1/2:1 c16-22-28 i9-7-5 R10.5 R10.5 H22 MS0.136 AI14 MS0.055 AI28 D0.3 TT54 BR2 AR4.5 ST1800 EC65 R13 CT56	engageRadius=10.5 leashRadius=10.5 eliteHp=22 meleeMoveSpeed=0.136 meleeAttackInterval=14 shooterMoveSpeed=0.055 shooterAttackInterval=28 eliteDamage=0.3 eliteTelegraphTicks=54 eliteBlastRadius=2 eliteApproachRange=4.5 eliteSpawnTick=1800 absoluteEnemyCap=65 spawnRadius=13 eliteCooldownTicks=56 phases=16-22-28|9-7-5|6:1/3:1/2:1	5	0	0	0		0.977	0.268	0.379	0.329	0	11.06	0.175		skilled 8/8;I2
R e12/s15.5 5:1/2:1/1:1 c14-20-26 i9-7-6 R12 R9 H22 MS0.14 AI15 MS0.055 AI28 D0.4 TT54 BR2.4 AR4 ST1800 EC65 R15.5 CT56	engageRadius=12 leashRadius=9 eliteHp=22 meleeMoveSpeed=0.14 meleeAttackInterval=15 shooterMoveSpeed=0.055 shooterAttackInterval=28 eliteDamage=0.4 eliteTelegraphTicks=54 eliteBlastRadius=2.4 eliteApproachRange=4 eliteSpawnTick=1800 absoluteEnemyCap=65 spawnRadius=15.5 eliteCooldownTicks=56 phases=14-20-26|9-7-6|5:1/2:1/1:1	7	3	2	2		0.673	0.198	0.253	0.222	0	13.15	0.262		skilled 8/8;I3;I8
R e12/s15 6:1/3:1/2:1 c15-21-27 i9-7-6 R12 R9 H21 MS0.136 AI16 MS0.06 AI28 D0.4 TT48 BR2 AR4.5 ST1800 EC65 R15 CT50	engageRadius=12 leashRadius=9 eliteHp=21 meleeMoveSpeed=0.136 meleeAttackInterval=16 shooterMoveSpeed=0.06 shooterAttackInterval=28 eliteDamage=0.4 eliteTelegraphTicks=48 eliteBlastRadius=2 eliteApproachRange=4.5 eliteSpawnTick=1800 absoluteEnemyCap=65 spawnRadius=15 eliteCooldownTicks=50 phases=15-21-27|9-7-6|6:1/3:1/2:1	8	3	2	2		0.635	0.178	0.270	0.187	0	11.46	0.208		I3;I8
R e10.5/s13.5 5:1/3:1/2:1 c14-20-26 i10-7-5 R10.5 R10.5 H20 MS0.142 AI16 MS0.06 AI30 D0.35 TT48 BR2.4 AR4.5 ST1800 EC60 R13.5 CT50	engageRadius=10.5 leashRadius=10.5 eliteHp=20 meleeMoveSpeed=0.142 meleeAttackInterval=16 shooterMoveSpeed=0.06 shooterAttackInterval=30 eliteDamage=0.35 eliteTelegraphTicks=48 eliteBlastRadius=2.4 eliteApproachRange=4.5 eliteSpawnTick=1800 absoluteEnemyCap=60 spawnRadius=13.5 eliteCooldownTicks=50 phases=14-20-26|10-7-5|5:1/3:1/2:1	7	4	0	1		0.869	0.214	0.342	0.312	0	10.89	0.187		skilled 8/8;I2;I8
R e12/s15.5 5:1/3:1/2:1 c14-20-26 i9-7-6 R12 R9 H22 MS0.136 AI14 MS0.065 AI32 D0.3 TT48 BR2 AR4.5 ST1800 EC55 R15.5 CT50	engageRadius=12 leashRadius=9 eliteHp=22 meleeMoveSpeed=0.136 meleeAttackInterval=14 shooterMoveSpeed=0.065 shooterAttackInterval=32 eliteDamage=0.3 eliteTelegraphTicks=48 eliteBlastRadius=2 eliteApproachRange=4.5 eliteSpawnTick=1800 absoluteEnemyCap=55 spawnRadius=15.5 eliteCooldownTicks=50 phases=14-20-26|9-7-6|5:1/3:1/2:1	7	3	2	2		0.773	0.207	0.290	0.276	0	12.84	0.199		skilled 8/8;I3;I8
R e11.5/s15.5 5:1/3:1/2:1 c16-22-28 i9-7-6 R11.5 R9.5 H20 MS0.14 AI15 MS0.065 AI30 D0.3 TT60 BR2.8 AR4 ST1800 EC65 R15.5 CT62	engageRadius=11.5 leashRadius=9.5 eliteHp=20 meleeMoveSpeed=0.14 meleeAttackInterval=15 shooterMoveSpeed=0.065 shooterAttackInterval=30 eliteDamage=0.3 eliteTelegraphTicks=60 eliteBlastRadius=2.8 eliteApproachRange=4 eliteSpawnTick=1800 absoluteEnemyCap=65 spawnRadius=15.5 eliteCooldownTicks=62 phases=16-22-28|9-7-6|5:1/3:1/2:1	8	3	2	2		0.698	0.199	0.289	0.210	0	11.59	0.190		I3;I8
R e10.5/s14.5 5:1/3:1/2:1 c15-21-27 i8-7-5 R10.5 R9 H20 MS0.14 AI16 MS0.065 AI28 D0.4 TT60 BR2 AR4 ST1700 EC65 R14.5 CT62	engageRadius=10.5 leashRadius=9 eliteHp=20 meleeMoveSpeed=0.14 meleeAttackInterval=16 shooterMoveSpeed=0.065 shooterAttackInterval=28 eliteDamage=0.4 eliteTelegraphTicks=60 eliteBlastRadius=2 eliteApproachRange=4 eliteSpawnTick=1700 absoluteEnemyCap=65 spawnRadius=14.5 eliteCooldownTicks=62 phases=15-21-27|8-7-5|5:1/3:1/2:1	7	1	2	2		0.773	0.257	0.300	0.216	0	12.68	0.193		skilled 8/8;I3;I8
R e11/s14 5:1/2:1/1:1 c13-19-25 i10-7-5 R11 R10 H22 MS0.14 AI16 MS0.065 AI30 D0.35 TT54 BR2 AR4 ST1800 EC55 R14 CT56	engageRadius=11 leashRadius=10 eliteHp=22 meleeMoveSpeed=0.14 meleeAttackInterval=16 shooterMoveSpeed=0.065 shooterAttackInterval=30 eliteDamage=0.35 eliteTelegraphTicks=54 eliteBlastRadius=2 eliteApproachRange=4 eliteSpawnTick=1800 absoluteEnemyCap=55 spawnRadius=14 eliteCooldownTicks=56 phases=13-19-25|10-7-5|5:1/2:1/1:1	8	3	2	2		0.732	0.198	0.295	0.239	0	11.25	0.292		I3;I8
R e12/s15.5 5:1/3:1/3:2 c13-19-25 i9-7-6 R12 R10.5 H21 MS0.138 AI15 MS0.055 AI32 D0.3 TT54 BR2.8 AR4.5 ST1800 EC55 R15.5 CT56	engageRadius=12 leashRadius=10.5 eliteHp=21 meleeMoveSpeed=0.138 meleeAttackInterval=15 shooterMoveSpeed=0.055 shooterAttackInterval=32 eliteDamage=0.3 eliteTelegraphTicks=54 eliteBlastRadius=2.8 eliteApproachRange=4.5 eliteSpawnTick=1800 absoluteEnemyCap=55 spawnRadius=15.5 eliteCooldownTicks=56 phases=13-19-25|9-7-6|5:1/3:1/3:2	7	3	3	2		0.778	0.236	0.315	0.228	0	12.66	0.187		skilled 8/8;I3;I8
R e11.5/s14 5:1/2:1/1:1 c14-20-26 i8-7-5 R11.5 R11 H21 MS0.14 AI15 MS0.06 AI32 D0.35 TT54 BR2 AR4 ST1800 EC55 R14 CT56	engageRadius=11.5 leashRadius=11 eliteHp=21 meleeMoveSpeed=0.14 meleeAttackInterval=15 shooterMoveSpeed=0.06 shooterAttackInterval=32 eliteDamage=0.35 eliteTelegraphTicks=54 eliteBlastRadius=2 eliteApproachRange=4 eliteSpawnTick=1800 absoluteEnemyCap=55 spawnRadius=14 eliteCooldownTicks=56 phases=14-20-26|8-7-5|5:1/2:1/1:1	6	1	0	0		0.942	0.343	0.352	0.247	0	13.31	0.223		skilled 8/8;I2;I8
R e11.5/s14 5:1/2:1/1:1 c16-22-28 i10-7-5 R11.5 R9.5 H20 MS0.138 AI14 MS0.06 AI28 D0.3 TT48 BR2.4 AR4.5 ST1700 EC65 R14 CT50	engageRadius=11.5 leashRadius=9.5 eliteHp=20 meleeMoveSpeed=0.138 meleeAttackInterval=14 shooterMoveSpeed=0.06 shooterAttackInterval=28 eliteDamage=0.3 eliteTelegraphTicks=48 eliteBlastRadius=2.4 eliteApproachRange=4.5 eliteSpawnTick=1700 absoluteEnemyCap=65 spawnRadius=14 eliteCooldownTicks=50 phases=16-22-28|10-7-5|5:1/2:1/1:1	8	2	2	2		0.706	0.189	0.357	0.160	0	10.58	0.236		I3;I8
R e11.5/s15.5 6:1/3:1/2:1 c13-19-25 i8-7-5 R11.5 R9 H21 MS0.138 AI14 MS0.065 AI32 D0.4 TT48 BR2.8 AR4.5 ST1800 EC55 R15.5 CT50	engageRadius=11.5 leashRadius=9 eliteHp=21 meleeMoveSpeed=0.138 meleeAttackInterval=14 shooterMoveSpeed=0.065 shooterAttackInterval=32 eliteDamage=0.4 eliteTelegraphTicks=48 eliteBlastRadius=2.8 eliteApproachRange=4.5 eliteSpawnTick=1800 absoluteEnemyCap=55 spawnRadius=15.5 eliteCooldownTicks=50 phases=13-19-25|8-7-5|6:1/3:1/2:1	7	1	2	2		0.918	0.264	0.311	0.343	0	14.19	0.168		skilled 8/8;I2;I3;I8
R e10.5/s13 5:1/3:1/3:2 c16-22-28 i9-7-5 R10.5 R9 H21 MS0.14 AI14 MS0.065 AI30 D0.3 TT54 BR2.8 AR4.5 ST1700 EC55 R13 CT56	engageRadius=10.5 leashRadius=9 eliteHp=21 meleeMoveSpeed=0.14 meleeAttackInterval=14 shooterMoveSpeed=0.065 shooterAttackInterval=30 eliteDamage=0.3 eliteTelegraphTicks=54 eliteBlastRadius=2.8 eliteApproachRange=4.5 eliteSpawnTick=1700 absoluteEnemyCap=55 spawnRadius=13 eliteCooldownTicks=56 phases=16-22-28|9-7-5|5:1/3:1/3:2	6	2	1	1		0.827	0.234	0.377	0.216	0	9.91	0.172		skilled 8/8;I2;I3;I8
R e11.5/s14.5 5:1/2:1/1:1 c14-20-26 i8-7-5 R11.5 R9 H21 MS0.14 AI14 MS0.065 AI32 D0.4 TT60 BR2.8 AR4 ST1800 EC60 R14.5 CT62	engageRadius=11.5 leashRadius=9 eliteHp=21 meleeMoveSpeed=0.14 meleeAttackInterval=14 shooterMoveSpeed=0.065 shooterAttackInterval=32 eliteDamage=0.4 eliteTelegraphTicks=60 eliteBlastRadius=2.8 eliteApproachRange=4 eliteSpawnTick=1800 absoluteEnemyCap=60 spawnRadius=14.5 eliteCooldownTicks=62 phases=14-20-26|8-7-5|5:1/2:1/1:1	6	0	1	1		0.895	0.276	0.323	0.297	0	13.05	0.235		skilled 8/8;I2;I3
R e10.5/s13 5:1/2:1/1:1 c15-21-27 i9-8-5 R10.5 R9 H20 MS0.136 AI16 MS0.055 AI32 D0.35 TT54 BR2.8 AR4 ST1700 EC55 R13 CT56	engageRadius=10.5 leashRadius=9 eliteHp=20 meleeMoveSpeed=0.136 meleeAttackInterval=16 shooterMoveSpeed=0.055 shooterAttackInterval=32 eliteDamage=0.35 eliteTelegraphTicks=54 eliteBlastRadius=2.8 eliteApproachRange=4 eliteSpawnTick=1700 absoluteEnemyCap=55 spawnRadius=13 eliteCooldownTicks=56 phases=15-21-27|9-8-5|5:1/2:1/1:1	8	5	2	2		0.451	0.193	0.190	0.068	0	8.20	0.227		I2;I2 windows;I3;I8
R e11/s13.5 5:1/2:1/1:1 c15-21-27 i9-8-5 R11 R11 H20 MS0.14 AI14 MS0.06 AI30 D0.3 TT54 BR2.8 AR4.5 ST1800 EC55 R13.5 CT56	engageRadius=11 leashRadius=11 eliteHp=20 meleeMoveSpeed=0.14 meleeAttackInterval=14 shooterMoveSpeed=0.06 shooterAttackInterval=30 eliteDamage=0.3 eliteTelegraphTicks=54 eliteBlastRadius=2.8 eliteApproachRange=4.5 eliteSpawnTick=1800 absoluteEnemyCap=55 spawnRadius=13.5 eliteCooldownTicks=56 phases=15-21-27|9-8-5|5:1/2:1/1:1	7	3	0	2		0.852	0.296	0.279	0.276	0	9.64	0.201		skilled 8/8;I2;I8
R e11/s15 5:1/2:1/3:2 c14-20-26 i9-8-5 R11 R10 H20 MS0.136 AI16 MS0.065 AI28 D0.35 TT48 BR2 AR4 ST1700 EC65 R15 CT50	engageRadius=11 leashRadius=10 eliteHp=20 meleeMoveSpeed=0.136 meleeAttackInterval=16 shooterMoveSpeed=0.065 shooterAttackInterval=28 eliteDamage=0.35 eliteTelegraphTicks=48 eliteBlastRadius=2 eliteApproachRange=4 eliteSpawnTick=1700 absoluteEnemyCap=65 spawnRadius=15 eliteCooldownTicks=50 phases=14-20-26|9-8-5|5:1/2:1/3:2	8	6	2	4		0.526	0.213	0.219	0.093	0	10.28	0.248		I2;I2 windows;I3;I8;I10
R e10.5/s13 6:1/3:1/2:1 c15-21-27 i9-8-5 R10.5 R9.5 H20 MS0.14 AI16 MS0.06 AI28 D0.3 TT48 BR2.4 AR4 ST1700 EC55 R13 CT50	engageRadius=10.5 leashRadius=9.5 eliteHp=20 meleeMoveSpeed=0.14 meleeAttackInterval=16 shooterMoveSpeed=0.06 shooterAttackInterval=28 eliteDamage=0.3 eliteTelegraphTicks=48 eliteBlastRadius=2.4 eliteApproachRange=4 eliteSpawnTick=1700 absoluteEnemyCap=55 spawnRadius=13 eliteCooldownTicks=50 phases=15-21-27|9-8-5|6:1/3:1/2:1	8	2	2	2		0.577	0.239	0.250	0.088	0	7.87	0.152		I2 windows;I3;I8
R e12/s16 5:1/3:1/2:1 c14-20-26 i8-7-5 R12 R9 H21 MS0.138 AI15 MS0.06 AI28 D0.35 TT48 BR2.8 AR4.5 ST1700 EC60 R16 CT50	engageRadius=12 leashRadius=9 eliteHp=21 meleeMoveSpeed=0.138 meleeAttackInterval=15 shooterMoveSpeed=0.06 shooterAttackInterval=28 eliteDamage=0.35 eliteTelegraphTicks=48 eliteBlastRadius=2.8 eliteApproachRange=4.5 eliteSpawnTick=1700 absoluteEnemyCap=60 spawnRadius=16 eliteCooldownTicks=50 phases=14-20-26|8-7-5|5:1/3:1/2:1	6	3	2	2		0.772	0.250	0.283	0.240	0	14.28	0.201		skilled 8/8;I3;I8
R e11/s15 5:1/3:1/3:2 c16-22-28 i9-7-5 R11 R9.5 H22 MS0.138 AI15 MS0.06 AI32 D0.35 TT48 BR2.8 AR4 ST1700 EC55 R15 CT50	engageRadius=11 leashRadius=9.5 eliteHp=22 meleeMoveSpeed=0.138 meleeAttackInterval=15 shooterMoveSpeed=0.06 shooterAttackInterval=32 eliteDamage=0.35 eliteTelegraphTicks=48 eliteBlastRadius=2.8 eliteApproachRange=4 eliteSpawnTick=1700 absoluteEnemyCap=55 spawnRadius=15 eliteCooldownTicks=50 phases=16-22-28|9-7-5|5:1/3:1/3:2	7	3	2	2		0.775	0.210	0.303	0.261	0	12.27	0.177		skilled 8/8;I3;I8
R e10.5/s13.5 5:1/3:1/3:2 c14-20-26 i9-7-5 R10.5 R10.5 H21 MS0.142 AI15 MS0.065 AI32 D0.35 TT48 BR2.8 AR4.5 ST1700 EC55 R13.5 CT50	engageRadius=10.5 leashRadius=10.5 eliteHp=21 meleeMoveSpeed=0.142 meleeAttackInterval=15 shooterMoveSpeed=0.065 shooterAttackInterval=32 eliteDamage=0.35 eliteTelegraphTicks=48 eliteBlastRadius=2.8 eliteApproachRange=4.5 eliteSpawnTick=1700 absoluteEnemyCap=55 spawnRadius=13.5 eliteCooldownTicks=50 phases=14-20-26|9-7-5|5:1/3:1/3:2	7	3	0	1		0.852	0.263	0.373	0.215	0	10.84	0.162		skilled 8/8;I2;I8
R e11.5/s15.5 5:1/3:1/3:2 c16-22-28 i9-7-5 R11.5 R9.5 H21 MS0.138 AI15 MS0.055 AI30 D0.3 TT60 BR2 AR4.5 ST1800 EC60 R15.5 CT62	engageRadius=11.5 leashRadius=9.5 eliteHp=21 meleeMoveSpeed=0.138 meleeAttackInterval=15 shooterMoveSpeed=0.055 shooterAttackInterval=30 eliteDamage=0.3 eliteTelegraphTicks=60 eliteBlastRadius=2 eliteApproachRange=4.5 eliteSpawnTick=1800 absoluteEnemyCap=60 spawnRadius=15.5 eliteCooldownTicks=62 phases=16-22-28|9-7-5|5:1/3:1/3:2	7	3	1	1		0.775	0.210	0.299	0.266	0	13.17	0.199		skilled 8/8;I3;I8
R e12/s14.5 5:1/2:1/1:1 c14-20-26 i9-7-6 R12 R10.5 H21 MS0.136 AI15 MS0.065 AI30 D0.3 TT60 BR2.8 AR4 ST1700 EC55 R14.5 CT62	engageRadius=12 leashRadius=10.5 eliteHp=21 meleeMoveSpeed=0.136 meleeAttackInterval=15 shooterMoveSpeed=0.065 shooterAttackInterval=30 eliteDamage=0.3 eliteTelegraphTicks=60 eliteBlastRadius=2.8 eliteApproachRange=4 eliteSpawnTick=1700 absoluteEnemyCap=55 spawnRadius=14.5 eliteCooldownTicks=62 phases=14-20-26|9-7-6|5:1/2:1/1:1	8	3	0	1		0.766	0.253	0.362	0.152	0	11.47	0.218		I8
R e12/s15 5:1/3:1/3:2 c16-22-28 i8-7-5 R12 R10.5 H20 MS0.138 AI14 MS0.06 AI30 D0.3 TT48 BR2.4 AR4.5 ST1700 EC65 R15 CT50	engageRadius=12 leashRadius=10.5 eliteHp=20 meleeMoveSpeed=0.138 meleeAttackInterval=14 shooterMoveSpeed=0.06 shooterAttackInterval=30 eliteDamage=0.3 eliteTelegraphTicks=48 eliteBlastRadius=2.4 eliteApproachRange=4.5 eliteSpawnTick=1700 absoluteEnemyCap=65 spawnRadius=15 eliteCooldownTicks=50 phases=16-22-28|8-7-5|5:1/3:1/3:2	8	2	0	0		0.843	0.303	0.329	0.211	0	13.44	0.187		I2;I8
R e12/s15 5:1/3:1/3:2 c13-19-25 i10-7-5 R12 R9.5 H21 MS0.136 AI16 MS0.055 AI28 D0.35 TT48 BR2.8 AR4.5 ST1700 EC60 R15 CT50	engageRadius=12 leashRadius=9.5 eliteHp=21 meleeMoveSpeed=0.136 meleeAttackInterval=16 shooterMoveSpeed=0.055 shooterAttackInterval=28 eliteDamage=0.35 eliteTelegraphTicks=48 eliteBlastRadius=2.8 eliteApproachRange=4.5 eliteSpawnTick=1700 absoluteEnemyCap=60 spawnRadius=15 eliteCooldownTicks=50 phases=13-19-25|10-7-5|5:1/3:1/3:2	8	4	3	3		0.620	0.171	0.285	0.164	0	11.13	0.205		I3;I8;I10
R e10.5/s13.5 5:1/2:1/1:1 c14-20-26 i8-7-5 R10.5 R10 H20 MS0.136 AI16 MS0.055 AI30 D0.4 TT48 BR2 AR4.5 ST1800 EC65 R13.5 CT50	engageRadius=10.5 leashRadius=10 eliteHp=20 meleeMoveSpeed=0.136 meleeAttackInterval=16 shooterMoveSpeed=0.055 shooterAttackInterval=30 eliteDamage=0.4 eliteTelegraphTicks=48 eliteBlastRadius=2 eliteApproachRange=4.5 eliteSpawnTick=1800 absoluteEnemyCap=65 spawnRadius=13.5 eliteCooldownTicks=50 phases=14-20-26|8-7-5|5:1/2:1/1:1	7	1	0	0		0.813	0.286	0.304	0.224	0	12.17	0.225		skilled 8/8;I2;I8
R e12/s16 5:1/3:1/3:2 c14-20-26 i10-7-5 R12 R9.5 H20 MS0.14 AI14 MS0.065 AI28 D0.35 TT60 BR2.4 AR4.5 ST1800 EC60 R16 CT62	engageRadius=12 leashRadius=9.5 eliteHp=20 meleeMoveSpeed=0.14 meleeAttackInterval=14 shooterMoveSpeed=0.065 shooterAttackInterval=28 eliteDamage=0.35 eliteTelegraphTicks=60 eliteBlastRadius=2.4 eliteApproachRange=4.5 eliteSpawnTick=1800 absoluteEnemyCap=60 spawnRadius=16 eliteCooldownTicks=62 phases=14-20-26|10-7-5|5:1/3:1/3:2	8	3	2	2		0.739	0.176	0.309	0.254	0	11.90	0.209		I3;I8
R e11.5/s15.5 5:1/3:1/2:1 c16-22-28 i10-7-5 R11.5 R10.5 H22 MS0.142 AI16 MS0.055 AI30 D0.4 TT60 BR2.4 AR4 ST1800 EC55 R15.5 CT62	engageRadius=11.5 leashRadius=10.5 eliteHp=22 meleeMoveSpeed=0.142 meleeAttackInterval=16 shooterMoveSpeed=0.055 shooterAttackInterval=30 eliteDamage=0.4 eliteTelegraphTicks=60 eliteBlastRadius=2.4 eliteApproachRange=4 eliteSpawnTick=1800 absoluteEnemyCap=55 spawnRadius=15.5 eliteCooldownTicks=62 phases=16-22-28|10-7-5|5:1/3:1/2:1	7	4	1	2		0.819	0.188	0.330	0.301	0	12.42	0.200		skilled 8/8;I2;I3;I8
R e11/s13.5 5:1/3:1/2:1 c15-21-27 i8-7-5 R11 R10 H21 MS0.138 AI15 MS0.055 AI30 D0.4 TT48 BR2.8 AR4 ST1700 EC65 R13.5 CT50	engageRadius=11 leashRadius=10 eliteHp=21 meleeMoveSpeed=0.138 meleeAttackInterval=15 shooterMoveSpeed=0.055 shooterAttackInterval=30 eliteDamage=0.4 eliteTelegraphTicks=48 eliteBlastRadius=2.8 eliteApproachRange=4 eliteSpawnTick=1700 absoluteEnemyCap=65 spawnRadius=13.5 eliteCooldownTicks=50 phases=15-21-27|8-7-5|5:1/3:1/2:1	7	2	0	0		0.851	0.303	0.353	0.194	0	11.85	0.170		skilled 8/8;I2;I8
R e11/s13.5 5:1/2:1/3:2 c13-19-25 i8-7-5 R11 R10.5 H20 MS0.142 AI15 MS0.065 AI30 D0.4 TT60 BR2 AR4.5 ST1700 EC65 R13.5 CT62	engageRadius=11 leashRadius=10.5 eliteHp=20 meleeMoveSpeed=0.142 meleeAttackInterval=15 shooterMoveSpeed=0.065 shooterAttackInterval=30 eliteDamage=0.4 eliteTelegraphTicks=60 eliteBlastRadius=2 eliteApproachRange=4.5 eliteSpawnTick=1700 absoluteEnemyCap=65 spawnRadius=13.5 eliteCooldownTicks=62 phases=13-19-25|8-7-5|5:1/2:1/3:2	5	2	0	0		0.993	0.359	0.441	0.193	0	12.83	0.211		skilled 8/8;I2;I8
R e11.5/s15 5:1/2:1/1:1 c14-20-26 i8-7-5 R11.5 R9.5 H21 MS0.136 AI16 MS0.06 AI30 D0.3 TT60 BR2.4 AR4.5 ST1700 EC65 R15 CT62	engageRadius=11.5 leashRadius=9.5 eliteHp=21 meleeMoveSpeed=0.136 meleeAttackInterval=16 shooterMoveSpeed=0.06 shooterAttackInterval=30 eliteDamage=0.3 eliteTelegraphTicks=60 eliteBlastRadius=2.4 eliteApproachRange=4.5 eliteSpawnTick=1700 absoluteEnemyCap=65 spawnRadius=15 eliteCooldownTicks=62 phases=14-20-26|8-7-5|5:1/2:1/1:1	8	4	2	2		0.707	0.248	0.291	0.168	0	13.34	0.234		I3;I8
R e11/s15 5:1/2:1/1:1 c14-20-26 i9-8-5 R11 R9 H20 MS0.14 AI16 MS0.055 AI32 D0.35 TT54 BR2 AR4.5 ST1800 EC65 R15 CT56	engageRadius=11 leashRadius=9 eliteHp=20 meleeMoveSpeed=0.14 meleeAttackInterval=16 shooterMoveSpeed=0.055 shooterAttackInterval=32 eliteDamage=0.35 eliteTelegraphTicks=54 eliteBlastRadius=2 eliteApproachRange=4.5 eliteSpawnTick=1800 absoluteEnemyCap=65 spawnRadius=15 eliteCooldownTicks=56 phases=14-20-26|9-8-5|5:1/2:1/1:1	8	4	4	3		0.564	0.198	0.196	0.171	0	11.19	0.242		I3;I8;I10
R e11/s15 5:1/2:1/1:1 c14-20-26 i9-7-5 R11 R9.5 H21 MS0.14 AI16 MS0.055 AI30 D0.4 TT60 BR2.4 AR4 ST1800 EC65 R15 CT62	engageRadius=11 leashRadius=9.5 eliteHp=21 meleeMoveSpeed=0.14 meleeAttackInterval=16 shooterMoveSpeed=0.055 shooterAttackInterval=30 eliteDamage=0.4 eliteTelegraphTicks=60 eliteBlastRadius=2.4 eliteApproachRange=4 eliteSpawnTick=1800 absoluteEnemyCap=65 spawnRadius=15 eliteCooldownTicks=62 phases=14-20-26|9-7-5|5:1/2:1/1:1	8	3	2	2		0.722	0.207	0.289	0.225	0	12.67	0.252		I3;I8
R e11.5/s14 6:1/3:1/2:1 c13-19-25 i8-7-5 R11.5 R10.5 H20 MS0.142 AI15 MS0.06 AI28 D0.4 TT60 BR2.4 AR4.5 ST1700 EC55 R14 CT62	engageRadius=11.5 leashRadius=10.5 eliteHp=20 meleeMoveSpeed=0.142 meleeAttackInterval=15 shooterMoveSpeed=0.06 shooterAttackInterval=28 eliteDamage=0.4 eliteTelegraphTicks=60 eliteBlastRadius=2.4 eliteApproachRange=4.5 eliteSpawnTick=1700 absoluteEnemyCap=55 spawnRadius=14 eliteCooldownTicks=62 phases=13-19-25|8-7-5|6:1/3:1/2:1	7	2	0	0		0.875	0.312	0.371	0.192	0	12.02	0.166		skilled 8/8;I2;I8
R e11.5/s15 6:1/3:1/2:1 c16-22-28 i9-7-5 R11.5 R10.5 H21 MS0.14 AI14 MS0.06 AI32 D0.35 TT48 BR2.4 AR4 ST1800 EC60 R15 CT50	engageRadius=11.5 leashRadius=10.5 eliteHp=21 meleeMoveSpeed=0.14 meleeAttackInterval=14 shooterMoveSpeed=0.06 shooterAttackInterval=32 eliteDamage=0.35 eliteTelegraphTicks=48 eliteBlastRadius=2.4 eliteApproachRange=4 eliteSpawnTick=1800 absoluteEnemyCap=60 spawnRadius=15 eliteCooldownTicks=50 phases=16-22-28|9-7-5|6:1/3:1/2:1	7	1	1	1		0.906	0.278	0.359	0.269	0	11.42	0.147		skilled 8/8;I2;I3;I8
R e11.5/s14 5:1/2:1/3:2 c16-22-28 i10-7-5 R11.5 R9.5 H21 MS0.142 AI14 MS0.065 AI28 D0.4 TT60 BR2.8 AR4.5 ST1800 EC65 R14 CT62	engageRadius=11.5 leashRadius=9.5 eliteHp=21 meleeMoveSpeed=0.142 meleeAttackInterval=14 shooterMoveSpeed=0.065 shooterAttackInterval=28 eliteDamage=0.4 eliteTelegraphTicks=60 eliteBlastRadius=2.8 eliteApproachRange=4.5 eliteSpawnTick=1800 absoluteEnemyCap=65 spawnRadius=14 eliteCooldownTicks=62 phases=16-22-28|10-7-5|5:1/2:1/3:2	6	2	0	1		0.843	0.198	0.335	0.310	0	11.08	0.212		skilled 8/8;I2;I8
R e11.5/s15.5 6:1/3:1/2:1 c15-21-27 i9-7-5 R11.5 R9 H20 MS0.136 AI16 MS0.06 AI32 D0.35 TT60 BR2 AR4 ST1800 EC65 R15.5 CT62	engageRadius=11.5 leashRadius=9 eliteHp=20 meleeMoveSpeed=0.136 meleeAttackInterval=16 shooterMoveSpeed=0.06 shooterAttackInterval=32 eliteDamage=0.35 eliteTelegraphTicks=60 eliteBlastRadius=2 eliteApproachRange=4 eliteSpawnTick=1800 absoluteEnemyCap=65 spawnRadius=15.5 eliteCooldownTicks=62 phases=15-21-27|9-7-5|6:1/3:1/2:1	8	3	3	3		0.649	0.169	0.246	0.234	0	12.68	0.194		I3;I8;I10
R e11/s13.5 5:1/2:1/1:1 c15-21-27 i9-7-6 R11 R11 H22 MS0.138 AI15 MS0.065 AI30 D0.35 TT54 BR2 AR4 ST1800 EC60 R13.5 CT56	engageRadius=11 leashRadius=11 eliteHp=22 meleeMoveSpeed=0.138 meleeAttackInterval=15 shooterMoveSpeed=0.065 shooterAttackInterval=30 eliteDamage=0.35 eliteTelegraphTicks=54 eliteBlastRadius=2 eliteApproachRange=4 eliteSpawnTick=1800 absoluteEnemyCap=60 spawnRadius=13.5 eliteCooldownTicks=56 phases=15-21-27|9-7-6|5:1/2:1/1:1	8	2	0	0		0.892	0.268	0.345	0.279	0	10.96	0.249		I2;I8
R e12/s16 5:1/3:1/2:1 c13-19-25 i9-8-5 R12 R9 H22 MS0.138 AI14 MS0.055 AI30 D0.35 TT54 BR2.4 AR4 ST1700 EC55 R16 CT56	engageRadius=12 leashRadius=9 eliteHp=22 meleeMoveSpeed=0.138 meleeAttackInterval=14 shooterMoveSpeed=0.055 shooterAttackInterval=30 eliteDamage=0.35 eliteTelegraphTicks=54 eliteBlastRadius=2.4 eliteApproachRange=4 eliteSpawnTick=1700 absoluteEnemyCap=55 spawnRadius=16 eliteCooldownTicks=56 phases=13-19-25|9-8-5|5:1/3:1/2:1	8	4	2	3		0.596	0.204	0.207	0.185	0	11.53	0.163		I3;I8;I10
R e10.5/s13 5:1/3:1/3:2 c15-21-27 i10-7-5 R10.5 R11 H22 MS0.138 AI14 MS0.065 AI28 D0.4 TT54 BR2.8 AR4.5 ST1700 EC55 R13 CT56	engageRadius=10.5 leashRadius=11 eliteHp=22 meleeMoveSpeed=0.138 meleeAttackInterval=14 shooterMoveSpeed=0.065 shooterAttackInterval=28 eliteDamage=0.4 eliteTelegraphTicks=54 eliteBlastRadius=2.8 eliteApproachRange=4.5 eliteSpawnTick=1700 absoluteEnemyCap=55 spawnRadius=13 eliteCooldownTicks=56 phases=15-21-27|10-7-5|5:1/3:1/3:2	5	3	0	0		0.924	0.251	0.417	0.256	0	10.00	0.173		skilled 8/8;I2;I8
R e11/s15 5:1/2:1/3:2 c14-20-26 i9-7-6 R11 R9.5 H20 MS0.142 AI14 MS0.065 AI32 D0.3 TT54 BR2.8 AR4.5 ST1800 EC55 R15 CT56	engageRadius=11 leashRadius=9.5 eliteHp=20 meleeMoveSpeed=0.142 meleeAttackInterval=14 shooterMoveSpeed=0.065 shooterAttackInterval=32 eliteDamage=0.3 eliteTelegraphTicks=54 eliteBlastRadius=2.8 eliteApproachRange=4.5 eliteSpawnTick=1800 absoluteEnemyCap=55 spawnRadius=15 eliteCooldownTicks=56 phases=14-20-26|9-7-6|5:1/2:1/3:2	8	3	2	2		0.729	0.220	0.328	0.181	0	11.41	0.204		I3;I8
R e10.5/s13.5 5:1/2:1/3:2 c14-20-26 i10-7-5 R10.5 R10.5 H20 MS0.142 AI16 MS0.065 AI30 D0.4 TT54 BR2.8 AR4 ST1700 EC65 R13.5 CT56	engageRadius=10.5 leashRadius=10.5 eliteHp=20 meleeMoveSpeed=0.142 meleeAttackInterval=16 shooterMoveSpeed=0.065 shooterAttackInterval=30 eliteDamage=0.4 eliteTelegraphTicks=54 eliteBlastRadius=2.8 eliteApproachRange=4 eliteSpawnTick=1700 absoluteEnemyCap=65 spawnRadius=13.5 eliteCooldownTicks=56 phases=14-20-26|10-7-5|5:1/2:1/3:2	8	3	1	1		0.741	0.214	0.371	0.156	0	9.77	0.208		I3;I8
R e12/s15.5 6:1/3:1/2:1 c13-19-25 i8-7-5 R12 R11 H21 MS0.14 AI16 MS0.065 AI32 D0.4 TT54 BR2.8 AR4 ST1700 EC55 R15.5 CT56	engageRadius=12 leashRadius=11 eliteHp=21 meleeMoveSpeed=0.14 meleeAttackInterval=16 shooterMoveSpeed=0.065 shooterAttackInterval=32 eliteDamage=0.4 eliteTelegraphTicks=54 eliteBlastRadius=2.8 eliteApproachRange=4 eliteSpawnTick=1700 absoluteEnemyCap=55 spawnRadius=15.5 eliteCooldownTicks=56 phases=13-19-25|8-7-5|6:1/3:1/2:1	7	3	0	0		0.862	0.289	0.376	0.197	0	13.45	0.175		skilled 8/8;I2;I8
R e11.5/s15 5:1/3:1/2:1 c16-22-28 i9-7-6 R11.5 R9 H20 MS0.138 AI15 MS0.065 AI32 D0.35 TT60 BR2.8 AR4.5 ST1800 EC65 R15 CT62	engageRadius=11.5 leashRadius=9 eliteHp=20 meleeMoveSpeed=0.138 meleeAttackInterval=15 shooterMoveSpeed=0.065 shooterAttackInterval=32 eliteDamage=0.35 eliteTelegraphTicks=60 eliteBlastRadius=2.8 eliteApproachRange=4.5 eliteSpawnTick=1800 absoluteEnemyCap=65 spawnRadius=15 eliteCooldownTicks=62 phases=16-22-28|9-7-6|5:1/3:1/2:1	8	3	2	2		0.719	0.199	0.277	0.243	0	12.17	0.194		I3;I8
R e11/s13.5 5:1/3:1/3:2 c14-20-26 i8-7-5 R11 R11 H20 MS0.14 AI16 MS0.065 AI28 D0.3 TT54 BR2.8 AR4 ST1800 EC65 R13.5 CT56	engageRadius=11 leashRadius=11 eliteHp=20 meleeMoveSpeed=0.14 meleeAttackInterval=16 shooterMoveSpeed=0.065 shooterAttackInterval=28 eliteDamage=0.3 eliteTelegraphTicks=54 eliteBlastRadius=2.8 eliteApproachRange=4 eliteSpawnTick=1800 absoluteEnemyCap=65 spawnRadius=13.5 eliteCooldownTicks=56 phases=14-20-26|8-7-5|5:1/3:1/3:2	6	0	0	0		0.967	0.344	0.351	0.273	0	12.23	0.202		skilled 8/8;I2
R e11.5/s15.5 6:1/3:1/2:1 c14-20-26 i9-8-5 R11.5 R10 H21 MS0.142 AI15 MS0.065 AI30 D0.4 TT54 BR2.4 AR4 ST1700 EC65 R15.5 CT56	engageRadius=11.5 leashRadius=10 eliteHp=21 meleeMoveSpeed=0.142 meleeAttackInterval=15 shooterMoveSpeed=0.065 shooterAttackInterval=30 eliteDamage=0.4 eliteTelegraphTicks=54 eliteBlastRadius=2.4 eliteApproachRange=4 eliteSpawnTick=1700 absoluteEnemyCap=65 spawnRadius=15.5 eliteCooldownTicks=56 phases=14-20-26|9-8-5|6:1/3:1/2:1	8	3	2	4		0.643	0.221	0.264	0.158	0	10.48	0.170		I3;I8;I10
R e11.5/s14.5 5:1/3:1/3:2 c15-21-27 i10-7-5 R11.5 R9 H21 MS0.138 AI16 MS0.065 AI30 D0.3 TT54 BR2.4 AR4.5 ST1700 EC55 R14.5 CT56	engageRadius=11.5 leashRadius=9 eliteHp=21 meleeMoveSpeed=0.138 meleeAttackInterval=16 shooterMoveSpeed=0.065 shooterAttackInterval=30 eliteDamage=0.3 eliteTelegraphTicks=54 eliteBlastRadius=2.4 eliteApproachRange=4.5 eliteSpawnTick=1700 absoluteEnemyCap=55 spawnRadius=14.5 eliteCooldownTicks=56 phases=15-21-27|10-7-5|5:1/3:1/3:2	8	4	2	2		0.623	0.158	0.323	0.141	0	10.22	0.200		I3;I8
R e11.5/s15 6:1/3:1/2:1 c16-22-28 i9-8-5 R11.5 R11 H21 MS0.142 AI15 MS0.06 AI28 D0.3 TT54 BR2 AR4.5 ST1800 EC60 R15 CT56	engageRadius=11.5 leashRadius=11 eliteHp=21 meleeMoveSpeed=0.142 meleeAttackInterval=15 shooterMoveSpeed=0.06 shooterAttackInterval=28 eliteDamage=0.3 eliteTelegraphTicks=54 eliteBlastRadius=2 eliteApproachRange=4.5 eliteSpawnTick=1800 absoluteEnemyCap=60 spawnRadius=15 eliteCooldownTicks=56 phases=16-22-28|9-8-5|6:1/3:1/2:1	8	2	0	1		0.695	0.240	0.258	0.197	0	10.01	0.167		I8
R e12/s16 5:1/2:1/3:2 c14-20-26 i9-7-5 R12 R10.5 H20 MS0.14 AI14 MS0.055 AI32 D0.35 TT60 BR2 AR4 ST1700 EC60 R16 CT62	engageRadius=12 leashRadius=10.5 eliteHp=20 meleeMoveSpeed=0.14 meleeAttackInterval=14 shooterMoveSpeed=0.055 shooterAttackInterval=32 eliteDamage=0.35 eliteTelegraphTicks=60 eliteBlastRadius=2 eliteApproachRange=4 eliteSpawnTick=1700 absoluteEnemyCap=60 spawnRadius=16 eliteCooldownTicks=62 phases=14-20-26|9-7-5|5:1/2:1/3:2	7	4	1	2		0.769	0.237	0.351	0.180	0	13.31	0.192		skilled 8/8;I3;I8
R e11.5/s15 6:1/3:1/2:1 c15-21-27 i9-8-5 R11.5 R10 H21 MS0.138 AI16 MS0.055 AI32 D0.4 TT48 BR2.8 AR4 ST1800 EC65 R15 CT50	engageRadius=11.5 leashRadius=10 eliteHp=21 meleeMoveSpeed=0.138 meleeAttackInterval=16 shooterMoveSpeed=0.055 shooterAttackInterval=32 eliteDamage=0.4 eliteTelegraphTicks=48 eliteBlastRadius=2.8 eliteApproachRange=4 eliteSpawnTick=1800 absoluteEnemyCap=65 spawnRadius=15 eliteCooldownTicks=50 phases=15-21-27|9-8-5|6:1/3:1/2:1	8	4	3	3		0.626	0.210	0.212	0.203	0	10.34	0.164		I3;I8;I10
R e11.5/s14.5 6:1/3:1/2:1 c13-19-25 i9-7-5 R11.5 R9 H20 MS0.136 AI14 MS0.06 AI30 D0.3 TT60 BR2.4 AR4.5 ST1700 EC55 R14.5 CT62	engageRadius=11.5 leashRadius=9 eliteHp=20 meleeMoveSpeed=0.136 meleeAttackInterval=14 shooterMoveSpeed=0.06 shooterAttackInterval=30 eliteDamage=0.3 eliteTelegraphTicks=60 eliteBlastRadius=2.4 eliteApproachRange=4.5 eliteSpawnTick=1700 absoluteEnemyCap=55 spawnRadius=14.5 eliteCooldownTicks=62 phases=13-19-25|9-7-5|6:1/3:1/2:1	8	2	2	2		0.651	0.199	0.324	0.129	0	11.32	0.183		I3;I8
R e11/s15 6:1/3:1/2:1 c16-22-28 i9-8-5 R11 R11 H21 MS0.142 AI14 MS0.06 AI32 D0.3 TT54 BR2.8 AR4.5 ST1700 EC55 R15 CT56	engageRadius=11 leashRadius=11 eliteHp=21 meleeMoveSpeed=0.142 meleeAttackInterval=14 shooterMoveSpeed=0.06 shooterAttackInterval=32 eliteDamage=0.3 eliteTelegraphTicks=54 eliteBlastRadius=2.8 eliteApproachRange=4.5 eliteSpawnTick=1700 absoluteEnemyCap=55 spawnRadius=15 eliteCooldownTicks=56 phases=16-22-28|9-8-5|6:1/3:1/2:1	8	4	1	1		0.668	0.249	0.279	0.140	0	9.91	0.146		I3;I8
R e10.5/s13.5 5:1/2:1/3:2 c13-19-25 i9-7-5 R10.5 R10.5 H21 MS0.142 AI16 MS0.055 AI28 D0.4 TT60 BR2.8 AR4.5 ST1700 EC55 R13.5 CT62	engageRadius=10.5 leashRadius=10.5 eliteHp=21 meleeMoveSpeed=0.142 meleeAttackInterval=16 shooterMoveSpeed=0.055 shooterAttackInterval=28 eliteDamage=0.4 eliteTelegraphTicks=60 eliteBlastRadius=2.8 eliteApproachRange=4.5 eliteSpawnTick=1700 absoluteEnemyCap=55 spawnRadius=13.5 eliteCooldownTicks=62 phases=13-19-25|9-7-5|5:1/2:1/3:2	7	3	0	0		0.835	0.256	0.363	0.217	0	11.20	0.226		skilled 8/8;I2;I8
R e11/s14 5:1/3:1/2:1 c16-22-28 i10-7-5 R11 R9.5 H21 MS0.14 AI14 MS0.06 AI28 D0.4 TT60 BR2.4 AR4.5 ST1800 EC60 R14 CT62	engageRadius=11 leashRadius=9.5 eliteHp=21 meleeMoveSpeed=0.14 meleeAttackInterval=14 shooterMoveSpeed=0.06 shooterAttackInterval=28 eliteDamage=0.4 eliteTelegraphTicks=60 eliteBlastRadius=2.4 eliteApproachRange=4.5 eliteSpawnTick=1800 absoluteEnemyCap=60 spawnRadius=14 eliteCooldownTicks=62 phases=16-22-28|10-7-5|5:1/3:1/2:1	6	2	1	2		0.844	0.193	0.351	0.300	0	10.71	0.174		skilled 8/8;I2;I3;I8
R e10.5/s14 5:1/2:1/1:1 c15-21-27 i9-7-6 R10.5 R11 H20 MS0.14 AI15 MS0.055 AI32 D0.3 TT54 BR2 AR4.5 ST1800 EC65 R14 CT56	engageRadius=10.5 leashRadius=11 eliteHp=20 meleeMoveSpeed=0.14 meleeAttackInterval=15 shooterMoveSpeed=0.055 shooterAttackInterval=32 eliteDamage=0.3 eliteTelegraphTicks=54 eliteBlastRadius=2 eliteApproachRange=4.5 eliteSpawnTick=1800 absoluteEnemyCap=65 spawnRadius=14 eliteCooldownTicks=56 phases=15-21-27|9-7-6|5:1/2:1/1:1	7	2	1	1		0.856	0.270	0.367	0.219	0	11.45	0.211		skilled 8/8;I2;I3;I8
R e11/s13.5 6:1/3:1/2:1 c15-21-27 i9-7-5 R11 R11 H22 MS0.14 AI15 MS0.065 AI32 D0.4 TT48 BR2 AR4.5 ST1800 EC60 R13.5 CT50	engageRadius=11 leashRadius=11 eliteHp=22 meleeMoveSpeed=0.14 meleeAttackInterval=15 shooterMoveSpeed=0.065 shooterAttackInterval=32 eliteDamage=0.4 eliteTelegraphTicks=48 eliteBlastRadius=2 eliteApproachRange=4.5 eliteSpawnTick=1800 absoluteEnemyCap=60 spawnRadius=13.5 eliteCooldownTicks=50 phases=15-21-27|9-7-5|6:1/3:1/2:1	4	3	0	0		1.038	0.278	0.384	0.376	0	12.06	0.164		skilled 8/8;I2;I8
R e10.5/s14 5:1/2:1/3:2 c15-21-27 i9-7-6 R10.5 R9.5 H21 MS0.14 AI15 MS0.055 AI28 D0.35 TT48 BR2 AR4 ST1700 EC55 R14 CT50	engageRadius=10.5 leashRadius=9.5 eliteHp=21 meleeMoveSpeed=0.14 meleeAttackInterval=15 shooterMoveSpeed=0.055 shooterAttackInterval=28 eliteDamage=0.35 eliteTelegraphTicks=48 eliteBlastRadius=2 eliteApproachRange=4 eliteSpawnTick=1700 absoluteEnemyCap=55 spawnRadius=14 eliteCooldownTicks=50 phases=15-21-27|9-7-6|5:1/2:1/3:2	7	3	1	1		0.700	0.229	0.304	0.168	0	11.25	0.235		skilled 8/8;I3;I8
R e10.5/s13 5:1/3:1/2:1 c15-21-27 i9-7-6 R10.5 R10.5 H20 MS0.142 AI14 MS0.06 AI28 D0.35 TT54 BR2.8 AR4 ST1800 EC65 R13 CT56	engageRadius=10.5 leashRadius=10.5 eliteHp=20 meleeMoveSpeed=0.142 meleeAttackInterval=14 shooterMoveSpeed=0.06 shooterAttackInterval=28 eliteDamage=0.35 eliteTelegraphTicks=54 eliteBlastRadius=2.8 eliteApproachRange=4 eliteSpawnTick=1800 absoluteEnemyCap=65 spawnRadius=13 eliteCooldownTicks=56 phases=15-21-27|9-7-6|5:1/3:1/2:1	5	1	0	0		0.996	0.313	0.385	0.298	0	10.72	0.153		skilled 8/8;I2;I8
R e10.5/s13.5 5:1/3:1/2:1 c13-19-25 i9-7-5 R10.5 R9.5 H20 MS0.14 AI15 MS0.06 AI32 D0.3 TT48 BR2.8 AR4 ST1800 EC55 R13.5 CT50	engageRadius=10.5 leashRadius=9.5 eliteHp=20 meleeMoveSpeed=0.14 meleeAttackInterval=15 shooterMoveSpeed=0.06 shooterAttackInterval=32 eliteDamage=0.3 eliteTelegraphTicks=48 eliteBlastRadius=2.8 eliteApproachRange=4 eliteSpawnTick=1800 absoluteEnemyCap=55 spawnRadius=13.5 eliteCooldownTicks=50 phases=13-19-25|9-7-5|5:1/3:1/2:1	6	2	2	2		0.826	0.237	0.331	0.259	0	11.04	0.191		skilled 8/8;I2;I3;I8
R e10.5/s13 5:1/3:1/2:1 c13-19-25 i10-7-5 R10.5 R9.5 H22 MS0.136 AI14 MS0.065 AI30 D0.35 TT54 BR2.4 AR4.5 ST1700 EC55 R13 CT56	engageRadius=10.5 leashRadius=9.5 eliteHp=22 meleeMoveSpeed=0.136 meleeAttackInterval=14 shooterMoveSpeed=0.065 shooterAttackInterval=30 eliteDamage=0.35 eliteTelegraphTicks=54 eliteBlastRadius=2.4 eliteApproachRange=4.5 eliteSpawnTick=1700 absoluteEnemyCap=55 spawnRadius=13 eliteCooldownTicks=56 phases=13-19-25|10-7-5|5:1/3:1/2:1	7	2	2	2		0.756	0.180	0.350	0.226	0	9.58	0.182		skilled 8/8;I3;I8
R e11.5/s14 5:1/3:1/2:1 c13-19-25 i9-7-6 R11.5 R11 H22 MS0.138 AI15 MS0.065 AI28 D0.4 TT54 BR2.4 AR4 ST1800 EC60 R14 CT56	engageRadius=11.5 leashRadius=11 eliteHp=22 meleeMoveSpeed=0.138 meleeAttackInterval=15 shooterMoveSpeed=0.065 shooterAttackInterval=28 eliteDamage=0.4 eliteTelegraphTicks=54 eliteBlastRadius=2.4 eliteApproachRange=4 eliteSpawnTick=1800 absoluteEnemyCap=60 spawnRadius=14 eliteCooldownTicks=56 phases=13-19-25|9-7-6|5:1/3:1/2:1	8	2	0	0		0.869	0.263	0.359	0.247	0	10.72	0.181		I2;I8
R e10.5/s13 5:1/2:1/3:2 c15-21-27 i9-7-5 R10.5 R9.5 H20 MS0.14 AI14 MS0.055 AI30 D0.4 TT54 BR2 AR4.5 ST1800 EC55 R13 CT56	engageRadius=10.5 leashRadius=9.5 eliteHp=20 meleeMoveSpeed=0.14 meleeAttackInterval=14 shooterMoveSpeed=0.055 shooterAttackInterval=30 eliteDamage=0.4 eliteTelegraphTicks=54 eliteBlastRadius=2 eliteApproachRange=4.5 eliteSpawnTick=1800 absoluteEnemyCap=55 spawnRadius=13 eliteCooldownTicks=56 phases=15-21-27|9-7-5|5:1/2:1/3:2	7	2	1	1		0.853	0.243	0.328	0.283	0	10.90	0.203		skilled 8/8;I2;I3;I8
R e12/s16 5:1/3:1/3:2 c15-21-27 i8-7-5 R12 R9.5 H22 MS0.142 AI15 MS0.055 AI32 D0.35 TT54 BR2.8 AR4 ST1800 EC60 R16 CT56	engageRadius=12 leashRadius=9.5 eliteHp=22 meleeMoveSpeed=0.142 meleeAttackInterval=15 shooterMoveSpeed=0.055 shooterAttackInterval=32 eliteDamage=0.35 eliteTelegraphTicks=54 eliteBlastRadius=2.8 eliteApproachRange=4 eliteSpawnTick=1800 absoluteEnemyCap=60 spawnRadius=16 eliteCooldownTicks=56 phases=15-21-27|8-7-5|5:1/3:1/3:2	8	2	2	2		0.848	0.257	0.341	0.250	0	14.26	0.196		I2;I3;I8
R e11/s15 5:1/3:1/2:1 c13-19-25 i9-8-5 R11 R10 H22 MS0.138 AI15 MS0.065 AI32 D0.4 TT60 BR2.4 AR4 ST1800 EC65 R15 CT62	engageRadius=11 leashRadius=10 eliteHp=22 meleeMoveSpeed=0.138 meleeAttackInterval=15 shooterMoveSpeed=0.065 shooterAttackInterval=32 eliteDamage=0.4 eliteTelegraphTicks=60 eliteBlastRadius=2.4 eliteApproachRange=4 eliteSpawnTick=1800 absoluteEnemyCap=65 spawnRadius=15 eliteCooldownTicks=62 phases=13-19-25|9-8-5|5:1/3:1/2:1	8	3	2	2		0.621	0.212	0.203	0.207	0	10.36	0.193		I3;I8
R e10.5/s13.5 5:1/2:1/1:1 c16-22-28 i9-7-6 R10.5 R10.5 H22 MS0.136 AI16 MS0.055 AI32 D0.35 TT54 BR2.8 AR4.5 ST1800 EC55 R13.5 CT56	engageRadius=10.5 leashRadius=10.5 eliteHp=22 meleeMoveSpeed=0.136 meleeAttackInterval=16 shooterMoveSpeed=0.055 shooterAttackInterval=32 eliteDamage=0.35 eliteTelegraphTicks=54 eliteBlastRadius=2.8 eliteApproachRange=4.5 eliteSpawnTick=1800 absoluteEnemyCap=55 spawnRadius=13.5 eliteCooldownTicks=56 phases=16-22-28|9-7-6|5:1/2:1/1:1	6	3	0	0		0.780	0.237	0.317	0.226	0	11.22	0.243		skilled 8/8;I8
R e11/s13.5 5:1/3:1/3:2 c16-22-28 i9-8-5 R11 R9.5 H22 MS0.136 AI16 MS0.06 AI32 D0.3 TT60 BR2.8 AR4.5 ST1700 EC65 R13.5 CT62	engageRadius=11 leashRadius=9.5 eliteHp=22 meleeMoveSpeed=0.136 meleeAttackInterval=16 shooterMoveSpeed=0.06 shooterAttackInterval=32 eliteDamage=0.3 eliteTelegraphTicks=60 eliteBlastRadius=2.8 eliteApproachRange=4.5 eliteSpawnTick=1700 absoluteEnemyCap=65 spawnRadius=13.5 eliteCooldownTicks=62 phases=16-22-28|9-8-5|5:1/3:1/3:2	8	5	2	3		0.557	0.205	0.238	0.114	0	8.85	0.184		I3;I8;I10
R e11.5/s15.5 5:1/3:1/3:2 c13-19-25 i8-7-5 R11.5 R10 H21 MS0.14 AI15 MS0.055 AI30 D0.4 TT48 BR2.8 AR4 ST1700 EC65 R15.5 CT50	engageRadius=11.5 leashRadius=10 eliteHp=21 meleeMoveSpeed=0.14 meleeAttackInterval=15 shooterMoveSpeed=0.055 shooterAttackInterval=30 eliteDamage=0.4 eliteTelegraphTicks=48 eliteBlastRadius=2.8 eliteApproachRange=4 eliteSpawnTick=1700 absoluteEnemyCap=65 spawnRadius=15.5 eliteCooldownTicks=50 phases=13-19-25|8-7-5|5:1/3:1/3:2	8	3	1	2		0.739	0.268	0.318	0.154	0	13.44	0.180		I3;I8
R e12/s16 5:1/3:1/2:1 c15-21-27 i8-7-5 R12 R10 H21 MS0.14 AI15 MS0.055 AI30 D0.35 TT48 BR2.8 AR4.5 ST1800 EC60 R16 CT50	engageRadius=12 leashRadius=10 eliteHp=21 meleeMoveSpeed=0.14 meleeAttackInterval=15 shooterMoveSpeed=0.055 shooterAttackInterval=30 eliteDamage=0.35 eliteTelegraphTicks=48 eliteBlastRadius=2.8 eliteApproachRange=4.5 eliteSpawnTick=1800 absoluteEnemyCap=60 spawnRadius=16 eliteCooldownTicks=50 phases=15-21-27|8-7-5|5:1/3:1/2:1	8	1	1	1		0.809	0.272	0.307	0.230	0	14.22	0.172		I2;I3;I8
R e12/s15 5:1/2:1/3:2 c16-22-28 i9-8-5 R12 R11 H21 MS0.136 AI15 MS0.055 AI30 D0.3 TT48 BR2.8 AR4.5 ST1700 EC65 R15 CT50	engageRadius=12 leashRadius=11 eliteHp=21 meleeMoveSpeed=0.136 meleeAttackInterval=15 shooterMoveSpeed=0.055 shooterAttackInterval=30 eliteDamage=0.3 eliteTelegraphTicks=48 eliteBlastRadius=2.8 eliteApproachRange=4.5 eliteSpawnTick=1700 absoluteEnemyCap=65 spawnRadius=15 eliteCooldownTicks=50 phases=16-22-28|9-8-5|5:1/2:1/3:2	8	4	2	2		0.613	0.254	0.238	0.121	0	10.49	0.198		I3;I8
R e10.5/s14.5 5:1/3:1/3:2 c15-21-27 i9-7-5 R10.5 R10.5 H20 MS0.14 AI16 MS0.055 AI32 D0.3 TT48 BR2.8 AR4.5 ST1800 EC55 R14.5 CT50	engageRadius=10.5 leashRadius=10.5 eliteHp=20 meleeMoveSpeed=0.14 meleeAttackInterval=16 shooterMoveSpeed=0.055 shooterAttackInterval=32 eliteDamage=0.3 eliteTelegraphTicks=48 eliteBlastRadius=2.8 eliteApproachRange=4.5 eliteSpawnTick=1800 absoluteEnemyCap=55 spawnRadius=14.5 eliteCooldownTicks=50 phases=15-21-27|9-7-5|5:1/3:1/3:2	7	2	1	2		0.845	0.229	0.315	0.301	0	12.48	0.194		skilled 8/8;I2;I3;I8
R e12/s15 5:1/3:1/2:1 c16-22-28 i9-7-5 R12 R9.5 H22 MS0.136 AI14 MS0.06 AI30 D0.4 TT48 BR2 AR4 ST1800 EC65 R15 CT50	engageRadius=12 leashRadius=9.5 eliteHp=22 meleeMoveSpeed=0.136 meleeAttackInterval=14 shooterMoveSpeed=0.06 shooterAttackInterval=30 eliteDamage=0.4 eliteTelegraphTicks=48 eliteBlastRadius=2 eliteApproachRange=4 eliteSpawnTick=1800 absoluteEnemyCap=65 spawnRadius=15 eliteCooldownTicks=50 phases=16-22-28|9-7-5|5:1/3:1/2:1	8	3	2	2		0.782	0.225	0.290	0.268	0	12.77	0.204		I3;I8
R e11/s13.5 5:1/2:1/1:1 c13-19-25 i9-7-6 R11 R11 H21 MS0.142 AI16 MS0.06 AI32 D0.35 TT54 BR2.4 AR4 ST1700 EC60 R13.5 CT56	engageRadius=11 leashRadius=11 eliteHp=21 meleeMoveSpeed=0.142 meleeAttackInterval=16 shooterMoveSpeed=0.06 shooterAttackInterval=32 eliteDamage=0.35 eliteTelegraphTicks=54 eliteBlastRadius=2.4 eliteApproachRange=4 eliteSpawnTick=1700 absoluteEnemyCap=60 spawnRadius=13.5 eliteCooldownTicks=56 phases=13-19-25|9-7-6|5:1/2:1/1:1	8	3	1	0		0.787	0.256	0.341	0.189	0	10.62	0.220		I3;I8
R e10.5/s13.5 5:1/3:1/2:1 c15-21-27 i8-7-5 R10.5 R9 H22 MS0.14 AI14 MS0.055 AI28 D0.3 TT48 BR2.4 AR4 ST1800 EC55 R13.5 CT50	engageRadius=10.5 leashRadius=9 eliteHp=22 meleeMoveSpeed=0.14 meleeAttackInterval=14 shooterMoveSpeed=0.055 shooterAttackInterval=28 eliteDamage=0.3 eliteTelegraphTicks=48 eliteBlastRadius=2.4 eliteApproachRange=4 eliteSpawnTick=1800 absoluteEnemyCap=55 spawnRadius=13.5 eliteCooldownTicks=50 phases=15-21-27|8-7-5|5:1/3:1/2:1	7	1	0	0		0.916	0.317	0.310	0.288	0	11.91	0.162		skilled 8/8;I2;I8
R e11.5/s14.5 5:1/2:1/3:2 c13-19-25 i9-7-6 R11.5 R10 H20 MS0.14 AI14 MS0.065 AI28 D0.35 TT54 BR2.8 AR4.5 ST1700 EC55 R14.5 CT56	engageRadius=11.5 leashRadius=10 eliteHp=20 meleeMoveSpeed=0.14 meleeAttackInterval=14 shooterMoveSpeed=0.065 shooterAttackInterval=28 eliteDamage=0.35 eliteTelegraphTicks=54 eliteBlastRadius=2.8 eliteApproachRange=4.5 eliteSpawnTick=1700 absoluteEnemyCap=55 spawnRadius=14.5 eliteCooldownTicks=56 phases=13-19-25|9-7-6|5:1/2:1/3:2	8	2	0	1		0.775	0.264	0.362	0.148	0	10.96	0.212		I8
R e11/s14 5:1/2:1/1:1 c16-22-28 i9-8-5 R11 R11 H20 MS0.136 AI14 MS0.06 AI28 D0.35 TT54 BR2.8 AR4.5 ST1800 EC60 R14 CT56	engageRadius=11 leashRadius=11 eliteHp=20 meleeMoveSpeed=0.136 meleeAttackInterval=14 shooterMoveSpeed=0.06 shooterAttackInterval=28 eliteDamage=0.35 eliteTelegraphTicks=54 eliteBlastRadius=2.8 eliteApproachRange=4.5 eliteSpawnTick=1800 absoluteEnemyCap=60 spawnRadius=14 eliteCooldownTicks=56 phases=16-22-28|9-8-5|5:1/2:1/1:1	8	2	0	0		0.747	0.300	0.274	0.173	0	9.80	0.217		I8
R e12/s16 6:1/3:1/2:1 c16-22-28 i9-8-5 R12 R10 H22 MS0.138 AI16 MS0.06 AI32 D0.4 TT48 BR2.8 AR4 ST1800 EC55 R16 CT50	engageRadius=12 leashRadius=10 eliteHp=22 meleeMoveSpeed=0.138 meleeAttackInterval=16 shooterMoveSpeed=0.06 shooterAttackInterval=32 eliteDamage=0.4 eliteTelegraphTicks=48 eliteBlastRadius=2.8 eliteApproachRange=4 eliteSpawnTick=1800 absoluteEnemyCap=55 spawnRadius=16 eliteCooldownTicks=50 phases=16-22-28|9-8-5|6:1/3:1/2:1	8	4	2	2		0.621	0.189	0.219	0.212	0	10.96	0.168		I3;I8
R e11.5/s14.5 5:1/2:1/3:2 c15-21-27 i9-7-5 R11.5 R11 H21 MS0.142 AI16 MS0.065 AI32 D0.35 TT54 BR2.8 AR4.5 ST1800 EC60 R14.5 CT56	engageRadius=11.5 leashRadius=11 eliteHp=21 meleeMoveSpeed=0.142 meleeAttackInterval=16 shooterMoveSpeed=0.065 shooterAttackInterval=32 eliteDamage=0.35 eliteTelegraphTicks=54 eliteBlastRadius=2.8 eliteApproachRange=4.5 eliteSpawnTick=1800 absoluteEnemyCap=60 spawnRadius=14.5 eliteCooldownTicks=56 phases=15-21-27|9-7-5|5:1/2:1/3:2	6	3	0	0		0.904	0.266	0.357	0.281	0	12.34	0.231		skilled 8/8;I2;I8
R e11.5/s14.5 5:1/3:1/3:2 c15-21-27 i9-7-5 R11.5 R11 H20 MS0.142 AI14 MS0.06 AI30 D0.4 TT54 BR2 AR4.5 ST1700 EC65 R14.5 CT56	engageRadius=11.5 leashRadius=11 eliteHp=20 meleeMoveSpeed=0.142 meleeAttackInterval=14 shooterMoveSpeed=0.06 shooterAttackInterval=30 eliteDamage=0.4 eliteTelegraphTicks=54 eliteBlastRadius=2 eliteApproachRange=4.5 eliteSpawnTick=1700 absoluteEnemyCap=65 spawnRadius=14.5 eliteCooldownTicks=56 phases=15-21-27|9-7-5|5:1/3:1/3:2	7	1	0	0		0.906	0.303	0.394	0.210	0	11.52	0.164		skilled 8/8;I2;I8
R e11.5/s15.5 5:1/3:1/3:2 c15-21-27 i9-8-5 R11.5 R11 H21 MS0.136 AI15 MS0.065 AI30 D0.3 TT48 BR2.4 AR4 ST1800 EC65 R15.5 CT50	engageRadius=11.5 leashRadius=11 eliteHp=21 meleeMoveSpeed=0.136 meleeAttackInterval=15 shooterMoveSpeed=0.065 shooterAttackInterval=30 eliteDamage=0.3 eliteTelegraphTicks=48 eliteBlastRadius=2.4 eliteApproachRange=4 eliteSpawnTick=1800 absoluteEnemyCap=65 spawnRadius=15.5 eliteCooldownTicks=50 phases=15-21-27|9-8-5|5:1/3:1/3:2	8	4	2	2		0.709	0.244	0.241	0.224	0	10.86	0.190		I3;I8
R e10.5/s14.5 6:1/3:1/2:1 c14-20-26 i9-7-6 R10.5 R10.5 H20 MS0.136 AI16 MS0.065 AI32 D0.4 TT54 BR2.8 AR4.5 ST1700 EC55 R14.5 CT56	engageRadius=10.5 leashRadius=10.5 eliteHp=20 meleeMoveSpeed=0.136 meleeAttackInterval=16 shooterMoveSpeed=0.065 shooterAttackInterval=32 eliteDamage=0.4 eliteTelegraphTicks=54 eliteBlastRadius=2.8 eliteApproachRange=4.5 eliteSpawnTick=1700 absoluteEnemyCap=55 spawnRadius=14.5 eliteCooldownTicks=56 phases=14-20-26|9-7-6|6:1/3:1/2:1	8	4	1	2		0.670	0.229	0.325	0.115	0	10.76	0.183		I3;I8
R e12/s16 6:1/3:1/2:1 c15-21-27 i9-7-6 R12 R11 H22 MS0.138 AI16 MS0.065 AI32 D0.3 TT60 BR2.8 AR4 ST1800 EC60 R16 CT62	engageRadius=12 leashRadius=11 eliteHp=22 meleeMoveSpeed=0.138 meleeAttackInterval=16 shooterMoveSpeed=0.065 shooterAttackInterval=32 eliteDamage=0.3 eliteTelegraphTicks=60 eliteBlastRadius=2.8 eliteApproachRange=4 eliteSpawnTick=1800 absoluteEnemyCap=60 spawnRadius=16 eliteCooldownTicks=62 phases=15-21-27|9-7-6|6:1/3:1/2:1	7	3	1	0		0.804	0.226	0.335	0.244	0	12.33	0.187		skilled 8/8;I2;I3;I8
R e10.5/s13.5 6:1/3:1/2:1 c16-22-28 i9-7-5 R10.5 R11 H22 MS0.136 AI15 MS0.055 AI30 D0.35 TT60 BR2 AR4 ST1700 EC60 R13.5 CT62	engageRadius=10.5 leashRadius=11 eliteHp=22 meleeMoveSpeed=0.136 meleeAttackInterval=15 shooterMoveSpeed=0.055 shooterAttackInterval=30 eliteDamage=0.35 eliteTelegraphTicks=60 eliteBlastRadius=2 eliteApproachRange=4 eliteSpawnTick=1700 absoluteEnemyCap=60 spawnRadius=13.5 eliteCooldownTicks=62 phases=16-22-28|9-7-5|6:1/3:1/2:1	7	3	1	1		0.813	0.259	0.341	0.213	0	10.83	0.166		skilled 8/8;I2;I3;I8
R e11/s13.5 5:1/2:1/1:1 c16-22-28 i8-7-5 R11 R10.5 H21 MS0.136 AI15 MS0.055 AI30 D0.35 TT54 BR2 AR4 ST1700 EC65 R13.5 CT56	engageRadius=11 leashRadius=10.5 eliteHp=21 meleeMoveSpeed=0.136 meleeAttackInterval=15 shooterMoveSpeed=0.055 shooterAttackInterval=30 eliteDamage=0.35 eliteTelegraphTicks=54 eliteBlastRadius=2 eliteApproachRange=4 eliteSpawnTick=1700 absoluteEnemyCap=65 spawnRadius=13.5 eliteCooldownTicks=56 phases=16-22-28|8-7-5|5:1/2:1/1:1	7	1	0	0		0.820	0.314	0.324	0.181	0	11.79	0.198		skilled 8/8;I2;I8
R e12/s15.5 6:1/3:1/2:1 c14-20-26 i9-8-5 R12 R10 H21 MS0.142 AI16 MS0.055 AI28 D0.4 TT54 BR2.8 AR4.5 ST1700 EC60 R15.5 CT56	engageRadius=12 leashRadius=10 eliteHp=21 meleeMoveSpeed=0.142 meleeAttackInterval=16 shooterMoveSpeed=0.055 shooterAttackInterval=28 eliteDamage=0.4 eliteTelegraphTicks=54 eliteBlastRadius=2.8 eliteApproachRange=4.5 eliteSpawnTick=1700 absoluteEnemyCap=60 spawnRadius=15.5 eliteCooldownTicks=56 phases=14-20-26|9-8-5|6:1/3:1/2:1	8	4	2	3		0.595	0.221	0.237	0.137	0	10.24	0.164		I3;I8;I10
R e11/s13.5 5:1/3:1/3:2 c15-21-27 i8-7-5 R11 R10 H22 MS0.136 AI16 MS0.055 AI30 D0.4 TT48 BR2.4 AR4.5 ST1800 EC60 R13.5 CT50	engageRadius=11 leashRadius=10 eliteHp=22 meleeMoveSpeed=0.136 meleeAttackInterval=16 shooterMoveSpeed=0.055 shooterAttackInterval=30 eliteDamage=0.4 eliteTelegraphTicks=48 eliteBlastRadius=2.4 eliteApproachRange=4.5 eliteSpawnTick=1800 absoluteEnemyCap=60 spawnRadius=13.5 eliteCooldownTicks=50 phases=15-21-27|8-7-5|5:1/3:1/3:2	7	0	0	0		0.848	0.286	0.304	0.259	0	12.39	0.193		skilled 8/8;I2
R e11/s14.5 5:1/3:1/3:2 c15-21-27 i9-8-5 R11 R9.5 H20 MS0.142 AI16 MS0.065 AI32 D0.3 TT54 BR2.4 AR4.5 ST1800 EC60 R14.5 CT56	engageRadius=11 leashRadius=9.5 eliteHp=20 meleeMoveSpeed=0.142 meleeAttackInterval=16 shooterMoveSpeed=0.065 shooterAttackInterval=32 eliteDamage=0.3 eliteTelegraphTicks=54 eliteBlastRadius=2.4 eliteApproachRange=4.5 eliteSpawnTick=1800 absoluteEnemyCap=60 spawnRadius=14.5 eliteCooldownTicks=56 phases=15-21-27|9-8-5|5:1/3:1/3:2	8	3	2	3		0.600	0.217	0.197	0.187	0	9.62	0.197		I3;I8;I10
R e11.5/s15 5:1/2:1/3:2 c13-19-25 i8-7-5 R11.5 R9.5 H22 MS0.136 AI15 MS0.06 AI32 D0.3 TT48 BR2 AR4 ST1700 EC55 R15 CT50	engageRadius=11.5 leashRadius=9.5 eliteHp=22 meleeMoveSpeed=0.136 meleeAttackInterval=15 shooterMoveSpeed=0.06 shooterAttackInterval=32 eliteDamage=0.3 eliteTelegraphTicks=48 eliteBlastRadius=2 eliteApproachRange=4 eliteSpawnTick=1700 absoluteEnemyCap=55 spawnRadius=15 eliteCooldownTicks=50 phases=13-19-25|8-7-5|5:1/2:1/3:2	8	3	2	2		0.749	0.259	0.285	0.205	0	13.20	0.212		I3;I8
R e12/s16 6:1/3:1/2:1 c14-20-26 i8-7-5 R12 R10 H22 MS0.14 AI15 MS0.06 AI32 D0.35 TT60 BR2.4 AR4 ST1700 EC60 R16 CT62	engageRadius=12 leashRadius=10 eliteHp=22 meleeMoveSpeed=0.14 meleeAttackInterval=15 shooterMoveSpeed=0.06 shooterAttackInterval=32 eliteDamage=0.35 eliteTelegraphTicks=60 eliteBlastRadius=2.4 eliteApproachRange=4 eliteSpawnTick=1700 absoluteEnemyCap=60 spawnRadius=16 eliteCooldownTicks=62 phases=14-20-26|8-7-5|6:1/3:1/2:1	8	4	0	1		0.779	0.252	0.325	0.202	0	13.47	0.159		I8
R e11/s14 6:1/3:1/2:1 c13-19-25 i9-8-5 R11 R10.5 H20 MS0.142 AI15 MS0.06 AI32 D0.35 TT48 BR2.4 AR4 ST1800 EC55 R14 CT50	engageRadius=11 leashRadius=10.5 eliteHp=20 meleeMoveSpeed=0.142 meleeAttackInterval=15 shooterMoveSpeed=0.06 shooterAttackInterval=32 eliteDamage=0.35 eliteTelegraphTicks=48 eliteBlastRadius=2.4 eliteApproachRange=4 eliteSpawnTick=1800 absoluteEnemyCap=55 spawnRadius=14 eliteCooldownTicks=50 phases=13-19-25|9-8-5|6:1/3:1/2:1	8	1	1	2		0.727	0.260	0.262	0.205	0	9.37	0.163		I3;I8
R e11/s15 5:1/3:1/3:2 c14-20-26 i9-7-6 R11 R10.5 H20 MS0.136 AI15 MS0.06 AI32 D0.4 TT48 BR2 AR4 ST1800 EC65 R15 CT50	engageRadius=11 leashRadius=10.5 eliteHp=20 meleeMoveSpeed=0.136 meleeAttackInterval=15 shooterMoveSpeed=0.06 shooterAttackInterval=32 eliteDamage=0.4 eliteTelegraphTicks=48 eliteBlastRadius=2 eliteApproachRange=4 eliteSpawnTick=1800 absoluteEnemyCap=65 spawnRadius=15 eliteCooldownTicks=50 phases=14-20-26|9-7-6|5:1/3:1/3:2	8	3	1	1		0.743	0.230	0.305	0.208	0	11.99	0.194		I3;I8
R e11.5/s14.5 5:1/3:1/2:1 c14-20-26 i9-7-5 R11.5 R10 H22 MS0.14 AI15 MS0.055 AI32 D0.35 TT60 BR2.4 AR4.5 ST1700 EC55 R14.5 CT62	engageRadius=11.5 leashRadius=10 eliteHp=22 meleeMoveSpeed=0.14 meleeAttackInterval=15 shooterMoveSpeed=0.055 shooterAttackInterval=32 eliteDamage=0.35 eliteTelegraphTicks=60 eliteBlastRadius=2.4 eliteApproachRange=4.5 eliteSpawnTick=1700 absoluteEnemyCap=55 spawnRadius=14.5 eliteCooldownTicks=62 phases=14-20-26|9-7-5|5:1/3:1/2:1	6	2	2	2		0.777	0.237	0.341	0.199	0	11.58	0.172		skilled 8/8;I3;I8
R e12/s16 6:1/3:1/2:1 c15-21-27 i9-7-6 R12 R10.5 H22 MS0.142 AI15 MS0.06 AI32 D0.4 TT60 BR2 AR4.5 ST1800 EC65 R16 CT62	engageRadius=12 leashRadius=10.5 eliteHp=22 meleeMoveSpeed=0.142 meleeAttackInterval=15 shooterMoveSpeed=0.06 shooterAttackInterval=32 eliteDamage=0.4 eliteTelegraphTicks=60 eliteBlastRadius=2 eliteApproachRange=4.5 eliteSpawnTick=1800 absoluteEnemyCap=65 spawnRadius=16 eliteCooldownTicks=62 phases=15-21-27|9-7-6|6:1/3:1/2:1	7	3	2	2		0.818	0.226	0.330	0.262	0	12.48	0.173		skilled 8/8;I2;I3;I8
R e10.5/s14.5 5:1/3:1/3:2 c14-20-26 i8-7-5 R10.5 R11 H20 MS0.14 AI16 MS0.055 AI32 D0.3 TT60 BR2.8 AR4.5 ST1700 EC55 R14.5 CT62	engageRadius=10.5 leashRadius=11 eliteHp=20 meleeMoveSpeed=0.14 meleeAttackInterval=16 shooterMoveSpeed=0.055 shooterAttackInterval=32 eliteDamage=0.3 eliteTelegraphTicks=60 eliteBlastRadius=2.8 eliteApproachRange=4.5 eliteSpawnTick=1700 absoluteEnemyCap=55 spawnRadius=14.5 eliteCooldownTicks=62 phases=14-20-26|8-7-5|5:1/3:1/3:2	7	3	0	0		0.846	0.322	0.358	0.166	0	12.85	0.166		skilled 8/8;I2;I8
R e11/s15 5:1/2:1/1:1 c15-21-27 i10-7-5 R11 R11 H21 MS0.138 AI16 MS0.06 AI30 D0.3 TT60 BR2.8 AR4 ST1800 EC60 R15 CT62	engageRadius=11 leashRadius=11 eliteHp=21 meleeMoveSpeed=0.138 meleeAttackInterval=16 shooterMoveSpeed=0.06 shooterAttackInterval=30 eliteDamage=0.3 eliteTelegraphTicks=60 eliteBlastRadius=2.8 eliteApproachRange=4 eliteSpawnTick=1800 absoluteEnemyCap=60 spawnRadius=15 eliteCooldownTicks=62 phases=15-21-27|10-7-5|5:1/2:1/1:1	8	3	0	1		0.722	0.196	0.313	0.213	0	11.83	0.267		I8
Z0 baseline (as written)		7	1	0	0	8	0.888	0.258	0.353	0.277	0	10.76	0.176	-0.010	skilled 8/8;I2;I8
Z1 engage11/spawn14	engageRadius=11 spawnRadius=14	8	0	0	0	5	0.843	0.247	0.318	0.277	0	11.68	0.200	0.099	I2
Z2 +eliteDamage .3	engageRadius=11 spawnRadius=14 eliteDamage=0.3	8	0	0	0	7	0.840	0.247	0.318	0.275	0	11.67	0.201	0.088	I2
Z3 engage10/spawn14	spawnRadius=14	8	0	0	0	4	0.851	0.247	0.318	0.286	0	11.79	0.201	0.098	I2
Z4 +eliteHp 21	engageRadius=11 spawnRadius=14 eliteHp=21	8	1	0	0	7	0.820	0.247	0.318	0.255	0	11.53	0.200	0.103	I2;I8
Z5 +shooterInterval 32	engageRadius=11 spawnRadius=14 shooterAttackInterval=32	7	2	0	0	7	0.850	0.246	0.319	0.285	0	11.79	0.193	0.081	skilled 8/8;I2;I8
Z6 +absoluteEnemyCap 55	engageRadius=11 spawnRadius=14 absoluteEnemyCap=55	8	0	0	0	5	0.843	0.247	0.318	0.277	0	11.68	0.200	0.099	I2
Z7 +telegraph 60/62	engageRadius=11 spawnRadius=14 eliteTelegraphTicks=60 eliteCooldownTicks=62	7	0	0	0	6	0.879	0.247	0.318	0.313	0	11.88	0.204	0.037	skilled 8/8;I2
Z8 +mix 5:1/3:1/3:2	engageRadius=11 spawnRadius=14 phases=14-20-26|9-7-5|5:1/3:1/3:2	8	2	0	0	7	0.850	0.247	0.318	0.285	0	11.72	0.207	0.052	I2;I8
Z9 +mix 5:1/2:1/1:1	engageRadius=11 spawnRadius=14 phases=14-20-26|9-7-5|5:1/2:1/1:1	6	2	0	0	8	0.900	0.247	0.350	0.303	0	12.13	0.243	-0.058	skilled 8/8;I2;I8
Z10 engage11.5/spawn14	engageRadius=11.5 spawnRadius=14	8	1	0	0	6	0.836	0.247	0.318	0.270	0	11.58	0.202	0.100	I2;I8
Z11 engage11/spawn14.5	engageRadius=11 spawnRadius=14.5	6	2	1	2	8	0.904	0.231	0.321	0.352	0	12.24	0.184	-0.046	skilled 8/8;I2;I3;I8
Z12 engage11/spawn13.5	engageRadius=11 spawnRadius=13.5	6	0	1	1	6	0.898	0.240	0.354	0.305	0	10.91	0.178	0.032	skilled 8/8;I2;I3
Z13 +backlog 14/3	engageRadius=11 spawnRadius=14 backlogSize=14 backlogDrainPerTick=3	8	0	0	0	5	0.843	0.247	0.318	0.278	0	11.67	0.201	0.098	I2
